token,token_type,token_id
NAALADL1,gene,0
REXO2,gene,1
KCNJ6,gene,2
AASS,gene,3
COPS8,gene,4
PDE6A,gene,5
ACKR2,gene,6
LY6G6F-LY6G6D,gene,7
PLEKHG7,gene,8
NR2E3,gene,9
PPM1D,gene,10
RSAD1,gene,11
RTN4R,gene,12
C16orf86,gene,13
MGME1,gene,14
TMEM156,gene,15
MSANTD5,gene,16
YWHAB,gene,17
FAAP24,gene,18
IL23R,gene,19
MSL1,gene,20
ZMYND15,gene,21
SHISAL2B,gene,22
GABRQ,gene,23
BRMS1L,gene,24
TP53TG3F,gene,25
BBS1,gene,26
SEPTIN12,gene,27
DEF6,gene,28
TMEM106C,gene,29
HERC4,gene,30
SHOC2,gene,31
AEN,gene,32
DCUN1D3,gene,33
RHBDD3,gene,34
PIN1,gene,35
STK32C,gene,36
CFAP43,gene,37
LUM,gene,38
DEFB124,gene,39
SSR1,gene,40
MYO10,gene,41
ADGRV1,gene,42
NCKIPSD,gene,43
CACNG5,gene,44
HNF4G,gene,45
NPY1R,gene,46
PRIMPOL,gene,47
DESI1,gene,48
EXOC2,gene,49
SBNO1,gene,50
SLC66A3,gene,51
KRT19,gene,52
ZNF280A,gene,53
IDH2,gene,54
RCAN1,gene,55
CD101,gene,56
PSMF1,gene,57
TDRD15,gene,58
FKBP14,gene,59
FYCO1,gene,60
PSORS1C1,gene,61
GML,gene,62
BRCC3,gene,63
BIRC5,gene,64
GPR150,gene,65
ERO1A,gene,66
MAPK10,gene,67
PRR15,gene,68
FUT5,gene,69
NFKBIZ,gene,70
NID2,gene,71
CHTF8,gene,72
DRAP1,gene,73
PIK3AP1,gene,74
NR0B1,gene,75
CES2,gene,76
POLR2B,gene,77
WASHC5,gene,78
ORAI1,gene,79
CCDC43,gene,80
SNX20,gene,81
UAP1,gene,82
NEDD8-MDP1,gene,83
RPL36,gene,84
SLC19A2,gene,85
IL20RA,gene,86
CAPN8,gene,87
INPP1,gene,88
CKMT1A,gene,89
ALG2,gene,90
STS,gene,91
DEPDC4,gene,92
STRIP1,gene,93
MAPRE3,gene,94
VPS72,gene,95
CHFR,gene,96
PIMREG,gene,97
MEDAG,gene,98
GOLGA6L6,gene,99
TMEM230,gene,100
ZCCHC2,gene,101
NAP1L4,gene,102
FAM151B,gene,103
PSORS1C2,gene,104
SLC35B2,gene,105
CCDC83,gene,106
RAB6D,gene,107
TSNARE1,gene,108
PTGFRN,gene,109
TNFSF13B,gene,110
AMER2,gene,111
STK3,gene,112
SERPINA11,gene,113
LDHAL6A,gene,114
LMO1,gene,115
PCDHA10,gene,116
YBX3,gene,117
ARHGEF16,gene,118
ALG9,gene,119
PALS1,gene,120
RASA4B,gene,121
SLFN12,gene,122
IL12RB1,gene,123
FAM90A22,gene,124
POGZ,gene,125
OR11H1,gene,126
FUT6,gene,127
MAL2,gene,128
LIMS4,gene,129
HSPH1,gene,130
RBMX,gene,131
DDX60,gene,132
MAGEA10,gene,133
OR52E2,gene,134
LBX1,gene,135
PROM1,gene,136
ING4,gene,137
GBP5,gene,138
ITPKB,gene,139
FAAH2,gene,140
DMRT1,gene,141
ACTR8,gene,142
PTPN12,gene,143
FMR1NB,gene,144
KRTAP9-1,gene,145
ENOSF1,gene,146
BCL2L12,gene,147
FOLR1,gene,148
MST1R,gene,149
EDEM2,gene,150
THBS3,gene,151
SIRT5,gene,152
POU2F2,gene,153
SUSD3,gene,154
DIRAS3,gene,155
IRAK1,gene,156
PLEKHM1,gene,157
RHBDF2,gene,158
LEKR1,gene,159
CASP8,gene,160
PCDHAC2,gene,161
NRF1,gene,162
PSTPIP2,gene,163
NDST2,gene,164
FAM187B,gene,165
UBA5,gene,166
TRIM77,gene,167
CPLX2,gene,168
NCBP1,gene,169
GOLGA8B,gene,170
TPRA1,gene,171
CEBPD,gene,172
AMMECR1L,gene,173
RFFL,gene,174
C1QTNF7,gene,175
CACNG1,gene,176
WASHC2C,gene,177
PLPP7,gene,178
LSS,gene,179
OPTN,gene,180
NOD1,gene,181
TPRG1,gene,182
IL15,gene,183
PARP11,gene,184
OR2A7,gene,185
SLC7A10,gene,186
TTC34,gene,187
ZNF718,gene,188
FPR2,gene,189
SAMD3,gene,190
PTPA,gene,191
PHKB,gene,192
ARHGEF4,gene,193
ZNF670,gene,194
TP53BP2,gene,195
HDAC8,gene,196
EXOSC3,gene,197
COL6A6,gene,198
TSSC4,gene,199
RNMT,gene,200
GALNT7,gene,201
SFTPB,gene,202
TNFRSF8,gene,203
FABP2,gene,204
SLC25A14,gene,205
EMD,gene,206
HUWE1,gene,207
GPR183,gene,208
VPS9D1,gene,209
OXCT1,gene,210
NEMP2,gene,211
IFITM2,gene,212
HYAL2,gene,213
EVPL,gene,214
OR9Q2,gene,215
KRTAP9-8,gene,216
SLC13A3,gene,217
PIK3C2G,gene,218
POU5F1B,gene,219
C1QL4,gene,220
SIGLEC15,gene,221
CXCL9,gene,222
PPP1R15A,gene,223
PHF19,gene,224
PPP1R12C,gene,225
KCNQ1,gene,226
ZNF226,gene,227
ANGEL2,gene,228
SMYD3,gene,229
LYPD6B,gene,230
HOXD3,gene,231
LRIT3,gene,232
UNC5CL,gene,233
EMC2,gene,234
CAT,gene,235
HBG1,gene,236
ZFP14,gene,237
NAP1L2,gene,238
PLIN2,gene,239
FRK,gene,240
RAD50,gene,241
LDOC1,gene,242
MLST8,gene,243
GOLT1B,gene,244
OR56B1,gene,245
WASHC4,gene,246
E2F2,gene,247
SMNDC1,gene,248
HMGA1,gene,249
P3H2,gene,250
PSMC3IP,gene,251
TARS1,gene,252
ANKRD27,gene,253
NPY5R,gene,254
FAM90A17,gene,255
LDLRAD3,gene,256
ADAMTS15,gene,257
OSBPL11,gene,258
OR10G8,gene,259
PLVAP,gene,260
CALHM5,gene,261
EHD2,gene,262
SOX14,gene,263
ETV3,gene,264
GUF1,gene,265
BRPF1,gene,266
TM7SF2,gene,267
PANK4,gene,268
LY6G5C,gene,269
MS4A15,gene,270
MAP1S,gene,271
PHYHIPL,gene,272
CD47,gene,273
MFSD12,gene,274
FADS6,gene,275
S100B,gene,276
CRABP1,gene,277
KPRP,gene,278
PARP12,gene,279
SUPT5H,gene,280
NDUFB11,gene,281
MT-CO1,gene,282
NFIC,gene,283
IL17RE,gene,284
GABRG3,gene,285
OR5D14,gene,286
NAXE,gene,287
TCEAL7,gene,288
NCK2,gene,289
FREM2,gene,290
MTNR1A,gene,291
SLC30A8,gene,292
QPCTL,gene,293
ZNF263,gene,294
CEP170B,gene,295
OR6J1,gene,296
GLB1L3,gene,297
MRPS11,gene,298
TENT5C,gene,299
FA2H,gene,300
PRY,gene,301
LRRC51,gene,302
FOXL1,gene,303
TNFAIP6,gene,304
FANCI,gene,305
CR2,gene,306
GSTT2B,gene,307
SCYGR3,gene,308
GLIPR2,gene,309
IPO5,gene,310
EVA1B,gene,311
PHYHD1,gene,312
LDLRAD4,gene,313
TRAF4,gene,314
BTF3L4,gene,315
KCNH4,gene,316
CDK1,gene,317
ATP8A1,gene,318
MTMR12,gene,319
NGRN,gene,320
CCT6B,gene,321
SCARA3,gene,322
GPR141,gene,323
FAM32A,gene,324
ZSCAN9,gene,325
SLMAP,gene,326
ZNG1C,gene,327
G0S2,gene,328
ARHGAP5,gene,329
MEIOB,gene,330
TFG,gene,331
TCAF2C,gene,332
GLYATL3,gene,333
JUP,gene,334
CUL3,gene,335
SCGB2A1,gene,336
SUGP2,gene,337
KRTAP12-1,gene,338
GMNC,gene,339
CEL,gene,340
CDH8,gene,341
RP1L1,gene,342
SPRR2E,gene,343
ILVBL,gene,344
MAB21L1,gene,345
UTRN,gene,346
ZNF92,gene,347
USP2,gene,348
OR51S1,gene,349
VHL,gene,350
ATP8B1,gene,351
OR6C70,gene,352
CD320,gene,353
FBLN1,gene,354
LPAR5,gene,355
SMIM14,gene,356
KLRC2,gene,357
RIMBP3C,gene,358
SSNA1,gene,359
CNPPD1,gene,360
C11orf16,gene,361
ZSCAN4,gene,362
IFT25,gene,363
SMIM13,gene,364
NMNAT1,gene,365
KHDC1,gene,366
C11orf80,gene,367
WNK4,gene,368
VWA1,gene,369
BTRC,gene,370
ARL4D,gene,371
CPT1B,gene,372
RUNX1T1,gene,373
SLCO5A1,gene,374
ATF7-NPFF,gene,375
EEF1AKMT2,gene,376
ADAM11,gene,377
FAM228B,gene,378
KDM5C,gene,379
RNASEH2A,gene,380
TMEM275,gene,381
ABCC10,gene,382
NCAM2,gene,383
INSM2,gene,384
ITGB3,gene,385
FAM3A,gene,386
PITPNA,gene,387
TMEM127,gene,388
SNRPN,gene,389
PIK3R4,gene,390
TIFAB,gene,391
OPN3,gene,392
FAM124B,gene,393
FRAT2,gene,394
SGIP1,gene,395
CISD1,gene,396
KHNYN,gene,397
TNRC18,gene,398
UQCC1,gene,399
SYVN1,gene,400
ZNF175,gene,401
BIRC7,gene,402
CACNA1I,gene,403
MMP14,gene,404
ANTXR2,gene,405
NMRK1,gene,406
STAC3,gene,407
FAM180A,gene,408
GSK3B,gene,409
KCNS2,gene,410
SKA3,gene,411
FAM156B,gene,412
FNDC8,gene,413
MRPL4,gene,414
KLK15,gene,415
PPP2R5A,gene,416
RASSF2,gene,417
ZNF461,gene,418
OR2M2,gene,419
DYNC2I2,gene,420
NIPAL1,gene,421
SMN1,gene,422
MAPK1IP1L,gene,423
XPR1,gene,424
SLC17A8,gene,425
FOLR2,gene,426
CDC42EP2,gene,427
ALPK1,gene,428
AZIN2,gene,429
TTLL6,gene,430
OR2A42,gene,431
MVP,gene,432
ALDOC,gene,433
UVSSA,gene,434
FMN2,gene,435
CSNK1A1L,gene,436
MPP4,gene,437
OR52B4,gene,438
HINT1,gene,439
RASL10A,gene,440
AQP8,gene,441
OR6C68,gene,442
AKR1B1,gene,443
RPL39,gene,444
RNASEH1,gene,445
INSIG1,gene,446
NCEH1,gene,447
GATA2,gene,448
RFX3,gene,449
TBX4,gene,450
WWP2,gene,451
RNF168,gene,452
XRN1,gene,453
CACNA1H,gene,454
HSD3B1,gene,455
RASA4,gene,456
STK38L,gene,457
XIRP2,gene,458
AGBL1,gene,459
DDHD2,gene,460
C14orf132,gene,461
WDR26,gene,462
INSIG2,gene,463
TNFRSF10C,gene,464
SUCLG2,gene,465
STAT5B,gene,466
SMIM33,gene,467
SLC22A1,gene,468
DNLZ,gene,469
GADD45G,gene,470
OR9K2,gene,471
PYHIN1,gene,472
PLCG2,gene,473
SCIMP,gene,474
ZNF554,gene,475
FAF1,gene,476
HSFX4,gene,477
ZIC1,gene,478
SLC6A4,gene,479
CENPVL3,gene,480
LAG3,gene,481
BEST2,gene,482
TRIM39,gene,483
TXNDC9,gene,484
FAM240A,gene,485
NEDD8,gene,486
ERCC4,gene,487
TPSG1,gene,488
GAS2L2,gene,489
AGXT,gene,490
TRABD2B,gene,491
SNTN,gene,492
TMEM89,gene,493
TMSB15A,gene,494
LHX3,gene,495
MOAP1,gene,496
TMEM191C,gene,497
KIZ,gene,498
RHOG,gene,499
STAB1,gene,500
TTLL4,gene,501
PARD3B,gene,502
ZNF207,gene,503
LIN7B,gene,504
PRMT9,gene,505
FAM200C,gene,506
ZFTRAF1,gene,507
YJEFN3,gene,508
CDC34,gene,509
FBXO11,gene,510
DBNDD1,gene,511
LCA5,gene,512
H2BC4,gene,513
DERA,gene,514
SLC26A2,gene,515
STARD3,gene,516
ZNF443,gene,517
GPX7,gene,518
H2BC15,gene,519
GRM4,gene,520
RIN3,gene,521
CYTH1,gene,522
MAP3K8,gene,523
AQP2,gene,524
CDKN1A,gene,525
AKNAD1,gene,526
MED26,gene,527
IL17RA,gene,528
CDHR3,gene,529
USP46,gene,530
CGB7,gene,531
MUSK,gene,532
PNMA3,gene,533
TSKS,gene,534
CD248,gene,535
LMNTD2,gene,536
VSX1,gene,537
MCRS1,gene,538
ATP5MC2,gene,539
NF1,gene,540
FAM90A11P,gene,541
SEMG1,gene,542
ZNF433,gene,543
PPIAL4G,gene,544
LARGE1,gene,545
NUCKS1,gene,546
MDFIC2,gene,547
ADCY6,gene,548
SLITRK1,gene,549
IQCG,gene,550
TMEM179B,gene,551
ALDH6A1,gene,552
GCFC2,gene,553
OR51A2,gene,554
PEF1,gene,555
C9,gene,556
LTN1,gene,557
CACNB1,gene,558
CPS1,gene,559
HEPHL1,gene,560
DNAJB13,gene,561
ANAPC1,gene,562
PLEKHH2,gene,563
IGHV3OR16-17,gene,564
CAPN1,gene,565
RNF121,gene,566
IGLL5,gene,567
SPIN2B,gene,568
CFAP90,gene,569
GALNT13,gene,570
MED23,gene,571
BTBD2,gene,572
KLF13,gene,573
MAPK8IP1,gene,574
STK33,gene,575
FAM216B,gene,576
PEX7,gene,577
PLEKHG1,gene,578
MTMR9,gene,579
ECT2,gene,580
TMEM262,gene,581
SATB1,gene,582
PLEKHA8,gene,583
MBD6,gene,584
MED1,gene,585
SPMIP6,gene,586
F2R,gene,587
PINX1,gene,588
C1orf105,gene,589
PDLIM1,gene,590
FBF1,gene,591
SYPL2,gene,592
BPY2B,gene,593
AKR1C8,gene,594
SLC16A10,gene,595
WNT8A,gene,596
ACSBG1,gene,597
KRT24,gene,598
OR1C1,gene,599
CD3G,gene,600
ELL2,gene,601
ATG4B,gene,602
EFCC1,gene,603
ATP6V1C1,gene,604
HCLS1,gene,605
LGALS16,gene,606
HMGN2,gene,607
ZNF148,gene,608
SCIN,gene,609
NSMF,gene,610
LRRIQ3,gene,611
TENT2,gene,612
NCAPG2,gene,613
ARHGAP11A-SCG5,gene,614
SMYD2,gene,615
TACSTD2,gene,616
LMO4,gene,617
NFU1,gene,618
CYTH3,gene,619
ETV1,gene,620
FCMR,gene,621
HOXA10,gene,622
CIZ1,gene,623
INTS13,gene,624
SLC17A9,gene,625
MGST3,gene,626
ATXN3,gene,627
FHL3,gene,628
CNTNAP2,gene,629
CCDC82,gene,630
ZNF442,gene,631
CHRNA5,gene,632
BPNT1,gene,633
MRPL45,gene,634
VIL1,gene,635
RAB33B,gene,636
FGFR2,gene,637
FKBPL,gene,638
MTBP,gene,639
HHIPL1,gene,640
GADD45B,gene,641
ELP4,gene,642
GADD45A,gene,643
CSF2RB,gene,644
SLC35D2,gene,645
ARHGEF7,gene,646
RAP1A,gene,647
APPL2,gene,648
KRTAP24-1,gene,649
SULT1C2,gene,650
SLC7A2,gene,651
SPMAP2L,gene,652
CMC1,gene,653
CELSR1,gene,654
TMEM129,gene,655
KCNN4,gene,656
ABHD13,gene,657
CHUK,gene,658
CENPM,gene,659
BDNF,gene,660
GABPA,gene,661
DNAH6,gene,662
L3MBTL4,gene,663
ZNF600,gene,664
EED,gene,665
LRRFIP1,gene,666
KLHL28,gene,667
ETV2,gene,668
NDRG2,gene,669
UPF1,gene,670
RECQL4,gene,671
TSPAN32,gene,672
PIH1D1,gene,673
DMP1,gene,674
AP2M1,gene,675
KLHL40,gene,676
TBPL1,gene,677
GHR,gene,678
PDK3,gene,679
ANAPC16,gene,680
MGST1,gene,681
OR4D6,gene,682
ADPRM,gene,683
BCL11B,gene,684
YIPF1,gene,685
HSPA4L,gene,686
EPN1,gene,687
PON2,gene,688
SUPT4H1,gene,689
C1orf43,gene,690
TREH,gene,691
KLHL24,gene,692
HOMEZ,gene,693
GBP2,gene,694
TUBGCP6,gene,695
TMEM182,gene,696
TRMT2B,gene,697
ZFHX4,gene,698
SMYD4,gene,699
RHOXF2B,gene,700
POMK,gene,701
GABRB1,gene,702
GNG11,gene,703
MAGEA11,gene,704
SOBP,gene,705
EEA1,gene,706
LCE1C,gene,707
FAM8A1,gene,708
SCP2,gene,709
GSDMC,gene,710
PIAS1,gene,711
TSPY10,gene,712
KRTAP20-3,gene,713
CMTM6,gene,714
ADAR,gene,715
AZIN1,gene,716
IFNA7,gene,717
CLDN10,gene,718
LARP1,gene,719
NGDN,gene,720
FZR1,gene,721
NUFIP2,gene,722
GLB1,gene,723
RBKS,gene,724
NRP2,gene,725
PKD2,gene,726
UBE2O,gene,727
IL13RA1,gene,728
RFESD,gene,729
LHX4,gene,730
HOXD13,gene,731
MST1,gene,732
SPTA1,gene,733
OMD,gene,734
TENM4,gene,735
SLC25A13,gene,736
PRAMEF8,gene,737
RNF26,gene,738
MACROD2,gene,739
SLC14A1,gene,740
TM4SF18,gene,741
KRT79,gene,742
KRTAP10-3,gene,743
ZNF804B,gene,744
CTIF,gene,745
ADGRD1,gene,746
KRTAP3-2,gene,747
ELMOD3,gene,748
RHBDL2,gene,749
MLANA,gene,750
TOMM6,gene,751
EFNA4-EFNA3,gene,752
CT45A1,gene,753
UBR4,gene,754
WFDC10A,gene,755
BCL6B,gene,756
ADCY4,gene,757
RPEL1,gene,758
MYL10,gene,759
FGD5,gene,760
MAG,gene,761
SEC14L3,gene,762
HENMT1,gene,763
KCNE2,gene,764
CARS2,gene,765
CHST6,gene,766
MTCP1,gene,767
TLR3,gene,768
WASF3,gene,769
COL19A1,gene,770
ARHGAP26,gene,771
ZNF878,gene,772
ZNF530,gene,773
CEP15,gene,774
ANKRD61,gene,775
NCALD,gene,776
A1CF,gene,777
BVES,gene,778
GJA1,gene,779
ANKRD16,gene,780
LRRC10B,gene,781
EHD1,gene,782
OR4K5,gene,783
CRNN,gene,784
MYLK2,gene,785
HIC2,gene,786
CCHCR1,gene,787
BSPRY,gene,788
YME1L1,gene,789
FOSB,gene,790
SPOCD1,gene,791
FBXL22,gene,792
NEUROG1,gene,793
CLDN6,gene,794
LYPD8,gene,795
CAPN14,gene,796
TRMT6,gene,797
BMF,gene,798
OR6A2,gene,799
NPW,gene,800
NKX6-1,gene,801
ECHDC2,gene,802
M6PR,gene,803
ALDH3A2,gene,804
ZMAT3,gene,805
BBS5,gene,806
HIBCH,gene,807
RAB25,gene,808
KBTBD7,gene,809
FFAR2,gene,810
SERTM2,gene,811
PTCD3,gene,812
ORM1,gene,813
RAB40B,gene,814
IQCF3,gene,815
CEP44,gene,816
MAGEA9,gene,817
COMT,gene,818
ZNF804A,gene,819
HYAL1,gene,820
LZTFL1,gene,821
RASA1,gene,822
FBXW10,gene,823
TYR,gene,824
RAE1,gene,825
CCDC97,gene,826
P2RY10,gene,827
CARMIL2,gene,828
URB2,gene,829
ARMC9,gene,830
NUB1,gene,831
SCRN3,gene,832
PLA2G2F,gene,833
C3orf33,gene,834
MTHFS,gene,835
IDO1,gene,836
SERPINB11,gene,837
KANK2,gene,838
DHCR24,gene,839
TAF9,gene,840
LSR,gene,841
RELB,gene,842
CASP10,gene,843
PRR5,gene,844
HSPB2,gene,845
HYOU1,gene,846
WNT3,gene,847
CMBL,gene,848
SLC39A5,gene,849
DECR1,gene,850
SLC35F3,gene,851
DNAJC22,gene,852
SOCS7,gene,853
GAGE12C,gene,854
TNRC6B,gene,855
THEM4,gene,856
SPMIP9,gene,857
NPM3,gene,858
FAM117A,gene,859
CDX4,gene,860
PRR12,gene,861
PHLDA2,gene,862
SLC25A44,gene,863
POLR2G,gene,864
SLC25A30,gene,865
DTNA,gene,866
HMGN4,gene,867
TMSB4X,gene,868
SMPD1,gene,869
HMX3,gene,870
RBM47,gene,871
MSX1,gene,872
CGGBP1,gene,873
ETS1,gene,874
KTN1,gene,875
DDX1,gene,876
ACAD9,gene,877
KIR3DL2,gene,878
SLCO6A1,gene,879
COPB1,gene,880
ABLIM1,gene,881
DARS1,gene,882
CT45A6,gene,883
FEM1B,gene,884
TNFSF18,gene,885
PELI3,gene,886
ACSM3,gene,887
HK1,gene,888
OR5K1,gene,889
SCAMP2,gene,890
DIP2A,gene,891
EVC2,gene,892
PROCA1,gene,893
AKAP12,gene,894
SPDYE18,gene,895
MAEL,gene,896
VCX3B,gene,897
NR1H3,gene,898
OR4F4,gene,899
SERPINB4,gene,900
PNMA8A,gene,901
EMC10,gene,902
SOX30,gene,903
RNPS1,gene,904
IL10RB,gene,905
LGALSL,gene,906
HMCN1,gene,907
SNX21,gene,908
COX15,gene,909
LSM7,gene,910
FRY,gene,911
SAR1B,gene,912
SHROOM1,gene,913
TAMM41,gene,914
TGFBI,gene,915
SYT3,gene,916
MT1M,gene,917
UBR7,gene,918
EFNA5,gene,919
BTN1A1,gene,920
QNG1,gene,921
PRSS58,gene,922
ZNF703,gene,923
SYT15,gene,924
NPPA,gene,925
CYFIP2,gene,926
DUSP2,gene,927
ZNF444,gene,928
EXOSC6,gene,929
TTC12,gene,930
RAC2,gene,931
ADGRL2,gene,932
EI24,gene,933
TCEAL1,gene,934
OPRD1,gene,935
SDHB,gene,936
CFAP74,gene,937
LRR1,gene,938
FCER1G,gene,939
STIP1,gene,940
UBXN6,gene,941
GPR142,gene,942
PCK2,gene,943
PRR19,gene,944
PRAMEF18,gene,945
MAP4,gene,946
CCDC127,gene,947
TACO1,gene,948
ATP1B3,gene,949
IQCF5,gene,950
ZNF23,gene,951
C1QTNF8,gene,952
SLC9A8,gene,953
SLC12A4,gene,954
DIMT1,gene,955
PKD2L2,gene,956
CENPQ,gene,957
ZBTB45,gene,958
RRP1,gene,959
ULK1,gene,960
PCSK6,gene,961
HBQ1,gene,962
SAMD7,gene,963
KDM2A,gene,964
OR6K6,gene,965
FIGLA,gene,966
GMEB1,gene,967
HSF5,gene,968
SRP72,gene,969
HAPSTR1,gene,970
MICB,gene,971
ACBD3,gene,972
ATXN1L,gene,973
STPG1,gene,974
TFB2M,gene,975
CYB5RL,gene,976
CCS,gene,977
BHLHE22,gene,978
FAM241A,gene,979
CRIM1,gene,980
PHACTR3,gene,981
HSD17B3,gene,982
C7orf57,gene,983
FAM200B,gene,984
ARHGEF33,gene,985
CEP95,gene,986
OSM,gene,987
STOML1,gene,988
DNAJB1,gene,989
HCFC2,gene,990
DHPS,gene,991
VTI1A,gene,992
CALCOCO1,gene,993
ZNF749,gene,994
ARK2C,gene,995
RSC1A1,gene,996
CLIC5,gene,997
ZSWIM7,gene,998
BCAN,gene,999
FERMT3,gene,1000
F5,gene,1001
ACTG2,gene,1002
SGCE,gene,1003
MPP2,gene,1004
APEX2,gene,1005
PTBP1,gene,1006
VHLL,gene,1007
HAS3,gene,1008
KLHL20,gene,1009
RNF151,gene,1010
ZMIZ1,gene,1011
GOLGA6A,gene,1012
SHISAL2A,gene,1013
ZNF276,gene,1014
SGSH,gene,1015
IRAK1BP1,gene,1016
ITIH2,gene,1017
NME4,gene,1018
PHF1,gene,1019
DNAJC21,gene,1020
HABP2,gene,1021
GALNT8,gene,1022
CDT1,gene,1023
ADRA1D,gene,1024
PFKM,gene,1025
JAK2,gene,1026
SYNE2,gene,1027
WFIKKN1,gene,1028
QTRT1,gene,1029
CNBP,gene,1030
MOSPD2,gene,1031
ACP7,gene,1032
MSANTD2,gene,1033
CLEC17A,gene,1034
CD2,gene,1035
LGI3,gene,1036
ZFP41,gene,1037
RBBP9,gene,1038
LAMC3,gene,1039
PSMD10,gene,1040
GUCY2C,gene,1041
PRELID2,gene,1042
LDHC,gene,1043
CENPA,gene,1044
NUP85,gene,1045
FEZ1,gene,1046
PROKR2,gene,1047
JAK1,gene,1048
HTR1B,gene,1049
IL15RA,gene,1050
FPGS,gene,1051
CRYGC,gene,1052
RNF207,gene,1053
MAPK9,gene,1054
TMPO,gene,1055
TARM1,gene,1056
RNF123,gene,1057
KHSRP,gene,1058
USP17L17,gene,1059
UGT3A2,gene,1060
TYW1,gene,1061
CAMTA1,gene,1062
GCNA,gene,1063
KLHL15,gene,1064
CSKMT,gene,1065
USP8,gene,1066
C1QB,gene,1067
KRT10,gene,1068
C11orf24,gene,1069
MYOCOS,gene,1070
C11orf58,gene,1071
PCYT1A,gene,1072
UBE4A,gene,1073
MYO1E,gene,1074
PRICKLE2,gene,1075
KDM3B,gene,1076
PLAUR,gene,1077
MSH4,gene,1078
UPK2,gene,1079
FGG,gene,1080
POTEE,gene,1081
CCDC13,gene,1082
PWP1,gene,1083
RBMY1A1,gene,1084
GNMT,gene,1085
XDH,gene,1086
RASGRF2,gene,1087
SAP30,gene,1088
PTGR3,gene,1089
KIFAP3,gene,1090
FTO,gene,1091
LAPTM4B,gene,1092
MZF1,gene,1093
RORA,gene,1094
SLA2,gene,1095
PRAMEF19,gene,1096
AP3S1,gene,1097
SLC18A3,gene,1098
SCGB3A1,gene,1099
SLC6A6,gene,1100
RABGGTA,gene,1101
CDK12,gene,1102
REC8,gene,1103
PDIA6,gene,1104
DEFB107A,gene,1105
ZNF584,gene,1106
HLA-DPA1,gene,1107
BAZ2A,gene,1108
GRWD1,gene,1109
ZNF684,gene,1110
PKDCC,gene,1111
CDKN2A,gene,1112
LY75-CD302,gene,1113
LRRC34,gene,1114
POLR2J2,gene,1115
NCKAP5L,gene,1116
C15orf61,gene,1117
TNRC6C,gene,1118
FADD,gene,1119
COLGALT1,gene,1120
COQ8B,gene,1121
TSPY9,gene,1122
RGPD8,gene,1123
LRATD1,gene,1124
DAB1,gene,1125
ARPIN,gene,1126
GGT1,gene,1127
TRIM58,gene,1128
FAM234A,gene,1129
TNFSF12-TNFSF13,gene,1130
PDYN,gene,1131
CSDE1,gene,1132
ITGA10,gene,1133
ZDHHC7,gene,1134
SPPL2B,gene,1135
TRPA1,gene,1136
DENND4A,gene,1137
BEX5,gene,1138
EPHX4,gene,1139
PRDM1,gene,1140
SPATA32,gene,1141
RNF157,gene,1142
PAM16,gene,1143
PABPC4,gene,1144
FAM90A15P,gene,1145
ZNF483,gene,1146
KCP,gene,1147
IRF6,gene,1148
S100A16,gene,1149
SMOX,gene,1150
FAM167B,gene,1151
HSFY1,gene,1152
ZNF716,gene,1153
ARHGAP11B,gene,1154
GID8,gene,1155
NFYA,gene,1156
TEX13A,gene,1157
WDR88,gene,1158
MINK1,gene,1159
CTSZ,gene,1160
ZNF730,gene,1161
OR56A5,gene,1162
EGR3,gene,1163
ANKRA2,gene,1164
CFAP100,gene,1165
CPEB3,gene,1166
HTR3B,gene,1167
GPR157,gene,1168
TENM3,gene,1169
CIITA,gene,1170
NXPE1,gene,1171
TRIP12,gene,1172
CYP2F1,gene,1173
LCT,gene,1174
ZNF345,gene,1175
MINAR2,gene,1176
CARF,gene,1177
ZP4,gene,1178
LRP12,gene,1179
CST9,gene,1180
UMODL1,gene,1181
CUL2,gene,1182
SPAM1,gene,1183
CAV3,gene,1184
HS3ST1,gene,1185
HPGD,gene,1186
FOXK1,gene,1187
NTRK2,gene,1188
CIB1,gene,1189
CD84,gene,1190
C8orf76,gene,1191
CD72,gene,1192
CCDC88C,gene,1193
SCUBE1,gene,1194
MEIOC,gene,1195
FAT2,gene,1196
CDC25C,gene,1197
ALG14,gene,1198
BMPER,gene,1199
LDB1,gene,1200
JADE3,gene,1201
AIRE,gene,1202
CHRNB3,gene,1203
MAGEA9B,gene,1204
NRROS,gene,1205
TUBG1,gene,1206
ENOX2,gene,1207
DNTT,gene,1208
PERP,gene,1209
PID1,gene,1210
KLF18,gene,1211
NTRK3,gene,1212
TRNAU1AP,gene,1213
CBFA2T3,gene,1214
AGO4,gene,1215
TGFBR3,gene,1216
NEK11,gene,1217
LTK,gene,1218
MRPS24,gene,1219
SLCO1B3,gene,1220
CACYBP,gene,1221
LSM14A,gene,1222
ATP13A1,gene,1223
BCL3,gene,1224
SIGLEC10,gene,1225
SCYL2,gene,1226
KIAA1522,gene,1227
PDGFD,gene,1228
TMEM266,gene,1229
DOT1L,gene,1230
CTRL,gene,1231
LRIF1,gene,1232
PLPP6,gene,1233
BTN3A2,gene,1234
NPAS4,gene,1235
BAG3,gene,1236
NHP2,gene,1237
HCRTR2,gene,1238
RAG2,gene,1239
TBC1D10B,gene,1240
ZCWPW1,gene,1241
SEMA4D,gene,1242
ZNF460,gene,1243
CT47B1,gene,1244
MANEA,gene,1245
HLA-C,gene,1246
PUS10,gene,1247
ERF,gene,1248
ACSM6,gene,1249
GABRG1,gene,1250
CSRNP1,gene,1251
SPATA6L,gene,1252
TSPAN15,gene,1253
PCDHB7,gene,1254
LOX,gene,1255
FGL2,gene,1256
SYT7,gene,1257
GNAT3,gene,1258
CASP4,gene,1259
DR1,gene,1260
GNG12,gene,1261
IRF5,gene,1262
ZNF852,gene,1263
LSM10,gene,1264
NRM,gene,1265
TMEM30A,gene,1266
GAGE12H,gene,1267
IFIT2,gene,1268
PRM1,gene,1269
PEX19,gene,1270
ARPC4,gene,1271
C1QTNF2,gene,1272
ULK3,gene,1273
FBXO47,gene,1274
PPAN-P2RY11,gene,1275
VAX2,gene,1276
INSL3,gene,1277
SLC22A12,gene,1278
GPRC5A,gene,1279
MCM3AP,gene,1280
PGA3,gene,1281
PLAG1,gene,1282
APAF1,gene,1283
WASHC3,gene,1284
PCDHA7,gene,1285
NPIPA7,gene,1286
SLN,gene,1287
UPP2,gene,1288
HES1,gene,1289
LATS2,gene,1290
CD164L2,gene,1291
C5orf15,gene,1292
GRIN2A,gene,1293
NPHP1,gene,1294
OR8D4,gene,1295
MTHFD1,gene,1296
INPP5E,gene,1297
TP53INP1,gene,1298
C17orf113,gene,1299
CFAP299,gene,1300
MAEA,gene,1301
ATP10B,gene,1302
LONRF1,gene,1303
IGBP1C,gene,1304
PCED1B,gene,1305
KRTAP21-2,gene,1306
EGF,gene,1307
FDCSP,gene,1308
ZFPM1,gene,1309
PITPNB,gene,1310
SYP,gene,1311
RGP1,gene,1312
NEURL2,gene,1313
ACSM1,gene,1314
SESN3,gene,1315
ELMOD2,gene,1316
SLC2A6,gene,1317
METTL17,gene,1318
ASPA,gene,1319
GALC,gene,1320
SERBP1,gene,1321
KCNK9,gene,1322
AP5S1,gene,1323
RPS23,gene,1324
OTP,gene,1325
ALKBH5,gene,1326
MBNL3,gene,1327
TIGD5,gene,1328
OR2A1,gene,1329
PAGE5,gene,1330
RABIF,gene,1331
CHN1,gene,1332
CCDC74B,gene,1333
PDCD5,gene,1334
TMEM215,gene,1335
RXRA,gene,1336
SHCBP1,gene,1337
ANKRD40CL,gene,1338
JAZF1,gene,1339
NPAT,gene,1340
ANKUB1,gene,1341
LRRC53,gene,1342
NAPRT,gene,1343
RC3H1,gene,1344
TIGD1,gene,1345
SUGCT,gene,1346
RTN4RL2,gene,1347
MCM3,gene,1348
NXPH1,gene,1349
OR4D11,gene,1350
CPNE2,gene,1351
SPATA31D4,gene,1352
EEF1A1,gene,1353
MRTFB,gene,1354
LBP,gene,1355
NKIRAS1,gene,1356
PPP2R3C,gene,1357
ZCCHC9,gene,1358
MYH8,gene,1359
TBC1D15,gene,1360
SYNRG,gene,1361
PRRG2,gene,1362
PLCZ1,gene,1363
DKK3,gene,1364
RPS6KA2,gene,1365
IGSF23,gene,1366
PDXP,gene,1367
FUT1,gene,1368
NR2C2AP,gene,1369
OMA1,gene,1370
SPADH,gene,1371
TSTD3,gene,1372
OTUD7A,gene,1373
RFPL4A,gene,1374
CASP6,gene,1375
RPS6KL1,gene,1376
ZNF24,gene,1377
ZNF821,gene,1378
SVIP,gene,1379
SPINT3,gene,1380
HES4,gene,1381
GRK2,gene,1382
SH2D1B,gene,1383
LNX1,gene,1384
PDXDC1,gene,1385
MISP,gene,1386
MOG,gene,1387
SRSF2,gene,1388
LMTK3,gene,1389
KRT6A,gene,1390
IDS,gene,1391
LCA5L,gene,1392
TLL1,gene,1393
FAM9C,gene,1394
CYP26C1,gene,1395
KLF1,gene,1396
WNT7B,gene,1397
SEL1L3,gene,1398
DBH,gene,1399
APELA,gene,1400
CWC27,gene,1401
SQLE,gene,1402
TRIM32,gene,1403
DPYSL4,gene,1404
DPM1,gene,1405
DHDDS,gene,1406
ARPC1B,gene,1407
DNAH10,gene,1408
TDRD10,gene,1409
RAB19,gene,1410
TASOR,gene,1411
MAP3K7,gene,1412
NDUFA1,gene,1413
LHX1,gene,1414
SDR9C7,gene,1415
ACOX1,gene,1416
LGSN,gene,1417
EXD3,gene,1418
NOC3L,gene,1419
KCNN3,gene,1420
TNFSF9,gene,1421
SPDYA,gene,1422
C4B,gene,1423
GPC6,gene,1424
GFAP,gene,1425
OR1A1,gene,1426
METAP1D,gene,1427
AMPD3,gene,1428
ALDH4A1,gene,1429
TMEM220,gene,1430
AARS1,gene,1431
RHPN2,gene,1432
KPLCE,gene,1433
CIMIP2C,gene,1434
OR9A2,gene,1435
MOB2,gene,1436
TBCD,gene,1437
RESF1,gene,1438
SYT9,gene,1439
OR2W3,gene,1440
NOSTRIN,gene,1441
WNK3,gene,1442
MAGEC2,gene,1443
CCNI2,gene,1444
SMIM23,gene,1445
KIF5A,gene,1446
LY6E,gene,1447
TRIM66,gene,1448
MICU3,gene,1449
LARP1B,gene,1450
POTED,gene,1451
RAB12,gene,1452
IFNA4,gene,1453
TACC3,gene,1454
PLEKHA7,gene,1455
CST1,gene,1456
MAGI1,gene,1457
NCAN,gene,1458
HEXIM1,gene,1459
ZDHHC11B,gene,1460
NUP58,gene,1461
ZDHHC3,gene,1462
SMIM22,gene,1463
ZNF395,gene,1464
SLC23A2,gene,1465
TCEA2,gene,1466
PIN4,gene,1467
FNBP4,gene,1468
NHLRC4,gene,1469
RFPL3,gene,1470
DTYMK,gene,1471
AHSP,gene,1472
HMOX1,gene,1473
ARMH2,gene,1474
DGKA,gene,1475
ANXA9,gene,1476
FAM149B1,gene,1477
CLEC4C,gene,1478
RNF6,gene,1479
JAKMIP3,gene,1480
NUP133,gene,1481
RIC1,gene,1482
MOV10,gene,1483
TMEM9B,gene,1484
RSPH4A,gene,1485
SLK,gene,1486
ZFHX3,gene,1487
CWH43,gene,1488
SHFL,gene,1489
DAGLA,gene,1490
PGAM1,gene,1491
DLX4,gene,1492
EPB41,gene,1493
NT5C3B,gene,1494
SELENOH,gene,1495
BSG,gene,1496
CDK2AP1,gene,1497
AFF2,gene,1498
SEC23IP,gene,1499
GAL3ST2,gene,1500
SWT1,gene,1501
SMC2,gene,1502
CLEC1A,gene,1503
RPL37,gene,1504
TRIM55,gene,1505
KIFC2,gene,1506
ALG10B,gene,1507
DUSP8,gene,1508
ERVH48-1,gene,1509
SHE,gene,1510
GAP43,gene,1511
C1orf50,gene,1512
POC1B,gene,1513
ZNF100,gene,1514
HTR7,gene,1515
CCNO,gene,1516
UTP15,gene,1517
MS4A3,gene,1518
TYW1B,gene,1519
PRPF4B,gene,1520
NTPCR,gene,1521
MINDY4,gene,1522
TCERG1,gene,1523
PABPC1,gene,1524
PANX3,gene,1525
GP5,gene,1526
NKX1-1,gene,1527
NUDT4,gene,1528
PHF7,gene,1529
FGF19,gene,1530
OR2B2,gene,1531
UBE2L5,gene,1532
IRAG1,gene,1533
CAPN11,gene,1534
REPS1,gene,1535
TMEM62,gene,1536
PTGES3,gene,1537
IL1B,gene,1538
IL22,gene,1539
HIP1R,gene,1540
TRIM67,gene,1541
H2BC13,gene,1542
LAPTM4A,gene,1543
OR56A1,gene,1544
SFXN5,gene,1545
ATP12A,gene,1546
CRB3,gene,1547
CLIP3,gene,1548
MTTP,gene,1549
TAF11L10,gene,1550
ARID1A,gene,1551
CHMP4B,gene,1552
SMTN,gene,1553
BRD2,gene,1554
CFAP36,gene,1555
GPC3,gene,1556
OR13H1,gene,1557
CPT1C,gene,1558
LYSMD4,gene,1559
REG4,gene,1560
NBR1,gene,1561
ERI3,gene,1562
OR6F1,gene,1563
SLC46A1,gene,1564
APEH,gene,1565
CTNNBL1,gene,1566
ANHX,gene,1567
TTLL3,gene,1568
OR13C4,gene,1569
CREBBP,gene,1570
NMB,gene,1571
C22orf31,gene,1572
PFN1,gene,1573
H2AC13,gene,1574
BEX3,gene,1575
VPS26B,gene,1576
UBALD2,gene,1577
PLCL2,gene,1578
CLPTM1L,gene,1579
PATZ1,gene,1580
CCNDBP1,gene,1581
IL12RB2,gene,1582
TOX,gene,1583
WNT2,gene,1584
IL17RC,gene,1585
SEMA4A,gene,1586
YAP1,gene,1587
CDH16,gene,1588
RMND5B,gene,1589
ERBB3,gene,1590
TMEM147,gene,1591
KRT86,gene,1592
GARS1,gene,1593
CELF5,gene,1594
H3C10,gene,1595
STXBP4,gene,1596
LINC02210-CRHR1,gene,1597
REEP6,gene,1598
SYN3,gene,1599
DIPK1A,gene,1600
ALAS2,gene,1601
TMEM213,gene,1602
CYBC1,gene,1603
MIA3,gene,1604
USP22,gene,1605
PRG4,gene,1606
KIF24,gene,1607
GPR17,gene,1608
USP17L11,gene,1609
PTPRD,gene,1610
FIRRM,gene,1611
TCHHL1,gene,1612
MRTO4,gene,1613
C1orf141,gene,1614
C1orf122,gene,1615
PTPRN2,gene,1616
FAM90A7,gene,1617
KCNJ1,gene,1618
C1QTNF9,gene,1619
CSPG4,gene,1620
RHEB,gene,1621
ERICH5,gene,1622
CFAP47,gene,1623
C17orf99,gene,1624
DNAJB4,gene,1625
COL22A1,gene,1626
ZBED4,gene,1627
UTP23,gene,1628
ARF1,gene,1629
OR10G4,gene,1630
NEU2,gene,1631
SP7,gene,1632
SETD2,gene,1633
WDR20,gene,1634
ASCL3,gene,1635
GPATCH3,gene,1636
LMAN1L,gene,1637
COX6A2,gene,1638
TNFAIP1,gene,1639
C2CD3,gene,1640
ZNF428,gene,1641
ARMC12,gene,1642
ATP5MGL,gene,1643
TMEM265,gene,1644
HBA2,gene,1645
BEND5,gene,1646
ZNF510,gene,1647
ATP13A5,gene,1648
PTK7,gene,1649
ZHX1-C8orf76,gene,1650
TMEM140,gene,1651
SDR39U1,gene,1652
ZNF626,gene,1653
HPX,gene,1654
TEX50,gene,1655
DMAC2,gene,1656
QSER1,gene,1657
NFKBIL1,gene,1658
ACRBP,gene,1659
RBP1,gene,1660
TRAPPC12,gene,1661
CACNA1C,gene,1662
CD109,gene,1663
DERPC,gene,1664
LSM3,gene,1665
STAP1,gene,1666
MKRN1,gene,1667
TNNC2,gene,1668
GCNT7,gene,1669
BCO1,gene,1670
DNAJC1,gene,1671
HAGH,gene,1672
ZBTB7B,gene,1673
PREX2,gene,1674
TESK1,gene,1675
CD1C,gene,1676
ELOVL1,gene,1677
NUDCD2,gene,1678
SLC25A26,gene,1679
CCL19,gene,1680
TNPO2,gene,1681
EDDM3A,gene,1682
ZNF598,gene,1683
CALY,gene,1684
SLC2A11,gene,1685
ARF5,gene,1686
MARCHF8,gene,1687
XPC,gene,1688
HSPD1,gene,1689
HOXD11,gene,1690
MMP20,gene,1691
STAT3,gene,1692
RPL27,gene,1693
DLL1,gene,1694
MYO1A,gene,1695
TREM1,gene,1696
ZDHHC17,gene,1697
OR2AG1,gene,1698
ACAD10,gene,1699
APOA5,gene,1700
ZNF785,gene,1701
MBTD1,gene,1702
ANKRD33,gene,1703
TBC1D8B,gene,1704
MS4A13,gene,1705
RTL9,gene,1706
H4C5,gene,1707
THRSP,gene,1708
TMEM25,gene,1709
RIT2,gene,1710
CPLANE1,gene,1711
KRTAP5-2,gene,1712
ADAMTS12,gene,1713
EFCAB9,gene,1714
RWDD1,gene,1715
IL3RA,gene,1716
PTPN11,gene,1717
TP53I13,gene,1718
OTUD6A,gene,1719
SNAPIN,gene,1720
CAP1,gene,1721
TCL1A,gene,1722
CFAP99,gene,1723
WDR5,gene,1724
PAIP2B,gene,1725
LCE6A,gene,1726
RBX1,gene,1727
TMEM14A,gene,1728
HIGD2A,gene,1729
PPP1R36,gene,1730
IFT88,gene,1731
INHA,gene,1732
UBXN7,gene,1733
SUMO3,gene,1734
SLC35D3,gene,1735
CWF19L2,gene,1736
GOLGA6L24,gene,1737
POLR3K,gene,1738
IFI6,gene,1739
BAP1,gene,1740
LRRC1,gene,1741
CCDC85C,gene,1742
BORCS8-MEF2B,gene,1743
PLA2G3,gene,1744
GPLD1,gene,1745
NLRC5,gene,1746
CHRM4,gene,1747
KIAA1143,gene,1748
ESR2,gene,1749
CX3CL1,gene,1750
MOSPD3,gene,1751
TOPBP1,gene,1752
RREB1,gene,1753
H2AC14,gene,1754
RHOD,gene,1755
HLA-DQA1,gene,1756
TLR6,gene,1757
BLVRB,gene,1758
MMP7,gene,1759
MTRFR,gene,1760
ZNF577,gene,1761
HPCAL4,gene,1762
DPH3,gene,1763
C1orf210,gene,1764
RNF180,gene,1765
MLNR,gene,1766
KCNK18,gene,1767
DNTTIP2,gene,1768
BATF3,gene,1769
JHY,gene,1770
STAG2,gene,1771
KRT33B,gene,1772
ALDH1B1,gene,1773
GMPR2,gene,1774
P3H4,gene,1775
ZNF569,gene,1776
OR2F2,gene,1777
NUDT22,gene,1778
KRT82,gene,1779
CLDN16,gene,1780
KRTAP4-6,gene,1781
LALBA,gene,1782
ZNF764,gene,1783
DISP1,gene,1784
POMGNT1,gene,1785
SCYGR7,gene,1786
PBXIP1,gene,1787
RBM33,gene,1788
XRCC3,gene,1789
GRN,gene,1790
CDH4,gene,1791
SUPV3L1,gene,1792
C16orf74,gene,1793
SDCCAG8,gene,1794
ASIC3,gene,1795
MTARC1,gene,1796
CPLX4,gene,1797
CASP14,gene,1798
ATG3,gene,1799
CCDC126,gene,1800
PPP3CA,gene,1801
PAX6,gene,1802
OCLN,gene,1803
POLE4,gene,1804
CTBP1,gene,1805
TRNT1,gene,1806
ZPR1,gene,1807
ZNF526,gene,1808
ANAPC11,gene,1809
TMEM106A,gene,1810
GGPS1,gene,1811
SAC3D1,gene,1812
IL24,gene,1813
TNFSF14,gene,1814
SCYGR2,gene,1815
COMMD3,gene,1816
CYP2J2,gene,1817
SLF2,gene,1818
GLYATL1,gene,1819
NCOA4,gene,1820
SWSAP1,gene,1821
MGAT4A,gene,1822
UBASH3A,gene,1823
CNMD,gene,1824
RASL11B,gene,1825
FTMT,gene,1826
TMEM63B,gene,1827
NEXMIF,gene,1828
USP5,gene,1829
OR5M8,gene,1830
FOLR3,gene,1831
PDZD9,gene,1832
SNTB2,gene,1833
ZNF723,gene,1834
CKMT1B,gene,1835
USP51,gene,1836
WDR64,gene,1837
ATP6V1B1,gene,1838
GLT1D1,gene,1839
LPO,gene,1840
FBXL2,gene,1841
VWDE,gene,1842
OR7C2,gene,1843
FHOD3,gene,1844
CST11,gene,1845
RELA,gene,1846
LRRC17,gene,1847
ZYG11B,gene,1848
SSX5,gene,1849
PHOX2A,gene,1850
NXT2,gene,1851
ADGRA1,gene,1852
MED24,gene,1853
TNKS,gene,1854
ZDHHC15,gene,1855
CCDC50,gene,1856
BMP2,gene,1857
PGA5,gene,1858
DDX51,gene,1859
OR6C65,gene,1860
HAND2,gene,1861
SOHLH2,gene,1862
MEX3D,gene,1863
OR14A2,gene,1864
SCART1,gene,1865
RUFY2,gene,1866
SPNS2,gene,1867
CATSPERE,gene,1868
H4C8,gene,1869
CENPC,gene,1870
SERPING1,gene,1871
PNMA1,gene,1872
PLCE1,gene,1873
FAM149A,gene,1874
FAM216A,gene,1875
CYP4V2,gene,1876
ATP6V0B,gene,1877
ZNF556,gene,1878
NIPSNAP2,gene,1879
EPB42,gene,1880
NOL10,gene,1881
CACFD1,gene,1882
KCNQ2,gene,1883
RAPGEF2,gene,1884
DYNC1LI1,gene,1885
PRKCQ,gene,1886
PIGP,gene,1887
KLRC3,gene,1888
CCDC86,gene,1889
OR52E6,gene,1890
LRRC74A,gene,1891
TYW5,gene,1892
CHD9,gene,1893
UBP1,gene,1894
CALCA,gene,1895
TRAK1,gene,1896
BIN3,gene,1897
FAM72B,gene,1898
MMADHC,gene,1899
RSPRY1,gene,1900
TAOK1,gene,1901
MRPS26,gene,1902
ATG12,gene,1903
UNG,gene,1904
NEDD4L,gene,1905
EXOC1,gene,1906
RPL36A,gene,1907
PRPF40B,gene,1908
UBQLN4,gene,1909
GATB,gene,1910
ARHGAP4,gene,1911
SURF4,gene,1912
ELAVL3,gene,1913
PDE8B,gene,1914
CC2D1A,gene,1915
DAZL,gene,1916
TLE1,gene,1917
DUSP21,gene,1918
IFNAR1,gene,1919
TMEM121B,gene,1920
ERC1,gene,1921
TEAD3,gene,1922
BICC1,gene,1923
TLCD2,gene,1924
LYPD2,gene,1925
PRR15L,gene,1926
SUV39H1,gene,1927
MIDEAS,gene,1928
CNPY4,gene,1929
ANAPC4,gene,1930
LACRT,gene,1931
DCLK1,gene,1932
PPA1,gene,1933
MCRIP2,gene,1934
MFSD8,gene,1935
ENPP6,gene,1936
ANKLE2,gene,1937
TRARG1,gene,1938
RGS22,gene,1939
TMPRSS7,gene,1940
GABRA2,gene,1941
SLC25A45,gene,1942
LRWD1,gene,1943
IFITM1,gene,1944
RNF166,gene,1945
METAP2,gene,1946
ZSWIM4,gene,1947
LYPLA2,gene,1948
LAMA4,gene,1949
PEBP1,gene,1950
ATRNL1,gene,1951
PEAR1,gene,1952
PRDM11,gene,1953
CNIH4,gene,1954
IFNA17,gene,1955
TMEM132C,gene,1956
P4HA2,gene,1957
ARL5C,gene,1958
PLCB4,gene,1959
NFKBIB,gene,1960
UBAP2L,gene,1961
MIGA1,gene,1962
BMAL2,gene,1963
SLC2A4,gene,1964
PTPRN,gene,1965
CYP4F3,gene,1966
BCAS4,gene,1967
CD96,gene,1968
TBC1D22B,gene,1969
ADGRG1,gene,1970
SLC16A11,gene,1971
SUN3,gene,1972
SLC25A46,gene,1973
MAML2,gene,1974
H2AC12,gene,1975
SUDS3,gene,1976
HPD,gene,1977
GRAP,gene,1978
MAFB,gene,1979
MYCT1,gene,1980
UPK1A,gene,1981
FGD2,gene,1982
MBOAT2,gene,1983
MRPS2,gene,1984
ARPC2,gene,1985
MXRA8,gene,1986
CNTD1,gene,1987
DUOXA2,gene,1988
ZNF230,gene,1989
KLRC4,gene,1990
TTC16,gene,1991
ZNF33B,gene,1992
AP2S1,gene,1993
CD160,gene,1994
COL16A1,gene,1995
GBP3,gene,1996
NR4A2,gene,1997
ESYT2,gene,1998
RABGAP1L,gene,1999
ACOT7,gene,2000
TLR10,gene,2001
FAM120A,gene,2002
ETNK1,gene,2003
TEX9,gene,2004
BRD4,gene,2005
IGFBP3,gene,2006
RNFT1,gene,2007
PXDN,gene,2008
CDH2,gene,2009
PCDHGA2,gene,2010
OR8B2,gene,2011
FBXO10,gene,2012
OR5AS1,gene,2013
PMF1-BGLAP,gene,2014
TRAPPC2,gene,2015
NRP1,gene,2016
ADPRS,gene,2017
HECTD2,gene,2018
KRT18,gene,2019
NDST1,gene,2020
RASSF3,gene,2021
USP45,gene,2022
NR4A3,gene,2023
TOR1A,gene,2024
AMBRA1,gene,2025
DDX54,gene,2026
AK4P3,gene,2027
C11orf68,gene,2028
CHI3L1,gene,2029
C1GALT1,gene,2030
KCNMB4,gene,2031
WNT4,gene,2032
LIPT2,gene,2033
TMEM218,gene,2034
CLEC2B,gene,2035
PVRIG,gene,2036
ACIN1,gene,2037
MYB,gene,2038
CXorf49B,gene,2039
TIAM1,gene,2040
UGDH,gene,2041
SPACA9,gene,2042
PABPC3,gene,2043
TMEM244,gene,2044
B4GALNT2,gene,2045
KRTAP19-1,gene,2046
SLC22A17,gene,2047
CTPS1,gene,2048
ZNF343,gene,2049
IL37,gene,2050
ABCF3,gene,2051
CLDN22,gene,2052
ZNF480,gene,2053
LSM8,gene,2054
B4GALNT4,gene,2055
HTR1A,gene,2056
OR8H1,gene,2057
KREMEN1,gene,2058
COASY,gene,2059
TPM3,gene,2060
TMEM18,gene,2061
EHHADH,gene,2062
CYP11B2,gene,2063
NEDD9,gene,2064
FAM78A,gene,2065
LGALS12,gene,2066
MAF,gene,2067
SLAMF8,gene,2068
C2orf15,gene,2069
TOE1,gene,2070
PPP2R5C,gene,2071
SAFB2,gene,2072
C6orf132,gene,2073
EIF2S2,gene,2074
CTPS2,gene,2075
XAF1,gene,2076
REX1BD,gene,2077
DEFB116,gene,2078
EXOC6B,gene,2079
H3-5,gene,2080
AAMDC,gene,2081
TST,gene,2082
H2AZ1,gene,2083
MYO1H,gene,2084
PLCB3,gene,2085
LTBP3,gene,2086
PMS2,gene,2087
TMEM70,gene,2088
SYNM,gene,2089
DRC3,gene,2090
SERPINE2,gene,2091
IFNGR1,gene,2092
TMED10,gene,2093
UGT2B7,gene,2094
AGFG1,gene,2095
SPOUT1,gene,2096
EEF2KMT,gene,2097
SLC10A7,gene,2098
TP63,gene,2099
AFG2B,gene,2100
TPD52L2,gene,2101
FABP5,gene,2102
PPP2R5E,gene,2103
APOO,gene,2104
BCAS3,gene,2105
GNRH2,gene,2106
CFAP92,gene,2107
TCEA3,gene,2108
TAF13,gene,2109
TMC5,gene,2110
CYP7A1,gene,2111
ZNF415,gene,2112
SMUG1,gene,2113
PASD1,gene,2114
RNF114,gene,2115
ELOVL2,gene,2116
NDUFAF7,gene,2117
TMEM40,gene,2118
RFLNA,gene,2119
LRP4,gene,2120
FCRL6,gene,2121
PNPT1,gene,2122
C3orf20,gene,2123
RGS20,gene,2124
HELB,gene,2125
SIRT3,gene,2126
UGT2A1,gene,2127
DUSP12,gene,2128
ADAM28,gene,2129
DUS1L,gene,2130
TAOK3,gene,2131
FTL,gene,2132
TBL1Y,gene,2133
APOL3,gene,2134
IL22RA1,gene,2135
WDR46,gene,2136
H1-2,gene,2137
PEMT,gene,2138
FAM222A,gene,2139
ADGRE2,gene,2140
MYBPH,gene,2141
MMGT1,gene,2142
CD79B,gene,2143
PPIL3,gene,2144
SAG,gene,2145
SIX5,gene,2146
MRC2,gene,2147
DHX34,gene,2148
HIC1,gene,2149
TXN,gene,2150
EIF4ENIF1,gene,2151
NANOS2,gene,2152
H2AL3,gene,2153
C19orf25,gene,2154
ACSF2,gene,2155
NKX2-6,gene,2156
PDIA2,gene,2157
RPUSD4,gene,2158
DCX,gene,2159
C1orf162,gene,2160
DHRS2,gene,2161
HROB,gene,2162
FGB,gene,2163
PTMA,gene,2164
STEAP4,gene,2165
HPCA,gene,2166
OBP2A,gene,2167
DTX4,gene,2168
USP17L5,gene,2169
PCDHGC3,gene,2170
KRBOX4,gene,2171
TMEM151A,gene,2172
C1D,gene,2173
GLI1,gene,2174
COMMD5,gene,2175
VSNL1,gene,2176
EIF3J,gene,2177
IFIT1,gene,2178
KCND3,gene,2179
GPR82,gene,2180
NDP,gene,2181
KRTAP3-3,gene,2182
OR10K1,gene,2183
PLXDC1,gene,2184
HCN1,gene,2185
COL17A1,gene,2186
SLC12A1,gene,2187
APBB2,gene,2188
MFSD9,gene,2189
GFRA2,gene,2190
PSMD9,gene,2191
CACNB2,gene,2192
ZNF431,gene,2193
OR11L1,gene,2194
ROCK1,gene,2195
LRFN3,gene,2196
NCSTN,gene,2197
DTX1,gene,2198
ZNF335,gene,2199
HOMER1,gene,2200
HCAR3,gene,2201
CACNA1E,gene,2202
CAVIN2,gene,2203
MCEMP1,gene,2204
TMC1,gene,2205
THAP9,gene,2206
ZNF786,gene,2207
CCDC158,gene,2208
PRR23A,gene,2209
BRSK1,gene,2210
NLRP14,gene,2211
TAF11L7,gene,2212
KRT76,gene,2213
LPCAT3,gene,2214
MSR1,gene,2215
FGF8,gene,2216
COX6A1,gene,2217
ARHGEF28,gene,2218
PROSER1,gene,2219
ZZEF1,gene,2220
DNAI3,gene,2221
SASH3,gene,2222
PHKA1,gene,2223
VASH1,gene,2224
CYSTM1,gene,2225
ARHGDIG,gene,2226
SFT2D3,gene,2227
IRS4,gene,2228
SLC2A3,gene,2229
SYNGR4,gene,2230
GCSH,gene,2231
RHEX,gene,2232
IFI27L2,gene,2233
NAGLU,gene,2234
ZNF234,gene,2235
GFRA1,gene,2236
FFAR4,gene,2237
ZNF473,gene,2238
MAGEA1,gene,2239
KRT26,gene,2240
UBA2,gene,2241
ZBTB41,gene,2242
SIGLEC12,gene,2243
C1QTNF5,gene,2244
GPRC5C,gene,2245
TEX264,gene,2246
ABHD2,gene,2247
CEP290,gene,2248
POLR1G,gene,2249
UBE2Q2,gene,2250
FER1L6,gene,2251
EDEM3,gene,2252
ZBTB16,gene,2253
DGLUCY,gene,2254
STX4,gene,2255
TMEM130,gene,2256
TFDP1,gene,2257
BARHL2,gene,2258
UPK3BL1,gene,2259
LGALS2,gene,2260
PLA2G2E,gene,2261
KTI12,gene,2262
CHAT,gene,2263
MMP24,gene,2264
SLC25A6,gene,2265
KCNA5,gene,2266
NOL12,gene,2267
TMEM174,gene,2268
ARL17A,gene,2269
VMO1,gene,2270
DDHD1,gene,2271
SERPINI1,gene,2272
SIGLEC9,gene,2273
SRCIN1,gene,2274
TLL2,gene,2275
ASPSCR1,gene,2276
PCDHB2,gene,2277
CYBRD1,gene,2278
MMP15,gene,2279
PRPF38B,gene,2280
SLC4A10,gene,2281
ZNF862,gene,2282
H4C9,gene,2283
RBM22,gene,2284
GALT,gene,2285
HRH3,gene,2286
SRRM4,gene,2287
H3Y2,gene,2288
SCD,gene,2289
PAQR9,gene,2290
MLH3,gene,2291
SLC35C1,gene,2292
GPSM3,gene,2293
OR2K2,gene,2294
URGCP,gene,2295
STOM,gene,2296
CTNNAL1,gene,2297
SNUPN,gene,2298
TMEM72,gene,2299
SPOP,gene,2300
XAGE1A,gene,2301
FXYD5,gene,2302
ZNF396,gene,2303
KRTAP10-6,gene,2304
DMXL1,gene,2305
C1orf35,gene,2306
NR5A1,gene,2307
PTPN6,gene,2308
RCOR1,gene,2309
ABR,gene,2310
RMDN1,gene,2311
NFAM1,gene,2312
EFR3B,gene,2313
OR7A5,gene,2314
EMID1,gene,2315
CRAT,gene,2316
OR8S1,gene,2317
SMAD9,gene,2318
CLEC2A,gene,2319
CELSR3,gene,2320
OR2T5,gene,2321
KRTAP10-4,gene,2322
SLC26A8,gene,2323
GCH1,gene,2324
AKAP14,gene,2325
PRR5L,gene,2326
TNFRSF21,gene,2327
HOXB4,gene,2328
UBAP2,gene,2329
CHRNA4,gene,2330
BPIFB2,gene,2331
ABI3,gene,2332
DCLRE1A,gene,2333
MRPS9,gene,2334
VPS29,gene,2335
MYO9B,gene,2336
GOLGA5,gene,2337
ZNF354C,gene,2338
ZNF606,gene,2339
SDF2L1,gene,2340
HSPB9,gene,2341
PLOD1,gene,2342
VPS37A,gene,2343
TTBK2,gene,2344
ZNF8,gene,2345
TTC36,gene,2346
CSNK1E,gene,2347
TCP11X2,gene,2348
BTG3,gene,2349
HOXA1,gene,2350
NEUROG3,gene,2351
OSBPL1A,gene,2352
CDK13,gene,2353
ZNF513,gene,2354
GNG3,gene,2355
ANGPT4,gene,2356
NCOA5,gene,2357
MT-ND4L,gene,2358
FAM229B,gene,2359
LHFPL5,gene,2360
CD80,gene,2361
OR2T34,gene,2362
FBLN5,gene,2363
ACYP1,gene,2364
PCLO,gene,2365
OR4D2,gene,2366
PVALB,gene,2367
C8orf89,gene,2368
ZNF200,gene,2369
C5orf63,gene,2370
GPC5,gene,2371
TMEM170B,gene,2372
RYR2,gene,2373
SLC6A15,gene,2374
HSD17B2,gene,2375
EVA1A,gene,2376
DNAH9,gene,2377
PGS1,gene,2378
DHX57,gene,2379
SENP5,gene,2380
DEPDC1B,gene,2381
PEBP4,gene,2382
GPR156,gene,2383
DNAH11,gene,2384
AP3M2,gene,2385
KLF3,gene,2386
BEST1,gene,2387
RAB11A,gene,2388
PRKCZ,gene,2389
REG3A,gene,2390
OR12D3,gene,2391
C20orf202,gene,2392
CIMAP1D,gene,2393
KCTD14,gene,2394
GGT7,gene,2395
IFNA5,gene,2396
CBX6,gene,2397
ANKRD13C,gene,2398
AP4S1,gene,2399
ZNF202,gene,2400
SLC31A2,gene,2401
ZNF721,gene,2402
NTMT1,gene,2403
HMCES,gene,2404
NOL3,gene,2405
C1orf216,gene,2406
FRYL,gene,2407
MKRN3,gene,2408
OPRPN,gene,2409
LHX2,gene,2410
NGB,gene,2411
GRHL3,gene,2412
MRPL9,gene,2413
TRRAP,gene,2414
RNF227,gene,2415
EBF2,gene,2416
TMEM132B,gene,2417
TMX4,gene,2418
MIIP,gene,2419
NPBWR1,gene,2420
CD22,gene,2421
TADA1,gene,2422
CA6,gene,2423
PODN,gene,2424
HBS1L,gene,2425
NDUFAF4,gene,2426
C8orf44-SGK3,gene,2427
CCDC172,gene,2428
COMMD1,gene,2429
SMIM29,gene,2430
CEMIP,gene,2431
HOXB7,gene,2432
NAP1L5,gene,2433
PLCXD3,gene,2434
AGK,gene,2435
NAA38,gene,2436
FJX1,gene,2437
BCL9L,gene,2438
MYBBP1A,gene,2439
CHAD,gene,2440
APOBEC3A,gene,2441
SELENOK,gene,2442
BLOC1S3,gene,2443
LIMK2,gene,2444
NIN,gene,2445
JMJD8,gene,2446
TEAD2,gene,2447
LIN37,gene,2448
ZBTB8A,gene,2449
TRMT10A,gene,2450
NRDC,gene,2451
SNRPC,gene,2452
NUDT13,gene,2453
PPP1R35,gene,2454
CPHXL2,gene,2455
LAS1L,gene,2456
CDR2,gene,2457
FAHD1,gene,2458
DELE1,gene,2459
PCDHGA5,gene,2460
RHBDL3,gene,2461
YPEL4,gene,2462
LAMTOR1,gene,2463
DIO3,gene,2464
SSU72L5,gene,2465
IRX2,gene,2466
IQCE,gene,2467
SRSF8,gene,2468
CCDC167,gene,2469
PTGER4,gene,2470
RAB20,gene,2471
PRIM2,gene,2472
NKIRAS2,gene,2473
LRRIQ1,gene,2474
LILRB3,gene,2475
ZNF250,gene,2476
SHOC1,gene,2477
NDUFB9,gene,2478
PLEKHH3,gene,2479
CIAO2B,gene,2480
CD40,gene,2481
DAPK2,gene,2482
ZNF219,gene,2483
YTHDF2,gene,2484
MLXIPL,gene,2485
HAPLN3,gene,2486
ATAD5,gene,2487
NPM1,gene,2488
ZSWIM6,gene,2489
S100P,gene,2490
SULT1C4,gene,2491
MAFIP,gene,2492
ABCC2,gene,2493
TUBA1C,gene,2494
SNAPC3,gene,2495
LRRC63,gene,2496
ASF1A,gene,2497
MGST2,gene,2498
XXYLT1,gene,2499
CSTA,gene,2500
USP48,gene,2501
EYA4,gene,2502
CDC26,gene,2503
CYP27B1,gene,2504
SLC32A1,gene,2505
GEMIN7,gene,2506
TAOK2,gene,2507
TXNDC17,gene,2508
FUT3,gene,2509
USP17L2,gene,2510
COX7A2L,gene,2511
ZNF543,gene,2512
TEKT2,gene,2513
NDUFA6,gene,2514
DEPP1,gene,2515
MAGED4,gene,2516
INVS,gene,2517
OR52J3,gene,2518
NOC4L,gene,2519
ATPSCKMT,gene,2520
TGFB2,gene,2521
ZNF12,gene,2522
CLUH,gene,2523
TMEM60,gene,2524
AP1G2,gene,2525
SHISA5,gene,2526
ADIPOR2,gene,2527
TRA2A,gene,2528
GJB4,gene,2529
OR51C1P,gene,2530
CTU1,gene,2531
KLHDC8B,gene,2532
STK26,gene,2533
H2AC25,gene,2534
GLIPR1L1,gene,2535
INTS6L,gene,2536
VWA3A,gene,2537
ADAMTS6,gene,2538
POM121L2,gene,2539
HMGXB3,gene,2540
GAGE2A,gene,2541
MMP1,gene,2542
SLC4A1,gene,2543
BLID,gene,2544
PPP4R3B,gene,2545
BLTP2,gene,2546
IFNAR2,gene,2547
CLOCK,gene,2548
GOLGA8Q,gene,2549
KNTC1,gene,2550
KCNA7,gene,2551
CCDC69,gene,2552
RBMY1E,gene,2553
EIF3C,gene,2554
SLC49A3,gene,2555
DEFB113,gene,2556
SLC39A2,gene,2557
MYL5,gene,2558
CYP1A1,gene,2559
NME2,gene,2560
VARS2,gene,2561
TSPAN12,gene,2562
SIX4,gene,2563
TINAG,gene,2564
GPR18,gene,2565
AMIGO2,gene,2566
MITF,gene,2567
TBCK,gene,2568
RPS20,gene,2569
MYCBPAP,gene,2570
PPIAL4D,gene,2571
VDR,gene,2572
TAS2R41,gene,2573
CALCRL,gene,2574
DLGAP5,gene,2575
MAPK4,gene,2576
OVOL2,gene,2577
ANKRD28,gene,2578
ITIH3,gene,2579
ABCD1,gene,2580
WNT5A,gene,2581
TLK1,gene,2582
CD300LF,gene,2583
OR1K1,gene,2584
LRRC69,gene,2585
SLC25A38,gene,2586
FBXW2,gene,2587
BNIP2,gene,2588
XYLT2,gene,2589
NAGA,gene,2590
VLDLR,gene,2591
SSB,gene,2592
UFC1,gene,2593
MEGF6,gene,2594
MARS2,gene,2595
SNX31,gene,2596
NFIL3,gene,2597
GPR15LG,gene,2598
CIAPIN1,gene,2599
KCNK6,gene,2600
LTF,gene,2601
HSPB1,gene,2602
OPN1LW,gene,2603
ZNF875,gene,2604
CCL28,gene,2605
GSTA1,gene,2606
DCDC2C,gene,2607
FAM156A,gene,2608
ACO1,gene,2609
TMEM52,gene,2610
DPF3,gene,2611
SH3BP2,gene,2612
PPP1R11,gene,2613
SENP2,gene,2614
TMEM108,gene,2615
IRX5,gene,2616
CREB3L3,gene,2617
GPBAR1,gene,2618
RPS24,gene,2619
OR6C1,gene,2620
PCARE,gene,2621
SLC15A4,gene,2622
CCDC92B,gene,2623
TBCB,gene,2624
DRD2,gene,2625
OR13C2,gene,2626
SYDE1,gene,2627
OR8H3,gene,2628
CDS1,gene,2629
FAM167A,gene,2630
OR2G6,gene,2631
SPACDR,gene,2632
RBMY1F,gene,2633
LYPD1,gene,2634
SERINC5,gene,2635
MRE11,gene,2636
PURG,gene,2637
ARG2,gene,2638
AP1G1,gene,2639
MINDY2,gene,2640
PTF1A,gene,2641
MUC1,gene,2642
ECPAS,gene,2643
HNRNPC,gene,2644
PYDC1,gene,2645
SEC22C,gene,2646
OSBPL9,gene,2647
FAAP20,gene,2648
CHRNA9,gene,2649
SREBF2,gene,2650
EIF5A,gene,2651
GAGE12D,gene,2652
PRPF6,gene,2653
PRXL2A,gene,2654
TECTA,gene,2655
SCGB2A2,gene,2656
POTEM,gene,2657
PFN3,gene,2658
SSTR2,gene,2659
HNF1B,gene,2660
OR1B1,gene,2661
GNPTAB,gene,2662
TRPC6,gene,2663
EARS2,gene,2664
SPATA7,gene,2665
OR10AD1,gene,2666
ARMC5,gene,2667
TP73,gene,2668
H1-10,gene,2669
ECH1,gene,2670
DNAAF8,gene,2671
SYCE2,gene,2672
LRRC71,gene,2673
TBC1D3C,gene,2674
KRTAP4-4,gene,2675
IL1RL2,gene,2676
KCNMB2,gene,2677
NUP205,gene,2678
GNPNAT1,gene,2679
SYNPO,gene,2680
EFR3A,gene,2681
SQOR,gene,2682
SPDYE6,gene,2683
ANO2,gene,2684
CAMK1,gene,2685
GOLPH3,gene,2686
USP11,gene,2687
FER,gene,2688
S100A3,gene,2689
TAPBP,gene,2690
FERD3L,gene,2691
SHARPIN,gene,2692
TRIM51,gene,2693
MFSD6L,gene,2694
PRRC2C,gene,2695
OR1R1P,gene,2696
SRGAP2B,gene,2697
DMC1,gene,2698
SYNE3,gene,2699
PRKCD,gene,2700
DSCC1,gene,2701
CALU,gene,2702
CRACDL,gene,2703
CSF1R,gene,2704
DAP,gene,2705
STK38,gene,2706
SKIL,gene,2707
CBLL2,gene,2708
NDUFC2,gene,2709
TMEM138,gene,2710
GRID1,gene,2711
PCDH17,gene,2712
ESRP2,gene,2713
TIMP3,gene,2714
SPATA12,gene,2715
NHS,gene,2716
MFSD2B,gene,2717
MAP3K13,gene,2718
BUD23,gene,2719
TRAPPC6B,gene,2720
TMEM170A,gene,2721
RHCE,gene,2722
CRYGD,gene,2723
NDUFS8,gene,2724
CCDC66,gene,2725
NUCB2,gene,2726
KAT2B,gene,2727
RAB3GAP1,gene,2728
MAX,gene,2729
LRBA,gene,2730
SLC16A14,gene,2731
OR51G2,gene,2732
EMC7,gene,2733
TMEM209,gene,2734
MFSD5,gene,2735
E4F1,gene,2736
ADAP2,gene,2737
PLGLB2,gene,2738
CXXC1,gene,2739
CMTM8,gene,2740
LGALS3BP,gene,2741
IL20RB,gene,2742
SLC4A9,gene,2743
OSGIN2,gene,2744
G2E3,gene,2745
PAPOLG,gene,2746
LDHB,gene,2747
BRD7,gene,2748
NPIPB8,gene,2749
PGP,gene,2750
TMC6,gene,2751
TXNDC15,gene,2752
MS4A5,gene,2753
ARPC3,gene,2754
FYN,gene,2755
SIRPB2,gene,2756
ADAM23,gene,2757
IL27RA,gene,2758
GDF15,gene,2759
LUC7L,gene,2760
PLXND1,gene,2761
SASH1,gene,2762
CIBAR1,gene,2763
FCGR2A,gene,2764
PITPNM1,gene,2765
CDC7,gene,2766
ZBTB33,gene,2767
IL7,gene,2768
MLLT1,gene,2769
JAKMIP2,gene,2770
TNNI2,gene,2771
SLC35G6,gene,2772
OSBPL8,gene,2773
GRTP1,gene,2774
ZDHHC24,gene,2775
TSPAN4,gene,2776
TSPAN1,gene,2777
NMNAT3,gene,2778
SNED1,gene,2779
PET100,gene,2780
CXADR,gene,2781
OR1L6,gene,2782
ATG4A,gene,2783
KAT6A,gene,2784
RPTOR,gene,2785
PNOC,gene,2786
BAMBI,gene,2787
SCGN,gene,2788
MLF2,gene,2789
FAR2,gene,2790
WBP4,gene,2791
MXRA7,gene,2792
ATP5IF1,gene,2793
SMC3,gene,2794
NUPR2,gene,2795
TNFRSF19,gene,2796
CASS4,gene,2797
D2HGDH,gene,2798
SERINC2,gene,2799
LIN54,gene,2800
TAF7L,gene,2801
ABLIM2,gene,2802
ZNF407,gene,2803
PDZK1,gene,2804
HNRNPLL,gene,2805
POU4F2,gene,2806
PLEKHM2,gene,2807
ANKK1,gene,2808
MKI67,gene,2809
SECTM1,gene,2810
AP2B1,gene,2811
HM13,gene,2812
PLEK,gene,2813
NR0B2,gene,2814
MICAL2,gene,2815
FYB2,gene,2816
GHSR,gene,2817
ATP10D,gene,2818
SOX7,gene,2819
CEP295,gene,2820
CAND1,gene,2821
RPA2,gene,2822
MRPL17,gene,2823
ADAM33,gene,2824
PRKDC,gene,2825
SMIM32,gene,2826
MAN1B1,gene,2827
TMEM38A,gene,2828
HDGFL3,gene,2829
IGFBP5,gene,2830
DCT,gene,2831
MOV10L1,gene,2832
SLC27A3,gene,2833
MARCHF1,gene,2834
LDAF1,gene,2835
LRRC37A,gene,2836
ERVW-1,gene,2837
NDRG1,gene,2838
BCS1L,gene,2839
C12orf4,gene,2840
OR11H4,gene,2841
AKAP10,gene,2842
KIF21B,gene,2843
STUM,gene,2844
ANKRD23,gene,2845
MED14,gene,2846
PQBP1,gene,2847
GNB4,gene,2848
ASAH2B,gene,2849
RPL13A,gene,2850
ZNF85,gene,2851
RIOX1,gene,2852
FAM47E,gene,2853
PSMB6,gene,2854
FDXR,gene,2855
NYNRIN,gene,2856
KRT39,gene,2857
SPDYE4,gene,2858
ARHGAP20,gene,2859
PLD4,gene,2860
SPATS1,gene,2861
RRS1,gene,2862
P4HB,gene,2863
SST,gene,2864
SERPIND1,gene,2865
BCL2L11,gene,2866
AQP6,gene,2867
CDK7,gene,2868
COMMD6,gene,2869
DNASE1,gene,2870
GPR65,gene,2871
PRSS57,gene,2872
GPR39,gene,2873
LCE1E,gene,2874
TMCO6,gene,2875
PDCD11,gene,2876
SEMA3A,gene,2877
TPSB2,gene,2878
PIK3CA,gene,2879
CCNH,gene,2880
NKAIN3,gene,2881
GABPB2,gene,2882
CCN6,gene,2883
GAL,gene,2884
CAPNS1,gene,2885
CLK4,gene,2886
GFRA3,gene,2887
LRP10,gene,2888
SPC25,gene,2889
ZNF654,gene,2890
PRAME,gene,2891
KRBOX1,gene,2892
CARD18,gene,2893
TMEM41A,gene,2894
H4C16,gene,2895
ARVCF,gene,2896
ATP5MJ,gene,2897
CD200R1,gene,2898
DNAAF2,gene,2899
VRK2,gene,2900
ZNF728,gene,2901
CLGN,gene,2902
DUSP16,gene,2903
PTPMT1,gene,2904
OAS1,gene,2905
FAIM2,gene,2906
CYP8B1,gene,2907
PRELID3B,gene,2908
PRB3,gene,2909
C19orf85,gene,2910
SGO2,gene,2911
TSSK2,gene,2912
IPO7,gene,2913
LDLRAP1,gene,2914
SIGLEC1,gene,2915
MICALL2,gene,2916
NCAPG,gene,2917
ALG12,gene,2918
OVGP1,gene,2919
TALDO1,gene,2920
FAP,gene,2921
TTC39A,gene,2922
HLA-DQB1,gene,2923
VCX2,gene,2924
DTL,gene,2925
TOMM20L,gene,2926
ANAPC15,gene,2927
TMEM50A,gene,2928
CCNA2,gene,2929
HBZ,gene,2930
LMOD1,gene,2931
CASR,gene,2932
ZNF829,gene,2933
CRKL,gene,2934
KIAA1191,gene,2935
PHF11,gene,2936
MPDU1,gene,2937
ELMO2,gene,2938
PCNA,gene,2939
ZNF93,gene,2940
HACL1,gene,2941
C1orf21,gene,2942
NKD1,gene,2943
PLK5,gene,2944
BAG4,gene,2945
CPB1,gene,2946
CREG1,gene,2947
PREPL,gene,2948
GSDMB,gene,2949
BPTF,gene,2950
NPFF,gene,2951
ARL17B,gene,2952
MRPS10,gene,2953
JPH4,gene,2954
DCLRE1C,gene,2955
NUP210,gene,2956
BDKRB1,gene,2957
GPX2,gene,2958
EMC4,gene,2959
MVB12B,gene,2960
USB1,gene,2961
IQUB,gene,2962
FARP2,gene,2963
GOLGB1,gene,2964
FOXH1,gene,2965
KRT8,gene,2966
ETS2,gene,2967
RAET1E,gene,2968
EXOSC2,gene,2969
RGCC,gene,2970
COL6A3,gene,2971
EDNRB,gene,2972
WDR18,gene,2973
TCEAL9,gene,2974
EGLN2,gene,2975
CHRNA10,gene,2976
PODXL2,gene,2977
DAOA,gene,2978
ZNF793,gene,2979
CCT8L2,gene,2980
OR8J3,gene,2981
RBBP5,gene,2982
TREM2,gene,2983
SMAD6,gene,2984
TACC2,gene,2985
UCKL1,gene,2986
PAX4,gene,2987
SP3,gene,2988
UNC50,gene,2989
FST,gene,2990
RANBP3L,gene,2991
DEFB130B,gene,2992
CRYBG1,gene,2993
ALAS1,gene,2994
KPNA7,gene,2995
ZBTB49,gene,2996
FGD6,gene,2997
DEFB128,gene,2998
FBXO44,gene,2999
GTPBP6,gene,3000
PNISR,gene,3001
XAGE2,gene,3002
KLHL14,gene,3003
KRTAP19-7,gene,3004
VN1R2,gene,3005
LRRC40,gene,3006
DKK4,gene,3007
KRTAP12-2,gene,3008
SLC9A7,gene,3009
QSOX1,gene,3010
MBD3L2B,gene,3011
TMEM271,gene,3012
AXIN1,gene,3013
LENEP,gene,3014
PYGL,gene,3015
FZD6,gene,3016
EIF3M,gene,3017
COMTD1,gene,3018
RNF212,gene,3019
RCE1,gene,3020
PABPC4L,gene,3021
BNIP3L,gene,3022
CYP2E1,gene,3023
SELENOT,gene,3024
TIMD4,gene,3025
PPM1L,gene,3026
ARSH,gene,3027
ERCC2,gene,3028
SHISAL1,gene,3029
TRERF1,gene,3030
DZIP1,gene,3031
MFHAS1,gene,3032
IMPDH2,gene,3033
CHMP4A,gene,3034
SERF1A,gene,3035
TRIM4,gene,3036
CASP2,gene,3037
DEPDC7,gene,3038
HCRT,gene,3039
CILK1,gene,3040
SEL1L2,gene,3041
KLHL34,gene,3042
ISLR,gene,3043
PPP1R14A,gene,3044
SSUH2,gene,3045
NECTIN4,gene,3046
EYS,gene,3047
NAA35,gene,3048
IL18R1,gene,3049
SLC7A14,gene,3050
OR4K1,gene,3051
PRDX1,gene,3052
SPACA5B,gene,3053
MCOLN2,gene,3054
SLC25A51,gene,3055
CLDND1,gene,3056
TRIM35,gene,3057
PAK2,gene,3058
ZNF300,gene,3059
RPL13,gene,3060
ASPDH,gene,3061
HCFC1R1,gene,3062
KIAA1671,gene,3063
ANP32A,gene,3064
GP9,gene,3065
KRT75,gene,3066
RHD,gene,3067
ACTR2,gene,3068
HID1,gene,3069
MMP27,gene,3070
NFRKB,gene,3071
IGSF9B,gene,3072
HIPK1,gene,3073
HMHB1,gene,3074
MRPS12,gene,3075
SPX,gene,3076
HFE,gene,3077
TRIM45,gene,3078
SUCLG1,gene,3079
SYNPR,gene,3080
EXOSC9,gene,3081
PSAT1,gene,3082
SLC8A3,gene,3083
SREBF1,gene,3084
SHISA4,gene,3085
INSC,gene,3086
PRSS22,gene,3087
GARIN4,gene,3088
NKX6-2,gene,3089
SCAMP3,gene,3090
ATXN10,gene,3091
S100G,gene,3092
MTM1,gene,3093
FAM91A1,gene,3094
ANKRD17,gene,3095
CLN6,gene,3096
LCE3A,gene,3097
GRPEL2,gene,3098
METTL16,gene,3099
DIRAS1,gene,3100
MMP19,gene,3101
PRMT7,gene,3102
ZFP37,gene,3103
LTA4H,gene,3104
TPP2,gene,3105
ZNF318,gene,3106
KBTBD13,gene,3107
UGT8,gene,3108
POGLUT2,gene,3109
NDC1,gene,3110
IGLL1,gene,3111
ME3,gene,3112
MBD3L1,gene,3113
NEUROD1,gene,3114
PRAMEF33,gene,3115
ATXN2,gene,3116
ZKSCAN8,gene,3117
ANTXRL,gene,3118
CCDC63,gene,3119
TMEM210,gene,3120
WSB2,gene,3121
LBH,gene,3122
SEC61B,gene,3123
OR4Q3,gene,3124
CNGB1,gene,3125
SH3YL1,gene,3126
HOXA13,gene,3127
TTYH3,gene,3128
FOXB1,gene,3129
MAN2A2,gene,3130
PLSCR3,gene,3131
GGA1,gene,3132
CMTM1,gene,3133
POLR1E,gene,3134
ESYT1,gene,3135
MLXIP,gene,3136
SPAG17,gene,3137
P4HA1,gene,3138
RPP14,gene,3139
METTL2B,gene,3140
EIF3H,gene,3141
BCAM,gene,3142
ARF3,gene,3143
LRRC52,gene,3144
F11,gene,3145
POLR3D,gene,3146
ZSWIM8,gene,3147
TSPAN19,gene,3148
CAPS2,gene,3149
ZFHX2,gene,3150
FRMD4A,gene,3151
LAIR2,gene,3152
OR8I2,gene,3153
PCDHGA1,gene,3154
MATN4,gene,3155
HSF2,gene,3156
NME8,gene,3157
MRPL18,gene,3158
BMX,gene,3159
DCTN3,gene,3160
HPS6,gene,3161
H2BC21,gene,3162
OR5D18,gene,3163
H1-7,gene,3164
CLINT1,gene,3165
ZNF304,gene,3166
CEACAM8,gene,3167
CYBB,gene,3168
PROSER3,gene,3169
LAMTOR5,gene,3170
CARTPT,gene,3171
PCOLCE,gene,3172
SFRP2,gene,3173
WDR1,gene,3174
MTMR1,gene,3175
ADGRD2,gene,3176
GLRX3,gene,3177
OSMR,gene,3178
MEA1,gene,3179
EIF5A2,gene,3180
RTN3,gene,3181
BRPF3,gene,3182
GPR149,gene,3183
FAM110C,gene,3184
MTMR14,gene,3185
PCDHA3,gene,3186
SLC43A3,gene,3187
UACA,gene,3188
HSD11B2,gene,3189
BAIAP2L2,gene,3190
OBSCN,gene,3191
NNT,gene,3192
FRMD8,gene,3193
CCDC185,gene,3194
HTR2A,gene,3195
TRDMT1,gene,3196
ZBTB39,gene,3197
SPG11,gene,3198
KRTAP9-7,gene,3199
SOWAHC,gene,3200
BIK,gene,3201
CHRNA7,gene,3202
PPM1G,gene,3203
LCE3E,gene,3204
ADAMTS2,gene,3205
CRCP,gene,3206
EEPD1,gene,3207
DAPK1,gene,3208
RNF7,gene,3209
SYNPO2L,gene,3210
OOSP3,gene,3211
EME1,gene,3212
ANAPC10,gene,3213
YTHDF1,gene,3214
NUP50,gene,3215
SH2D7,gene,3216
NCOA3,gene,3217
RELT,gene,3218
GPR63,gene,3219
DSG1,gene,3220
LITAFD,gene,3221
CROT,gene,3222
ITFG2,gene,3223
H3Y1,gene,3224
ZNF177,gene,3225
TSPYL6,gene,3226
ADCY10,gene,3227
MARS1,gene,3228
SIPA1L3,gene,3229
LYNX1-SLURP2,gene,3230
HPCAL1,gene,3231
MYO19,gene,3232
LCE1D,gene,3233
MT1B,gene,3234
SLC11A2,gene,3235
ODR4,gene,3236
DISP3,gene,3237
PPEF2,gene,3238
GCM1,gene,3239
NR1D1,gene,3240
PKP4,gene,3241
OSBPL5,gene,3242
TBC1D16,gene,3243
GLT8D1,gene,3244
B3GAT1,gene,3245
A2M,gene,3246
SLC20A1,gene,3247
ZBTB6,gene,3248
PPP2R2C,gene,3249
C5orf22,gene,3250
RPF1,gene,3251
APIP,gene,3252
GNL2,gene,3253
GOLGA6L2,gene,3254
TCN2,gene,3255
LPCAT4,gene,3256
CENPL,gene,3257
RIGI,gene,3258
NLRP2,gene,3259
RTN2,gene,3260
B3GALT5,gene,3261
FGF20,gene,3262
ABCC3,gene,3263
PRPF40A,gene,3264
SLC13A2,gene,3265
CTRC,gene,3266
WASH6P,gene,3267
CCNI,gene,3268
CPNE4,gene,3269
CSH2,gene,3270
SOS1,gene,3271
FLAD1,gene,3272
EPDR1,gene,3273
OR2C3,gene,3274
NBPF4,gene,3275
CDK14,gene,3276
GASK1B,gene,3277
NDUFA10,gene,3278
CYP20A1,gene,3279
HECTD3,gene,3280
AOC1,gene,3281
CCDC65,gene,3282
DYRK4,gene,3283
ESRRB,gene,3284
PACRGL,gene,3285
MAPKBP1,gene,3286
PRODH,gene,3287
FAM20A,gene,3288
BCL2L1,gene,3289
SIGLEC7,gene,3290
LAMP2,gene,3291
RD3L,gene,3292
PIGR,gene,3293
C8orf34,gene,3294
SERINC4,gene,3295
CFHR2,gene,3296
POLR3C,gene,3297
OR9G4,gene,3298
EPHA3,gene,3299
CD274,gene,3300
RNFT2,gene,3301
CCDC85A,gene,3302
FAM220A,gene,3303
PRPF18,gene,3304
CAMKK2,gene,3305
LRRC47,gene,3306
PMIS2,gene,3307
ATP8B3,gene,3308
ATP11A,gene,3309
CBX2,gene,3310
PSAP,gene,3311
TSPY8,gene,3312
FANCG,gene,3313
CCDC73,gene,3314
CCR2,gene,3315
SPATA31E1,gene,3316
SPATA31A6,gene,3317
TAS1R2,gene,3318
KRTAP13-4,gene,3319
ANKRD22,gene,3320
THRAP3,gene,3321
HERC3,gene,3322
UCHL1,gene,3323
ZNF658,gene,3324
KRTCAP2,gene,3325
ICE2,gene,3326
FRAS1,gene,3327
DLGAP1,gene,3328
USP17L24,gene,3329
DPY19L2,gene,3330
MSH5,gene,3331
ZNF184,gene,3332
NMT1,gene,3333
MPST,gene,3334
NPR2,gene,3335
HOMER3,gene,3336
SELENOM,gene,3337
KRT73,gene,3338
MGAT2,gene,3339
KDELR1,gene,3340
FBXO22,gene,3341
C1orf146,gene,3342
NAPSA,gene,3343
ROPN1,gene,3344
PYCR2,gene,3345
TPCN2,gene,3346
ZNF846,gene,3347
CYYR1,gene,3348
LEAP2,gene,3349
NAMPT,gene,3350
SSX2,gene,3351
RASGRP4,gene,3352
FAM111A,gene,3353
TAGLN,gene,3354
SNAPC2,gene,3355
CHD3,gene,3356
OLFM2,gene,3357
FANCC,gene,3358
MAN2B1,gene,3359
PHF21B,gene,3360
BPI,gene,3361
TTPAL,gene,3362
RANBP9,gene,3363
DISC1,gene,3364
CGB3,gene,3365
PAXBP1,gene,3366
L1TD1,gene,3367
SEC24B,gene,3368
MYH3,gene,3369
MAMDC4,gene,3370
BRF2,gene,3371
VENTX,gene,3372
SPEGNB,gene,3373
RPA1,gene,3374
MYCL,gene,3375
NCF2,gene,3376
ZSCAN12,gene,3377
HOXB2,gene,3378
SCP2D1,gene,3379
ASAP1,gene,3380
NUP210L,gene,3381
LIMS3,gene,3382
RGS7,gene,3383
PPIL6,gene,3384
FBXW9,gene,3385
PLA2G4C,gene,3386
MLX,gene,3387
PHLDB1,gene,3388
C1QTNF12,gene,3389
BPGM,gene,3390
AHRR,gene,3391
VPS50,gene,3392
SLC35F5,gene,3393
MAP3K6,gene,3394
CPNE9,gene,3395
HOGA1,gene,3396
BMP7,gene,3397
MYH7B,gene,3398
CTAGE15,gene,3399
CDX2,gene,3400
GARIN2,gene,3401
AGO2,gene,3402
RYK,gene,3403
GGNBP2,gene,3404
TCTN2,gene,3405
CCSER1,gene,3406
HMGB4,gene,3407
GYPB,gene,3408
GALNT11,gene,3409
SNTG1,gene,3410
CDKN1C,gene,3411
ZC3HAV1L,gene,3412
ZBED2,gene,3413
ZMYM3,gene,3414
KRTAP5-6,gene,3415
DNHD1,gene,3416
SELENOP,gene,3417
TSSK1B,gene,3418
SLC19A3,gene,3419
ABCB6,gene,3420
TULP4,gene,3421
PTPRU,gene,3422
TMA16,gene,3423
ALKAL1,gene,3424
ZFY,gene,3425
TUFM,gene,3426
C11orf86,gene,3427
MYPOP,gene,3428
MNX1,gene,3429
MANF,gene,3430
FAM72D,gene,3431
ALKBH1,gene,3432
BCL2,gene,3433
HOXD12,gene,3434
MCTS1,gene,3435
PARVG,gene,3436
SHISA8,gene,3437
NTHL1,gene,3438
CES3,gene,3439
CCDC103,gene,3440
EPC2,gene,3441
NSUN3,gene,3442
ZFP2,gene,3443
IMPA2,gene,3444
TCF7,gene,3445
H2AC20,gene,3446
RHOF,gene,3447
RAB11FIP4,gene,3448
FLI1,gene,3449
GLDN,gene,3450
PNN,gene,3451
AP3D1,gene,3452
TTC39C,gene,3453
ENOPH1,gene,3454
DCBLD2,gene,3455
FILIP1L,gene,3456
NME6,gene,3457
ZNF705B,gene,3458
GMPPA,gene,3459
CNRIP1,gene,3460
PRDX4,gene,3461
FNDC7,gene,3462
CDCA2,gene,3463
CCDC178,gene,3464
MC3R,gene,3465
TINAGL1,gene,3466
FASTKD1,gene,3467
POLR3B,gene,3468
FN3K,gene,3469
RTRAF,gene,3470
DNAJC3,gene,3471
STEAP3,gene,3472
MRGPRF,gene,3473
GALNT14,gene,3474
OR2F1,gene,3475
NIBAN1,gene,3476
KIAA1958,gene,3477
ABCA9,gene,3478
APP,gene,3479
CNTNAP4,gene,3480
TBC1D3K,gene,3481
LMNA,gene,3482
METTL5,gene,3483
BHLHA9,gene,3484
C6orf58,gene,3485
PSPN,gene,3486
BUB1B,gene,3487
HOXB5,gene,3488
MIOS,gene,3489
SLC24A1,gene,3490
RNF169,gene,3491
SELENOW,gene,3492
SERPINI2,gene,3493
TUBB,gene,3494
RAD21L1,gene,3495
PLAU,gene,3496
KIRREL2,gene,3497
CCM2,gene,3498
CYP4X1,gene,3499
KCNN1,gene,3500
SPEF2,gene,3501
CD69,gene,3502
FEZ2,gene,3503
GOLGA8T,gene,3504
ERVFRD-1,gene,3505
C1orf54,gene,3506
RS1,gene,3507
TPRN,gene,3508
GPR6,gene,3509
UNC45B,gene,3510
SLC1A2,gene,3511
GNL1,gene,3512
GAB2,gene,3513
XPO4,gene,3514
NOTCH2NLA,gene,3515
NAA25,gene,3516
THBD,gene,3517
PPTC7,gene,3518
UPRT,gene,3519
DLG2,gene,3520
TOM1L2,gene,3521
SLC23A1,gene,3522
FBXW4,gene,3523
KIF1C,gene,3524
APOBEC3D,gene,3525
SUSD1,gene,3526
DENND1A,gene,3527
ZBTB20,gene,3528
SGMS2,gene,3529
VTA1,gene,3530
SLC47A2,gene,3531
POLR2F,gene,3532
MUC3A,gene,3533
CT47A3,gene,3534
PRR4,gene,3535
CCR5,gene,3536
ACOXL,gene,3537
OR5K2,gene,3538
SLC35B4,gene,3539
RABEP1,gene,3540
KRT71,gene,3541
DNM1L,gene,3542
BAIAP3,gene,3543
NRTN,gene,3544
ODAD1,gene,3545
BTBD7,gene,3546
GPR35,gene,3547
SETD5,gene,3548
UTP14C,gene,3549
GPALPP1,gene,3550
NKAIN2,gene,3551
POU2AF3,gene,3552
AARS2,gene,3553
UBXN1,gene,3554
TMX1,gene,3555
BRINP3,gene,3556
GCNT1,gene,3557
TMPRSS4,gene,3558
PIGX,gene,3559
SRL,gene,3560
SHC2,gene,3561
SGSM3,gene,3562
VIRMA,gene,3563
KRTAP10-9,gene,3564
CCT4,gene,3565
CAPN2,gene,3566
RECQL5,gene,3567
DLG5,gene,3568
GRAMD2A,gene,3569
PHOSPHO2,gene,3570
ZDHHC23,gene,3571
SPRN,gene,3572
DNM3,gene,3573
ISL1,gene,3574
OR5I1,gene,3575
FASTKD5,gene,3576
NCCRP1,gene,3577
ZNF22,gene,3578
IL6ST,gene,3579
TNRC6A,gene,3580
ACTN1,gene,3581
PRIMA1,gene,3582
ASCL5,gene,3583
CRY2,gene,3584
CYP19A1,gene,3585
MMS19,gene,3586
TRIM49,gene,3587
FMNL3,gene,3588
ARR3,gene,3589
CIAO2A,gene,3590
SCAF8,gene,3591
SRRD,gene,3592
PABIR1,gene,3593
PPIF,gene,3594
AKR1C3,gene,3595
PTGDS,gene,3596
ASB17,gene,3597
UNCX,gene,3598
SNPH,gene,3599
UBB,gene,3600
ALDH8A1,gene,3601
SPEM2,gene,3602
RPL32,gene,3603
LDLRAD2,gene,3604
RBM6,gene,3605
SPPL2A,gene,3606
SLC6A9,gene,3607
SPTLC2,gene,3608
TGM2,gene,3609
OLIG3,gene,3610
ZCCHC14,gene,3611
SMIM10L2B,gene,3612
ACADSB,gene,3613
CNNM3,gene,3614
DEFB131B,gene,3615
GNPTG,gene,3616
FBXL12,gene,3617
CCDC115,gene,3618
DEFB108B,gene,3619
KIN,gene,3620
P2RX4,gene,3621
RAB27B,gene,3622
SENP6,gene,3623
P4HA3,gene,3624
S100A11,gene,3625
FAM170B,gene,3626
TAF11L5,gene,3627
RASSF1,gene,3628
GIMAP4,gene,3629
MYO3B,gene,3630
RPL41,gene,3631
OS9,gene,3632
PML,gene,3633
BBS4,gene,3634
SLC25A10,gene,3635
EPS15L1,gene,3636
ANKS1B,gene,3637
PLAT,gene,3638
ZNF451,gene,3639
PLEKHB2,gene,3640
ZNF330,gene,3641
TRAPPC14,gene,3642
MMP21,gene,3643
ASAP2,gene,3644
TACC1,gene,3645
IFNA13,gene,3646
SENP8,gene,3647
NCS1,gene,3648
ISLR2,gene,3649
ATAD3A,gene,3650
ELP6,gene,3651
ENTPD6,gene,3652
MRPL53,gene,3653
OVOL3,gene,3654
NDUFV1,gene,3655
BORCS5,gene,3656
ARRB1,gene,3657
ZNF714,gene,3658
ZBTB46,gene,3659
NKPD1,gene,3660
PSMA5,gene,3661
RTP1,gene,3662
DGCR8,gene,3663
ZNF816,gene,3664
ARL16,gene,3665
DMKN,gene,3666
OR10J5,gene,3667
RUSC2,gene,3668
ASB6,gene,3669
MYO1D,gene,3670
ABCB11,gene,3671
TSKU,gene,3672
EFHC1,gene,3673
LRRN4CL,gene,3674
SLC22A25,gene,3675
OR2C1,gene,3676
SRC,gene,3677
TGFA,gene,3678
TMEM44,gene,3679
DCHS2,gene,3680
UQCC6,gene,3681
PPM1J,gene,3682
ZIC2,gene,3683
DDX19B,gene,3684
LRRC3C,gene,3685
PPP1R3F,gene,3686
LEO1,gene,3687
LBHD1,gene,3688
C20orf203,gene,3689
BCL11A,gene,3690
POU1F1,gene,3691
ZNF284,gene,3692
PMFBP1,gene,3693
HSD11B1,gene,3694
FURIN,gene,3695
ZNF711,gene,3696
CT55,gene,3697
SH3GL3,gene,3698
ZSCAN25,gene,3699
H2AX,gene,3700
PFDN2,gene,3701
RNF170,gene,3702
TRPM1,gene,3703
CSRP3,gene,3704
RNASET2,gene,3705
SAA1,gene,3706
GPR52,gene,3707
HMGB1P1,gene,3708
TBL3,gene,3709
ZRANB2,gene,3710
PRDX6,gene,3711
AUP1,gene,3712
PRAC2,gene,3713
CCDC150,gene,3714
RTP5,gene,3715
EXOC3L4,gene,3716
UNC45A,gene,3717
NSMCE1,gene,3718
AQP5,gene,3719
ATP5PF,gene,3720
BCL6,gene,3721
ZC3HC1,gene,3722
HOXA4,gene,3723
COIL,gene,3724
CHADL,gene,3725
NCR1,gene,3726
SH3RF3,gene,3727
PWWP3A,gene,3728
MPND,gene,3729
EMC1,gene,3730
SCN5A,gene,3731
WWC2,gene,3732
RAD21,gene,3733
PLTP,gene,3734
TMEM196,gene,3735
BEND6,gene,3736
CA12,gene,3737
GANC,gene,3738
GALR2,gene,3739
BAHCC1,gene,3740
ADH1B,gene,3741
CT47A5,gene,3742
CLCN1,gene,3743
FAM90A26,gene,3744
AFAP1,gene,3745
FABP1,gene,3746
GPR153,gene,3747
FADS2,gene,3748
LRRTM2,gene,3749
SLC7A3,gene,3750
CCN4,gene,3751
IMPG2,gene,3752
LIPH,gene,3753
PRDM5,gene,3754
ABCB8,gene,3755
PROSER2,gene,3756
SLC9A9,gene,3757
POFUT1,gene,3758
AIFM2,gene,3759
OTUD5,gene,3760
OR1A2,gene,3761
TMEM163,gene,3762
CORO2A,gene,3763
PHPT1,gene,3764
SSX2IP,gene,3765
SPATA6,gene,3766
N4BP1,gene,3767
CEACAM18,gene,3768
BCAR1,gene,3769
MIB2,gene,3770
PLA2G12B,gene,3771
PIM3,gene,3772
ARSG,gene,3773
HAS1,gene,3774
NIPAL4,gene,3775
HDAC9,gene,3776
IKZF2,gene,3777
RPL22L1,gene,3778
DEAF1,gene,3779
CHST9,gene,3780
SMR3B,gene,3781
CST5,gene,3782
OR4E1,gene,3783
PVR,gene,3784
KCTD1,gene,3785
SLC17A2,gene,3786
FAN1,gene,3787
PDZD8,gene,3788
ABI1,gene,3789
CCL25,gene,3790
ENPP1,gene,3791
NR1H2,gene,3792
ATP6V0D2,gene,3793
ABCB9,gene,3794
CDH23,gene,3795
GBX1,gene,3796
PITPNM2,gene,3797
GOSR2,gene,3798
PUF60,gene,3799
CCSER2,gene,3800
ARHGEF39,gene,3801
DOK3,gene,3802
EIF4E2,gene,3803
MRPL57,gene,3804
ST6GAL2,gene,3805
TAF2,gene,3806
HSF1,gene,3807
SLC10A5,gene,3808
ITPRID1,gene,3809
MRPL47,gene,3810
LTO1,gene,3811
NOS1,gene,3812
PAPOLA,gene,3813
TBCCD1,gene,3814
TEX13B,gene,3815
CMTM7,gene,3816
RIMKLA,gene,3817
ELOVL7,gene,3818
ABTB3,gene,3819
GALNTL6,gene,3820
HEBP1,gene,3821
TBC1D7,gene,3822
ABCA7,gene,3823
TMEM114,gene,3824
RBMS1,gene,3825
PLXNA3,gene,3826
MESP2,gene,3827
RPA3,gene,3828
SLC7A11,gene,3829
MGAT4C,gene,3830
ESF1,gene,3831
LYL1,gene,3832
CKAP2,gene,3833
MT-CYB,gene,3834
CSN3,gene,3835
ABCA1,gene,3836
LEMD2,gene,3837
LHCGR,gene,3838
ADAMTS17,gene,3839
FUT11,gene,3840
PIH1D2,gene,3841
OPN5,gene,3842
INMT,gene,3843
MRPL50,gene,3844
H2BC5,gene,3845
PIANP,gene,3846
PLAC8L1,gene,3847
SNRNP40,gene,3848
L3MBTL3,gene,3849
TRIM74,gene,3850
ASIC1,gene,3851
NACA2,gene,3852
MYO5B,gene,3853
EFHC2,gene,3854
RUSF1,gene,3855
TCEAL8,gene,3856
BORA,gene,3857
FCRL4,gene,3858
FSTL5,gene,3859
PCDHGB7,gene,3860
EMILIN2,gene,3861
ST13,gene,3862
RIMS2,gene,3863
ADNP2,gene,3864
RING1,gene,3865
GOT2,gene,3866
U2AF2,gene,3867
EFEMP1,gene,3868
SAYSD1,gene,3869
TRIM42,gene,3870
SEMA3D,gene,3871
SREK1IP1,gene,3872
C14orf93,gene,3873
NEMF,gene,3874
NEDD4,gene,3875
BNIP5,gene,3876
FDX2,gene,3877
GTF2H2C,gene,3878
C19orf84,gene,3879
HLTF,gene,3880
TCF25,gene,3881
PAOX,gene,3882
IP6K2,gene,3883
TUBB3,gene,3884
CDK5,gene,3885
TUBGCP2,gene,3886
KCTD8,gene,3887
ETFBKMT,gene,3888
WNT2B,gene,3889
ZZZ3,gene,3890
CPA3,gene,3891
OR2T1,gene,3892
UGT1A10,gene,3893
CYSLTR1,gene,3894
OSR1,gene,3895
DCHS1,gene,3896
ACAN,gene,3897
RRN3,gene,3898
FGF10,gene,3899
ZFAND5,gene,3900
PTPN9,gene,3901
VTN,gene,3902
ATP1B1,gene,3903
CHRNG,gene,3904
IFT80,gene,3905
TMEM255B,gene,3906
MEI1,gene,3907
IFNK,gene,3908
SMCO4,gene,3909
NDST3,gene,3910
UNKL,gene,3911
SCN11A,gene,3912
ITPR1,gene,3913
DMTF1,gene,3914
GPR85,gene,3915
ZNF579,gene,3916
RCSD1,gene,3917
ADAMTS19,gene,3918
FANCB,gene,3919
CCKBR,gene,3920
GIMAP7,gene,3921
RAP1B,gene,3922
RPH3A,gene,3923
KCNK13,gene,3924
APOC3,gene,3925
EML5,gene,3926
CMPK1,gene,3927
TMEM150A,gene,3928
FAM184A,gene,3929
E2F3,gene,3930
SMARCA1,gene,3931
H2AB2,gene,3932
FBXL14,gene,3933
TM9SF1,gene,3934
GNAT2,gene,3935
MMP2,gene,3936
TAC4,gene,3937
IMMP1L,gene,3938
TEKT4,gene,3939
RAC1,gene,3940
CCDC197,gene,3941
ARHGEF40,gene,3942
FAM210A,gene,3943
EPHA5,gene,3944
OR3A3,gene,3945
PSMG2,gene,3946
AVL9,gene,3947
NDOR1,gene,3948
CALR3,gene,3949
ZNF292,gene,3950
H3-3A,gene,3951
KERA,gene,3952
DHRS4L2,gene,3953
KIF13A,gene,3954
CDIPT,gene,3955
ANGPTL6,gene,3956
ZBTB4,gene,3957
THOC2,gene,3958
TMLHE,gene,3959
DCSTAMP,gene,3960
HBB,gene,3961
FAM120B,gene,3962
MSL3,gene,3963
PA2G4,gene,3964
SV2B,gene,3965
OR5L1,gene,3966
PMM2,gene,3967
STK11,gene,3968
MICAL3,gene,3969
OR5B2,gene,3970
SOWAHB,gene,3971
HLF,gene,3972
SUGP1,gene,3973
GDPD4,gene,3974
OR10H2,gene,3975
MARCKS,gene,3976
GHRHR,gene,3977
TMEM231,gene,3978
H2AC19,gene,3979
SPSB1,gene,3980
HIGD1A,gene,3981
SLC25A11,gene,3982
PRRX2,gene,3983
IFT70B,gene,3984
PRAMEF17,gene,3985
NUDT5,gene,3986
MYADML2,gene,3987
TRPM7,gene,3988
KATNAL1,gene,3989
ACP6,gene,3990
ABCA8,gene,3991
FZD4,gene,3992
IL33,gene,3993
MRPL41,gene,3994
AMY1C,gene,3995
SMOC2,gene,3996
IDH3G,gene,3997
EPM2A,gene,3998
CRTAC1,gene,3999
AADAT,gene,4000
DGUOK,gene,4001
GPRC5B,gene,4002
UGT1A5,gene,4003
ABHD1,gene,4004
REM2,gene,4005
TEX14,gene,4006
ALX1,gene,4007
CAV2,gene,4008
ZPLD1,gene,4009
IGHMBP2,gene,4010
FUT2,gene,4011
AGER,gene,4012
FABP9,gene,4013
DEFB126,gene,4014
TYMS,gene,4015
PDXK,gene,4016
FREM3,gene,4017
ZNF576,gene,4018
OR52N4,gene,4019
TG,gene,4020
RGR,gene,4021
MRS2,gene,4022
ADCY8,gene,4023
TMEM107,gene,4024
RNASEH2C,gene,4025
SUFU,gene,4026
C4orf46,gene,4027
EBI3,gene,4028
ETHE1,gene,4029
SNX16,gene,4030
B3GNT5,gene,4031
DNAAF4,gene,4032
PHF13,gene,4033
TGIF2LY,gene,4034
RLN3,gene,4035
TTC23,gene,4036
TCN1,gene,4037
CMC2,gene,4038
CEBPG,gene,4039
NUP62CL,gene,4040
TMEM243,gene,4041
WRN,gene,4042
OR9G1,gene,4043
PNCK,gene,4044
ZDHHC1,gene,4045
GJB2,gene,4046
SF3B2,gene,4047
FAM177B,gene,4048
THUMPD2,gene,4049
BCL7C,gene,4050
MYH7,gene,4051
LGI4,gene,4052
TRAF3IP2,gene,4053
PLA2G5,gene,4054
USP42,gene,4055
FTSJ1,gene,4056
AP2A2,gene,4057
FBXO30,gene,4058
SCN4B,gene,4059
FRRS1,gene,4060
SH3RF1,gene,4061
GPR101,gene,4062
MINDY3,gene,4063
GNAZ,gene,4064
LECT2,gene,4065
CDK2,gene,4066
PTPRK,gene,4067
IL36G,gene,4068
ERAP2,gene,4069
DOK4,gene,4070
ACE2,gene,4071
ZBTB21,gene,4072
MIER3,gene,4073
ADK,gene,4074
TRIM3,gene,4075
OR2B3,gene,4076
ZCCHC18,gene,4077
HOXD10,gene,4078
AGRN,gene,4079
OXSR1,gene,4080
RCAN2,gene,4081
ZFYVE21,gene,4082
SMIM26,gene,4083
TLE5,gene,4084
SHLD1,gene,4085
MDH1,gene,4086
PYGO1,gene,4087
ALDH1L2,gene,4088
DBX2,gene,4089
KCNG4,gene,4090
WWP1,gene,4091
CEACAM21,gene,4092
PCF11,gene,4093
HOXC12,gene,4094
ZFR,gene,4095
STX19,gene,4096
HIF1AN,gene,4097
FIBP,gene,4098
GRIN1,gene,4099
SUCNR1,gene,4100
BLMH,gene,4101
VWF,gene,4102
MRPL12,gene,4103
MRGBP,gene,4104
PGGT1B,gene,4105
GNB2,gene,4106
ELF3,gene,4107
TUBE1,gene,4108
ASB1,gene,4109
RASGRP3,gene,4110
PRR16,gene,4111
UGT1A1,gene,4112
CASKIN1,gene,4113
ARHGAP36,gene,4114
RAB14,gene,4115
USP30,gene,4116
CERS2,gene,4117
TBC1D32,gene,4118
OR2T3,gene,4119
MBD5,gene,4120
PMP22,gene,4121
AXIN2,gene,4122
KRTAP10-1,gene,4123
STOX1,gene,4124
KRTAP26-1,gene,4125
PAK1,gene,4126
FBRS,gene,4127
TEKTIP1,gene,4128
MEIOSIN,gene,4129
MT-CO2,gene,4130
TLX1,gene,4131
ZNF551,gene,4132
RGL1,gene,4133
SLC25A47,gene,4134
GAS2L3,gene,4135
MYH11,gene,4136
LRFN1,gene,4137
ASPHD2,gene,4138
RPL23,gene,4139
LRPPRC,gene,4140
CLPS,gene,4141
RALYL,gene,4142
RIPOR3,gene,4143
OGFOD3,gene,4144
PGAP2,gene,4145
EIF3CL,gene,4146
SLC12A3,gene,4147
TMIGD2,gene,4148
IL25,gene,4149
MPZL1,gene,4150
CD37,gene,4151
ZMYM2,gene,4152
CASC3,gene,4153
GK5,gene,4154
CARD6,gene,4155
SYBU,gene,4156
ARSI,gene,4157
MARCHF3,gene,4158
XRCC1,gene,4159
PLAGL1,gene,4160
ENO4,gene,4161
CLDN18,gene,4162
LCE7A,gene,4163
NFE2L1,gene,4164
ARID3A,gene,4165
AGPAT5,gene,4166
NUDT17,gene,4167
CYLC1,gene,4168
LRRC36,gene,4169
HEATR5B,gene,4170
COL13A1,gene,4171
RAB31,gene,4172
ID1,gene,4173
BGN,gene,4174
NME9,gene,4175
CAPN12,gene,4176
NETO1,gene,4177
GSTA5,gene,4178
KCTD9,gene,4179
LRRC28,gene,4180
DRAM2,gene,4181
DOP1B,gene,4182
C5AR2,gene,4183
URM1,gene,4184
LANCL1,gene,4185
FANCM,gene,4186
BCKDHA,gene,4187
MTRR,gene,4188
SLC38A8,gene,4189
GDF9,gene,4190
DPP10,gene,4191
LIMA1,gene,4192
PSAPL1,gene,4193
CD34,gene,4194
CDC123,gene,4195
DNAJC2,gene,4196
AQP12B,gene,4197
MAGEB17,gene,4198
FAM174A,gene,4199
PES1,gene,4200
CHM,gene,4201
CISD3,gene,4202
DYRK1A,gene,4203
SSU72L6,gene,4204
ROBO3,gene,4205
POLH,gene,4206
PITX3,gene,4207
TRAPPC2B,gene,4208
H4C11,gene,4209
SRRT,gene,4210
KLHL31,gene,4211
OTUB2,gene,4212
MYOCD,gene,4213
HELQ,gene,4214
FOXJ1,gene,4215
SPRR2A,gene,4216
SCMH1,gene,4217
RBM12,gene,4218
GUCA2A,gene,4219
ZDHHC11,gene,4220
LELP1,gene,4221
IMP4,gene,4222
ODC1,gene,4223
TRAM2,gene,4224
PM20D2,gene,4225
MSN,gene,4226
CIROP,gene,4227
SCGB1D2,gene,4228
HEYL,gene,4229
DNAJC16,gene,4230
TSN,gene,4231
TESK2,gene,4232
CDX1,gene,4233
RINL,gene,4234
TSHZ3,gene,4235
TRO,gene,4236
SKOR2,gene,4237
TRAPPC3L,gene,4238
KCNF1,gene,4239
OLFML1,gene,4240
IGIP,gene,4241
HAUS7,gene,4242
SFT2D2,gene,4243
BMP1,gene,4244
C1orf167,gene,4245
SINHCAF,gene,4246
RRAD,gene,4247
ZEB2,gene,4248
PANK2,gene,4249
DPY19L3,gene,4250
SCML4,gene,4251
SPPL3,gene,4252
PRSS35,gene,4253
TRMT10B,gene,4254
CHGA,gene,4255
DQX1,gene,4256
SUB1,gene,4257
CRYZL1,gene,4258
CHCHD3,gene,4259
C7orf25,gene,4260
POTEJ,gene,4261
SOX17,gene,4262
OR4B1,gene,4263
KIAA0930,gene,4264
MGAT4D,gene,4265
ZSCAN16,gene,4266
SERPINA3,gene,4267
NME7,gene,4268
BNIPL,gene,4269
SLC17A6,gene,4270
PKN1,gene,4271
HNRNPL,gene,4272
QPCT,gene,4273
COL4A3,gene,4274
ABCF2,gene,4275
ZDHHC4,gene,4276
OXT,gene,4277
CDC20,gene,4278
CD48,gene,4279
PRKAG1,gene,4280
SNRPA1,gene,4281
ATP7B,gene,4282
SLC2A2,gene,4283
ZNF20,gene,4284
STPG4,gene,4285
MMD,gene,4286
RYR1,gene,4287
DTD2,gene,4288
UNC5A,gene,4289
IQCF1,gene,4290
SLC22A7,gene,4291
HSPB3,gene,4292
NOD2,gene,4293
GTF2I,gene,4294
PER3,gene,4295
ZNG1E,gene,4296
RFX8,gene,4297
SALL4,gene,4298
YPEL3,gene,4299
PREX1,gene,4300
ACSM2A,gene,4301
FXYD1,gene,4302
ZNF70,gene,4303
PPIH,gene,4304
C4orf3,gene,4305
LIM2,gene,4306
FAM221A,gene,4307
USP29,gene,4308
PCP2,gene,4309
ALDH1L1,gene,4310
PCDHGA12,gene,4311
H2AP,gene,4312
RACGAP1,gene,4313
SRR,gene,4314
CLVS2,gene,4315
MIER1,gene,4316
AMTN,gene,4317
CUL9,gene,4318
C18orf21,gene,4319
NOXA1,gene,4320
LY6D,gene,4321
FMC1,gene,4322
ENG,gene,4323
CPHXL,gene,4324
PLEKHG6,gene,4325
GNA13,gene,4326
MBD2,gene,4327
TMEM150B,gene,4328
WHRN,gene,4329
TEX10,gene,4330
DHX16,gene,4331
SHISA7,gene,4332
ZNF674,gene,4333
PIGB,gene,4334
DENND10,gene,4335
IFT172,gene,4336
TANC1,gene,4337
RNF144B,gene,4338
KCTD18,gene,4339
SLC45A1,gene,4340
TMEM143,gene,4341
AMIGO1,gene,4342
DUXB,gene,4343
NLRP9,gene,4344
SMARCA4,gene,4345
C11orf71,gene,4346
SHQ1,gene,4347
DDB1,gene,4348
ISM1,gene,4349
ZNF835,gene,4350
PCBD2,gene,4351
LCLAT1,gene,4352
MYT1L,gene,4353
ARHGEF17,gene,4354
SOAT1,gene,4355
SLC29A1,gene,4356
ACKR4,gene,4357
H3C12,gene,4358
SIN3A,gene,4359
ATP6V0A1,gene,4360
B3GALT4,gene,4361
TMEM212,gene,4362
CEP63,gene,4363
CCNG1,gene,4364
SNURF,gene,4365
DOK2,gene,4366
ACTG1,gene,4367
GJA9,gene,4368
PDK2,gene,4369
PITHD1,gene,4370
ZYG11A,gene,4371
DGKE,gene,4372
PARP4,gene,4373
CEP72,gene,4374
DEFB131A,gene,4375
GGH,gene,4376
TGDS,gene,4377
PPP1R14B,gene,4378
FHAD1,gene,4379
RBM48,gene,4380
RPS27L,gene,4381
ATF3,gene,4382
GIMAP2,gene,4383
H4C12,gene,4384
PSG2,gene,4385
SCFD2,gene,4386
FBRSL1,gene,4387
PROK1,gene,4388
PHYH,gene,4389
SPDYC,gene,4390
MAP3K20,gene,4391
PFDN6,gene,4392
FLVCR2,gene,4393
LMOD2,gene,4394
OR4F5,gene,4395
GATAD2B,gene,4396
AIRIM,gene,4397
EPHA1,gene,4398
SRSF4,gene,4399
EPHA8,gene,4400
BDH2,gene,4401
LBHD2,gene,4402
GRK1,gene,4403
OR5L2,gene,4404
ARMH3,gene,4405
PBRM1,gene,4406
PGM2,gene,4407
TDRD3,gene,4408
BCAS1,gene,4409
CYP4F8,gene,4410
MYNN,gene,4411
P2RY6,gene,4412
TADA2A,gene,4413
NUMA1,gene,4414
MZT1,gene,4415
HDHD3,gene,4416
RBSN,gene,4417
TMPRSS5,gene,4418
LZTR1,gene,4419
F3,gene,4420
G3BP1,gene,4421
TSPAN6,gene,4422
MRPL36,gene,4423
ERI1,gene,4424
COMMD10,gene,4425
ATP2A1,gene,4426
SAMSN1,gene,4427
RAB42,gene,4428
EIPR1,gene,4429
TMA7B,gene,4430
AVP,gene,4431
MN1,gene,4432
HERC2,gene,4433
ZNF365,gene,4434
WSCD2,gene,4435
LGALS9C,gene,4436
TAF11L2,gene,4437
SMIM8,gene,4438
ZNF709,gene,4439
GSS,gene,4440
USP18,gene,4441
AP1S1,gene,4442
CERKL,gene,4443
KIF11,gene,4444
FOXA3,gene,4445
SPIN2A,gene,4446
PWWP2A,gene,4447
WDR90,gene,4448
AVPR1A,gene,4449
MXI1,gene,4450
WDR62,gene,4451
BOLA2-SMG1P6,gene,4452
SLC22A18,gene,4453
WWC1,gene,4454
FUNDC2,gene,4455
GPRIN2,gene,4456
C13orf46,gene,4457
C19orf67,gene,4458
TLN1,gene,4459
NPPB,gene,4460
GPR119,gene,4461
ZC3HAV1,gene,4462
FAM83G,gene,4463
GTPBP1,gene,4464
ZNF215,gene,4465
MX1,gene,4466
FAM90A3P,gene,4467
UBA1,gene,4468
KCNE4,gene,4469
DCUN1D5,gene,4470
NLRC4,gene,4471
PURB,gene,4472
PLEKHG5,gene,4473
EEF1D,gene,4474
STX17,gene,4475
B3GAT3,gene,4476
NUTM2E,gene,4477
SIRPG,gene,4478
ZNF761,gene,4479
GLS2,gene,4480
UBE2A,gene,4481
SLC39A7,gene,4482
IKBIP,gene,4483
ANKRD10,gene,4484
HSFX3,gene,4485
TNS2,gene,4486
TIMM23B,gene,4487
RPRML,gene,4488
OSBPL7,gene,4489
CALD1,gene,4490
DCTN2,gene,4491
LSM4,gene,4492
ZNF622,gene,4493
TOR4A,gene,4494
MSH2,gene,4495
PIGG,gene,4496
EFCAB10,gene,4497
C9orf57,gene,4498
AP3B1,gene,4499
USP17L1,gene,4500
CUEDC1,gene,4501
IFITM3,gene,4502
LRCH3,gene,4503
FAM76A,gene,4504
UHRF1,gene,4505
RWDD4,gene,4506
CDC16,gene,4507
RNASEK-C17orf49,gene,4508
TRIM43,gene,4509
SERPINB9,gene,4510
KCNA1,gene,4511
ZNF518A,gene,4512
EEFSEC,gene,4513
EPB41L1,gene,4514
RPL31,gene,4515
USH2A,gene,4516
ARMCX6,gene,4517
KCTD4,gene,4518
ELP5,gene,4519
RSL1D1,gene,4520
ELL3,gene,4521
ACTL10,gene,4522
F8,gene,4523
SLC34A2,gene,4524
VKORC1L1,gene,4525
PTRHD1,gene,4526
PDCD1LG2,gene,4527
MAGEE2,gene,4528
SLC25A36,gene,4529
ATG101,gene,4530
PGRMC2,gene,4531
SLC43A2,gene,4532
CALM3,gene,4533
CEP170,gene,4534
DDX25,gene,4535
GPX4,gene,4536
TMEM51,gene,4537
CLEC4E,gene,4538
IER5L,gene,4539
MYO3A,gene,4540
PSG7,gene,4541
MUC13,gene,4542
LCAT,gene,4543
TNS3,gene,4544
MLC1,gene,4545
ARFGEF1,gene,4546
TMPPE,gene,4547
OR11G2,gene,4548
NOL9,gene,4549
ADRM1,gene,4550
INPP5J,gene,4551
ERCC6L,gene,4552
STAC2,gene,4553
SF3B6,gene,4554
OSTC,gene,4555
CRHR1,gene,4556
MBTPS2,gene,4557
IFITM10,gene,4558
ACVR1B,gene,4559
KRT40,gene,4560
TAF11L9,gene,4561
PSMB10,gene,4562
TMPRSS11B,gene,4563
ZNRD2,gene,4564
MED6,gene,4565
VNN2,gene,4566
TPPP2,gene,4567
INCA1,gene,4568
FAM76B,gene,4569
LILRA1,gene,4570
PDCD2L,gene,4571
JAGN1,gene,4572
GTF2H5,gene,4573
LPAR4,gene,4574
SYCP3,gene,4575
NUCB1,gene,4576
MPPED1,gene,4577
SERAC1,gene,4578
MYO18B,gene,4579
UBE2D1,gene,4580
NUP93,gene,4581
COX7A1,gene,4582
SLC7A1,gene,4583
DAZ3,gene,4584
B4GALNT3,gene,4585
XRN2,gene,4586
IL32,gene,4587
TAS2R9,gene,4588
JUNB,gene,4589
URGCP-MRPS24,gene,4590
CD8A,gene,4591
HOOK3,gene,4592
RASL10B,gene,4593
NCOR1,gene,4594
PTPRF,gene,4595
C3orf38,gene,4596
DEFB108C,gene,4597
ZNF296,gene,4598
ME1,gene,4599
CASKIN2,gene,4600
ATIC,gene,4601
IL7R,gene,4602
GFRAL,gene,4603
CNTFR,gene,4604
OR56B2P,gene,4605
WDR5B,gene,4606
EBF4,gene,4607
FMOD,gene,4608
CCNQ,gene,4609
HOATZ,gene,4610
LIG3,gene,4611
GRP,gene,4612
MAP2K7,gene,4613
AGAP2,gene,4614
CD93,gene,4615
PANO1,gene,4616
FDPS,gene,4617
DPH2,gene,4618
CERS4,gene,4619
H2BC10,gene,4620
MEIS2,gene,4621
OR1G1,gene,4622
CYP3A7-CYP3A51P,gene,4623
MS4A4A,gene,4624
USP54,gene,4625
ITGB1,gene,4626
ACAP1,gene,4627
CPSF4,gene,4628
MTPAP,gene,4629
SEC14L5,gene,4630
IKZF5,gene,4631
PRPF19,gene,4632
AOC3,gene,4633
SUSD4,gene,4634
ZBED1,gene,4635
PRKD3,gene,4636
MAP9,gene,4637
C19orf53,gene,4638
AOX1,gene,4639
USP13,gene,4640
GPR155,gene,4641
AZI2,gene,4642
UXS1,gene,4643
ARPC5,gene,4644
ZNF77,gene,4645
SLC27A2,gene,4646
P2RY1,gene,4647
FLYWCH2,gene,4648
ZNF404,gene,4649
IL17F,gene,4650
OR51B2,gene,4651
MC2R,gene,4652
KCNJ4,gene,4653
TIMM9,gene,4654
ZNF778,gene,4655
ANKRD34C,gene,4656
AGRP,gene,4657
RBM4,gene,4658
STAM2,gene,4659
MAP3K11,gene,4660
RAB11FIP2,gene,4661
ADAMTS14,gene,4662
SPIB,gene,4663
TSPY1,gene,4664
ST8SIA3,gene,4665
LGALS7B,gene,4666
IVD,gene,4667
PACS1,gene,4668
DDX10,gene,4669
SLC46A3,gene,4670
NAA30,gene,4671
SNAI3,gene,4672
SAMD14,gene,4673
ZFP3,gene,4674
C22orf15,gene,4675
EIF2AK1,gene,4676
PIGQ,gene,4677
MT-ND6,gene,4678
ZNF571,gene,4679
NSUN7,gene,4680
SORBS1,gene,4681
BMI1,gene,4682
PRC1,gene,4683
KIRREL3,gene,4684
GRK4,gene,4685
FBXL8,gene,4686
SLC39A14,gene,4687
TRIQK,gene,4688
SLC15A1,gene,4689
RIPOR1,gene,4690
SDS,gene,4691
RAN,gene,4692
OR52K2,gene,4693
KRR1,gene,4694
SRGAP1,gene,4695
FAM174C,gene,4696
SIN3B,gene,4697
OAS3,gene,4698
OR1E2,gene,4699
DDX6,gene,4700
PHYHIP,gene,4701
JRK,gene,4702
DENND5A,gene,4703
TTC31,gene,4704
OGDHL,gene,4705
OR1J1,gene,4706
PPM1N,gene,4707
ZNF282,gene,4708
SPTBN5,gene,4709
NDUFA2,gene,4710
MUC5AC,gene,4711
PXDNL,gene,4712
NXF2,gene,4713
PPP2R2D,gene,4714
TERF2IP,gene,4715
UBTFL1,gene,4716
BHMT2,gene,4717
RFNG,gene,4718
MRPS15,gene,4719
PRAMEF15,gene,4720
LCN10,gene,4721
SETD1A,gene,4722
PLXDC2,gene,4723
PTGR2,gene,4724
MOSMO,gene,4725
POMT1,gene,4726
SP140L,gene,4727
ZNF629,gene,4728
MCM8,gene,4729
CCDC124,gene,4730
KRTAP1-5,gene,4731
BRINP1,gene,4732
C14orf39,gene,4733
RGPD4,gene,4734
MIS18BP1,gene,4735
DGKB,gene,4736
GPRASP1,gene,4737
PPOX,gene,4738
ITGA3,gene,4739
CYTH2,gene,4740
TRPC4AP,gene,4741
PCDHB9,gene,4742
TLR1,gene,4743
MRLN,gene,4744
SERPINB6,gene,4745
ATMIN,gene,4746
MARK1,gene,4747
MBLAC2,gene,4748
RRAGA,gene,4749
MRGPRG,gene,4750
RLN1,gene,4751
HSPB8,gene,4752
BOLA2B,gene,4753
SH2D4B,gene,4754
MYH15,gene,4755
ASB10,gene,4756
NT5C1A,gene,4757
MYH13,gene,4758
LTB4R,gene,4759
OSTM1,gene,4760
MAN1C1,gene,4761
RHOXF2,gene,4762
USP50,gene,4763
LMNB2,gene,4764
TMEM31,gene,4765
PAX8,gene,4766
MBIP,gene,4767
NOLC1,gene,4768
IRF4,gene,4769
EIF2B4,gene,4770
MEMO1,gene,4771
MTMR11,gene,4772
SHOX2,gene,4773
MED7,gene,4774
NTN5,gene,4775
OXGR1,gene,4776
FGR,gene,4777
CCL20,gene,4778
AK8,gene,4779
LAMA3,gene,4780
R3HDML,gene,4781
PGGHG,gene,4782
PUS7L,gene,4783
MESP1,gene,4784
TNFAIP8L2,gene,4785
TRAF3IP3,gene,4786
FBXO48,gene,4787
COA1,gene,4788
KRT7,gene,4789
CORO6,gene,4790
TCEA1,gene,4791
AQP9,gene,4792
HCN4,gene,4793
BRMS1,gene,4794
NTS,gene,4795
PARD3,gene,4796
PRR3,gene,4797
SMIM46,gene,4798
COA8,gene,4799
TTC28,gene,4800
KRTAP4-5,gene,4801
SCN10A,gene,4802
FNDC5,gene,4803
PFN4,gene,4804
BFSP1,gene,4805
PIK3C2A,gene,4806
ESRRG,gene,4807
YBX1,gene,4808
GLRX,gene,4809
MORC1,gene,4810
CALR,gene,4811
PRADC1,gene,4812
ANXA2,gene,4813
CFL2,gene,4814
ADAM19,gene,4815
ROS1,gene,4816
JAK3,gene,4817
KRT78,gene,4818
WDR97,gene,4819
EXOSC10,gene,4820
TNFRSF18,gene,4821
ECM1,gene,4822
ZNF777,gene,4823
H4C6,gene,4824
ZNF660,gene,4825
MCM9,gene,4826
R3HCC1L,gene,4827
TOM1,gene,4828
KLHDC7A,gene,4829
OR10H5,gene,4830
DDX19A,gene,4831
MYO1F,gene,4832
RNF187,gene,4833
FRG2,gene,4834
MAGEE1,gene,4835
CYB561D2,gene,4836
ACOT13,gene,4837
ARHGEF6,gene,4838
KBTBD11,gene,4839
MAPKAPK3,gene,4840
TDGF1P3,gene,4841
FDXACB1,gene,4842
CIAO1,gene,4843
LRRC8C,gene,4844
FEV,gene,4845
SEPTIN14,gene,4846
PTK2,gene,4847
EYA2,gene,4848
ADGRG4,gene,4849
GSK3A,gene,4850
GUCA1ANB-GUCA1A,gene,4851
KLHL21,gene,4852
UBAP1L,gene,4853
CYFIP1,gene,4854
POLR2A,gene,4855
B4GALT1,gene,4856
DYNLT4,gene,4857
FOXK2,gene,4858
AMD1,gene,4859
CTSF,gene,4860
ZNF317,gene,4861
OR14C36,gene,4862
CNTN1,gene,4863
TRIM68,gene,4864
PEX5L,gene,4865
XRRA1,gene,4866
DAND5,gene,4867
SYCP1,gene,4868
BEAN1,gene,4869
MSMB,gene,4870
ZNF251,gene,4871
ZBTB48,gene,4872
SLC25A53,gene,4873
ZCCHC10,gene,4874
LANCL2,gene,4875
MACROH2A1,gene,4876
NHSL2,gene,4877
VPS25,gene,4878
DNM2,gene,4879
MED18,gene,4880
OLAH,gene,4881
VAMP2,gene,4882
IFNL3,gene,4883
CETN3,gene,4884
TRPM3,gene,4885
FXN,gene,4886
PCDHA12,gene,4887
DAB2IP,gene,4888
SORD,gene,4889
RPAP2,gene,4890
ARHGAP27,gene,4891
EPHX2,gene,4892
IL2RA,gene,4893
CA5B,gene,4894
CLUAP1,gene,4895
SRF,gene,4896
LMX1B,gene,4897
TMEM102,gene,4898
GTF2E1,gene,4899
C17orf50,gene,4900
LHB,gene,4901
AP1S3,gene,4902
TNFRSF11B,gene,4903
DIO1,gene,4904
IL18BP,gene,4905
FAM90A1,gene,4906
THAP10,gene,4907
CDK10,gene,4908
ANKRD62,gene,4909
HHIPL2,gene,4910
CTAGE6,gene,4911
ZNF609,gene,4912
CAMK1G,gene,4913
CSAG3,gene,4914
DRAM1,gene,4915
ATOH7,gene,4916
DMRT3,gene,4917
TMED8,gene,4918
GCG,gene,4919
RCC2,gene,4920
RETREG3,gene,4921
EVI5,gene,4922
EDA2R,gene,4923
GIPC1,gene,4924
ITSN1,gene,4925
FBXO16,gene,4926
AP4E1,gene,4927
FGL1,gene,4928
PPARD,gene,4929
ZNF169,gene,4930
RPS8,gene,4931
CENPP,gene,4932
CBY3,gene,4933
ATP6V1E2,gene,4934
ELOVL4,gene,4935
OR5M9,gene,4936
RGS17,gene,4937
MEX3A,gene,4938
DYDC2,gene,4939
CDC42EP4,gene,4940
XPO5,gene,4941
GSDMA,gene,4942
HDAC10,gene,4943
TIAM2,gene,4944
PLAAT3,gene,4945
SSBP1,gene,4946
CT47A11,gene,4947
RBMY1J,gene,4948
SPRR1B,gene,4949
EFCAB7,gene,4950
PPP4R2,gene,4951
TAF11L14,gene,4952
GTF2IRD1,gene,4953
CCDC120,gene,4954
GSTO2,gene,4955
MAP2K2,gene,4956
TRA2B,gene,4957
SGPP2,gene,4958
ZNF892,gene,4959
SMIM41,gene,4960
PLEKHB1,gene,4961
ATP5PD,gene,4962
DEPDC1,gene,4963
ARHGEF37,gene,4964
TAF3,gene,4965
AGPAT3,gene,4966
HDGF,gene,4967
TMEM150C,gene,4968
CPZ,gene,4969
GPR179,gene,4970
C2orf66,gene,4971
PRKAG2,gene,4972
ADPRHL1,gene,4973
NGFR,gene,4974
HSPA14,gene,4975
STARD5,gene,4976
NELFB,gene,4977
PLEKHH1,gene,4978
ECHDC1,gene,4979
TRIM5,gene,4980
SAXO3,gene,4981
FGF16,gene,4982
OR6C2,gene,4983
ZNF692,gene,4984
OR4C46,gene,4985
MAP7D2,gene,4986
KSR2,gene,4987
ZNF132,gene,4988
GIMAP5,gene,4989
PTPN13,gene,4990
C1orf127,gene,4991
UBXN10,gene,4992
RSU1,gene,4993
AIFM1,gene,4994
CDK19,gene,4995
BSDC1,gene,4996
ZNF772,gene,4997
RSBN1L,gene,4998
SNX19,gene,4999
TECRL,gene,5000
NPEPL1,gene,5001
PPWD1,gene,5002
TTL,gene,5003
CDK16,gene,5004
BRD1,gene,5005
TMEM234,gene,5006
FAM3D,gene,5007
CERS5,gene,5008
KLK2,gene,5009
ATP9A,gene,5010
ZNF775,gene,5011
SH3BP5,gene,5012
NECAB1,gene,5013
RNF34,gene,5014
SNX6,gene,5015
CCL18,gene,5016
TASP1,gene,5017
FAM193B,gene,5018
ADAMTS20,gene,5019
POC1B-GALNT4,gene,5020
JPT2,gene,5021
LRMDA,gene,5022
TMEM115,gene,5023
RAD51B,gene,5024
PADI3,gene,5025
TARDBP,gene,5026
PCDHB6,gene,5027
SYTL4,gene,5028
CMTM4,gene,5029
SLC25A39,gene,5030
DDX18,gene,5031
IGSF9,gene,5032
ROGDI,gene,5033
TCF19,gene,5034
APOOL,gene,5035
DNAJC25,gene,5036
SLCO1C1,gene,5037
MFSD1,gene,5038
RAG1,gene,5039
CRLF3,gene,5040
HMX1,gene,5041
AS3MT,gene,5042
OR2AP1,gene,5043
FCRLA,gene,5044
CCDC80,gene,5045
VMAC,gene,5046
ROBO4,gene,5047
TMEM52B,gene,5048
RAB5A,gene,5049
IQCC,gene,5050
SH2D4A,gene,5051
TASL,gene,5052
UBE2Q1,gene,5053
CCR8,gene,5054
CAPN13,gene,5055
KRTAP5-11,gene,5056
KDM5D,gene,5057
TWNK,gene,5058
SARNP,gene,5059
CEP57,gene,5060
XRCC5,gene,5061
MYOT,gene,5062
CRYGN,gene,5063
TMEM8B,gene,5064
SLITRK5,gene,5065
UBE3C,gene,5066
SLC8A2,gene,5067
RPS6KB1,gene,5068
UMAD1,gene,5069
CFAP52,gene,5070
ZBTB17,gene,5071
TMEM270,gene,5072
CYP3A43,gene,5073
HNRNPM,gene,5074
MZT2A,gene,5075
VEGFC,gene,5076
KRTDAP,gene,5077
MS4A18,gene,5078
TTC27,gene,5079
USE1,gene,5080
PLEKHG4,gene,5081
URI1,gene,5082
ERMN,gene,5083
WDR53,gene,5084
MEP1A,gene,5085
GPR37,gene,5086
TMCC1,gene,5087
ART1,gene,5088
TCTN3,gene,5089
MAGEA8,gene,5090
AOPEP,gene,5091
SLFN14,gene,5092
UCMA,gene,5093
C1RL,gene,5094
LRPAP1,gene,5095
LY6L,gene,5096
DOK7,gene,5097
AATF,gene,5098
ADM2,gene,5099
TEKT3,gene,5100
NBPF19,gene,5101
KY,gene,5102
DIAPH3,gene,5103
LRP2BP,gene,5104
DROSHA,gene,5105
RORC,gene,5106
FAM163A,gene,5107
SDCBP,gene,5108
NMUR1,gene,5109
ZNF280D,gene,5110
TAS2R16,gene,5111
COL9A3,gene,5112
WDR37,gene,5113
CCDC32,gene,5114
IZUMO1,gene,5115
ZUP1,gene,5116
RXFP4,gene,5117
FDFT1,gene,5118
LYRM1,gene,5119
PRAMEF13,gene,5120
DHRS3,gene,5121
KLHDC8A,gene,5122
ZNF362,gene,5123
ANXA2R,gene,5124
API5,gene,5125
HBM,gene,5126
NFS1,gene,5127
SSPN,gene,5128
CFAP418,gene,5129
NR4A1,gene,5130
ZNF333,gene,5131
PLD6,gene,5132
DDRGK1,gene,5133
SETDB1,gene,5134
UBE3D,gene,5135
APOL5,gene,5136
GGT5,gene,5137
PRR22,gene,5138
NXPE2,gene,5139
ALKBH2,gene,5140
TM6SF2,gene,5141
ADCK5,gene,5142
CCDC169-SOHLH2,gene,5143
WDR4,gene,5144
TONSL,gene,5145
DTWD2,gene,5146
ZNF799,gene,5147
HOXA3,gene,5148
GAS2L1,gene,5149
CCDC57,gene,5150
ATRAID,gene,5151
GRIP2,gene,5152
MICA,gene,5153
TPCN1,gene,5154
GSR,gene,5155
C1orf94,gene,5156
ITPRIPL2,gene,5157
TMEM42,gene,5158
CCDC110,gene,5159
CMTR1,gene,5160
LDHAL6B,gene,5161
MLYCD,gene,5162
SP6,gene,5163
DDX60L,gene,5164
HEXIM2,gene,5165
BACE2,gene,5166
SHROOM2,gene,5167
S100A7A,gene,5168
TDRD5,gene,5169
UNC80,gene,5170
ATP1A2,gene,5171
SEC14L4,gene,5172
VCPIP1,gene,5173
OR2V2,gene,5174
SPINK2,gene,5175
DSCAM,gene,5176
IRF2BPL,gene,5177
SOWAHA,gene,5178
SEMA4G,gene,5179
OR10J1,gene,5180
VDAC1,gene,5181
ITGB1BP1,gene,5182
RPL15,gene,5183
STK31,gene,5184
BRI3,gene,5185
IL36RN,gene,5186
FOLH1,gene,5187
IGFALS,gene,5188
ADAM21,gene,5189
GDF1,gene,5190
KCTD21,gene,5191
TTLL13,gene,5192
ST3GAL6,gene,5193
P2RY13,gene,5194
ARMCX3,gene,5195
SLC4A11,gene,5196
LCN8,gene,5197
TMED4,gene,5198
GARIN3,gene,5199
LIMS1,gene,5200
FCN2,gene,5201
FAM181A,gene,5202
SIGMAR1,gene,5203
SDC4,gene,5204
TFAM,gene,5205
TMEM92,gene,5206
STAMBPL1,gene,5207
LPA,gene,5208
ALPK3,gene,5209
CCDC134,gene,5210
PPT2,gene,5211
LCE2C,gene,5212
MORN1,gene,5213
TAF8,gene,5214
HTR3A,gene,5215
CEP152,gene,5216
UPP1,gene,5217
CELA1,gene,5218
CNP,gene,5219
DNAJB7,gene,5220
CIDEC,gene,5221
SMIM45,gene,5222
RCN3,gene,5223
PRKACB,gene,5224
PDE8A,gene,5225
TEPSIN,gene,5226
BACH1,gene,5227
CABP2,gene,5228
XYLB,gene,5229
GHRL,gene,5230
ENDOG,gene,5231
USP17L19,gene,5232
GLUD2,gene,5233
MBNL2,gene,5234
LUC7L3,gene,5235
TRIM36,gene,5236
RCL1,gene,5237
JAG1,gene,5238
C16orf54,gene,5239
EPHA2,gene,5240
ADA2,gene,5241
NIT2,gene,5242
ACADL,gene,5243
FTHL17,gene,5244
SERTAD3,gene,5245
STPG3,gene,5246
GPX1,gene,5247
OTUD3,gene,5248
ARL8B,gene,5249
C7,gene,5250
SPIDR,gene,5251
PSG4,gene,5252
PCDH11Y,gene,5253
C3orf62,gene,5254
SEC22A,gene,5255
MARCHF11,gene,5256
BRDT,gene,5257
PDCD1,gene,5258
DOCK11,gene,5259
NPDC1,gene,5260
CHEK1,gene,5261
RBP3,gene,5262
SNRPG,gene,5263
PROK2,gene,5264
IFT70A,gene,5265
TRIM69,gene,5266
SOCS3,gene,5267
TULP2,gene,5268
XKR4,gene,5269
OR52B6,gene,5270
CALM1,gene,5271
NQO1,gene,5272
LIG1,gene,5273
ANTXR1,gene,5274
CBLB,gene,5275
COX7C,gene,5276
SLC10A6,gene,5277
PLPP1,gene,5278
FAM174B,gene,5279
CHIC2,gene,5280
NPTX2,gene,5281
H1-8,gene,5282
GPCPD1,gene,5283
PRAMEF14,gene,5284
MXD1,gene,5285
SYK,gene,5286
MS4A1,gene,5287
KANSL1,gene,5288
ZNF33A,gene,5289
ZNF511,gene,5290
MCCD1,gene,5291
SHTN1,gene,5292
BTG2,gene,5293
PPARGC1A,gene,5294
USP17L23,gene,5295
MAPK14,gene,5296
COQ4,gene,5297
CPLANE2,gene,5298
DVL3,gene,5299
DPH7,gene,5300
DIXDC1,gene,5301
KRT6C,gene,5302
CAMK2D,gene,5303
ALOX5AP,gene,5304
ZBTB8OS,gene,5305
PLAGL2,gene,5306
GGCT,gene,5307
DUSP19,gene,5308
SARS2,gene,5309
NRIP2,gene,5310
SRGAP2,gene,5311
BOK,gene,5312
RSPH14,gene,5313
IFNLR1,gene,5314
F8A3,gene,5315
NANOG,gene,5316
NIPA2,gene,5317
VPS53,gene,5318
SPANXB1,gene,5319
ASIP,gene,5320
MALT1,gene,5321
GRB10,gene,5322
ARID4B,gene,5323
CNTROB,gene,5324
SEC24C,gene,5325
CD1A,gene,5326
LEUTX,gene,5327
PLEKHA4,gene,5328
ZNF789,gene,5329
RTN1,gene,5330
AIMP2,gene,5331
GJA4,gene,5332
REEP4,gene,5333
LY6H,gene,5334
C1orf226,gene,5335
ATP6V0E2,gene,5336
KSR1,gene,5337
DLL4,gene,5338
SRSF10,gene,5339
KLRF1,gene,5340
CCAR1,gene,5341
NUPR1,gene,5342
FARP1,gene,5343
CCDC170,gene,5344
NOL11,gene,5345
SMG7,gene,5346
FAM234B,gene,5347
POC5,gene,5348
DEFB4B,gene,5349
GPT,gene,5350
URB1,gene,5351
FAHD2B,gene,5352
POLR1A,gene,5353
IQSEC2,gene,5354
ANG,gene,5355
GSTM5,gene,5356
FMC1-LUC7L2,gene,5357
PSME1,gene,5358
CD200R1L,gene,5359
KRT14,gene,5360
CTSS,gene,5361
SLC52A2,gene,5362
TNFRSF10A,gene,5363
SNU13,gene,5364
SNX33,gene,5365
H3C11,gene,5366
LEMD1,gene,5367
CCNG2,gene,5368
NRXN2,gene,5369
UMOD,gene,5370
SMARCD2,gene,5371
TRIM47,gene,5372
CELA2A,gene,5373
SETD7,gene,5374
GTPBP2,gene,5375
PPP1R2B,gene,5376
TRIL,gene,5377
FABP3,gene,5378
C8orf82,gene,5379
DCAF8L2,gene,5380
CEACAM16,gene,5381
C2orf88,gene,5382
VANGL2,gene,5383
FBXW7,gene,5384
TAAR5,gene,5385
MAFA,gene,5386
VSIG10L2,gene,5387
APCDD1L,gene,5388
DNAH1,gene,5389
CLEC12A,gene,5390
VDAC3,gene,5391
ITPRIP,gene,5392
TNFAIP2,gene,5393
MEPCE,gene,5394
GAL3ST3,gene,5395
NDN,gene,5396
ZPBP2,gene,5397
RORB,gene,5398
TAFA5,gene,5399
GPC4,gene,5400
MAST2,gene,5401
COL4A2,gene,5402
HNRNPCL1,gene,5403
FAM161A,gene,5404
EGR1,gene,5405
CENPW,gene,5406
TMEM126A,gene,5407
CLK3,gene,5408
ARL10,gene,5409
RNF213,gene,5410
CCDC183,gene,5411
ACBD6,gene,5412
TCAF2,gene,5413
RNF222,gene,5414
C17orf58,gene,5415
LAYN,gene,5416
MEFV,gene,5417
QRICH1,gene,5418
UFL1,gene,5419
VSIG4,gene,5420
CDK18,gene,5421
TXK,gene,5422
EPOP,gene,5423
CEP76,gene,5424
UFM1,gene,5425
JMJD1C,gene,5426
MOK,gene,5427
SLX4,gene,5428
ZFYVE9,gene,5429
CIT,gene,5430
ODF2L,gene,5431
RNF214,gene,5432
SAP30BP,gene,5433
NDUFA3,gene,5434
NAA50,gene,5435
NBN,gene,5436
PCDH18,gene,5437
GPHB5,gene,5438
MVD,gene,5439
NKX2-5,gene,5440
IHO1,gene,5441
IGFL4,gene,5442
KRTAP5-7,gene,5443
SPRED1,gene,5444
LCE3B,gene,5445
COPB2,gene,5446
IPO11,gene,5447
GCK,gene,5448
LRRC43,gene,5449
CTLA4,gene,5450
SETBP1,gene,5451
CCDC154,gene,5452
ARHGEF10L,gene,5453
ZNF560,gene,5454
SMIM44,gene,5455
CCDC24,gene,5456
IFT27,gene,5457
CREB3,gene,5458
SAPCD1,gene,5459
CARHSP1,gene,5460
PDE6D,gene,5461
BEST3,gene,5462
GH2,gene,5463
PLA2G4E,gene,5464
PTAFR,gene,5465
SRP14,gene,5466
PKD1L3,gene,5467
CHMP2B,gene,5468
SORCS1,gene,5469
CDH12,gene,5470
OR13C3,gene,5471
MAPKAP1,gene,5472
TMEM223,gene,5473
JMJD4,gene,5474
P2RY12,gene,5475
GTSF1,gene,5476
ZNF507,gene,5477
OR1J2,gene,5478
PDE12,gene,5479
FBL,gene,5480
SERPINB10,gene,5481
SPDYE2,gene,5482
HDX,gene,5483
OR8D2,gene,5484
RNASE6,gene,5485
P2RX1,gene,5486
OR13F1,gene,5487
MFAP4,gene,5488
KCNC3,gene,5489
KIAA0319L,gene,5490
GPRC6A,gene,5491
DND1,gene,5492
ATP2A3,gene,5493
ANKRD6,gene,5494
REEP3,gene,5495
APBB1IP,gene,5496
KRTAP7-1,gene,5497
CPVL,gene,5498
TNPO3,gene,5499
TMEM235,gene,5500
VAX1,gene,5501
MYLK,gene,5502
TIAL1,gene,5503
FAM209A,gene,5504
SORBS3,gene,5505
PDE5A,gene,5506
SLC6A1,gene,5507
NVL,gene,5508
IFIT3,gene,5509
HCN2,gene,5510
PIP5K1A,gene,5511
FLOT2,gene,5512
SSC5D,gene,5513
BZW2,gene,5514
PRR33,gene,5515
TCEANC2,gene,5516
SV2A,gene,5517
THPO,gene,5518
TEAD1,gene,5519
MCMBP,gene,5520
CLCN7,gene,5521
TRMT61A,gene,5522
TUBA3E,gene,5523
GPR176,gene,5524
TNP1,gene,5525
PPM1A,gene,5526
PRDM2,gene,5527
CHST12,gene,5528
GALNT5,gene,5529
BCO2,gene,5530
PRF1,gene,5531
TTC39B,gene,5532
DSC2,gene,5533
FAM228A,gene,5534
INPPL1,gene,5535
CWC22,gene,5536
SH3GL2,gene,5537
PAAF1,gene,5538
DNAJC24,gene,5539
SMIM28,gene,5540
ADPGK,gene,5541
RAD1,gene,5542
PRPS1L1,gene,5543
OOSP2,gene,5544
FUT8,gene,5545
SEZ6L,gene,5546
REXO1,gene,5547
ATE1,gene,5548
ZC3H7A,gene,5549
IWS1,gene,5550
KCNQ4,gene,5551
CDH9,gene,5552
TINF2,gene,5553
SLC34A3,gene,5554
SOCS4,gene,5555
GYG1,gene,5556
UTP18,gene,5557
FAM90A13P,gene,5558
CDK5RAP1,gene,5559
GYPA,gene,5560
BORCS8,gene,5561
PSKH2,gene,5562
ADGRF1,gene,5563
MRPL30,gene,5564
ADAT1,gene,5565
CEPT1,gene,5566
CHURC1-FNTB,gene,5567
CD83,gene,5568
HYPK,gene,5569
RTF2,gene,5570
NOBOX,gene,5571
C12orf50,gene,5572
DYNC1H1,gene,5573
BNIP1,gene,5574
BET1L,gene,5575
KANSL2,gene,5576
RIPK3,gene,5577
PFDN4,gene,5578
KLF10,gene,5579
RIMBP3B,gene,5580
IZUMO1R,gene,5581
CA9,gene,5582
H2AC4,gene,5583
CNOT10,gene,5584
SPSB2,gene,5585
C11orf65,gene,5586
ACTL6A,gene,5587
ITGA6,gene,5588
CDCA7,gene,5589
FGF22,gene,5590
TREML4,gene,5591
NANP,gene,5592
H2AC18,gene,5593
RPL36A-HNRNPH2,gene,5594
ERGIC2,gene,5595
OR7E24,gene,5596
ZNF432,gene,5597
ZNF599,gene,5598
AGT,gene,5599
BCORL1,gene,5600
KHDRBS3,gene,5601
TIMM10B,gene,5602
TAB3,gene,5603
WDR74,gene,5604
NUP188,gene,5605
NPIPB6,gene,5606
TEKTL1,gene,5607
GPR20,gene,5608
USP17L8,gene,5609
VOPP1,gene,5610
OR13C8,gene,5611
FAR1,gene,5612
FSCN1,gene,5613
INHBE,gene,5614
GET3,gene,5615
TRPS1,gene,5616
EHBP1,gene,5617
SMLR1,gene,5618
SYNJ2,gene,5619
ZNF492,gene,5620
PPM1B,gene,5621
SLC44A4,gene,5622
NHSL1,gene,5623
PKN2,gene,5624
KRIT1,gene,5625
WDR12,gene,5626
OR9I1,gene,5627
FILIP1,gene,5628
ZNF474,gene,5629
PTCH1,gene,5630
DGKG,gene,5631
COX4I1,gene,5632
ADH7,gene,5633
GOLGA6B,gene,5634
CCR10,gene,5635
LRRC37A2,gene,5636
LIN9,gene,5637
VPS41,gene,5638
SORCS3,gene,5639
DRAXIN,gene,5640
TTN,gene,5641
TFPT,gene,5642
SMIM24,gene,5643
MAPK3,gene,5644
RNF220,gene,5645
SVEP1,gene,5646
TMOD1,gene,5647
APOC4-APOC2,gene,5648
GNG14,gene,5649
PTPRT,gene,5650
BST1,gene,5651
TAS2R1,gene,5652
CD63,gene,5653
FAM90A12P,gene,5654
CBLN3,gene,5655
VPS33A,gene,5656
NKX2-3,gene,5657
PRXL2C,gene,5658
EDARADD,gene,5659
PLCXD2,gene,5660
CHST10,gene,5661
OR4X1,gene,5662
XPO7,gene,5663
SPG21,gene,5664
EMP3,gene,5665
XPOT,gene,5666
FIG4,gene,5667
ERAP1,gene,5668
MYOM3,gene,5669
GPR151,gene,5670
OR5T2,gene,5671
POLR1H,gene,5672
FAM50A,gene,5673
UBR5,gene,5674
ADARB2,gene,5675
SYNE4,gene,5676
ITPKC,gene,5677
UQCC2,gene,5678
CFAP20DC,gene,5679
SLC35G1,gene,5680
ZER1,gene,5681
ATP2B4,gene,5682
ZCCHC17,gene,5683
AFF3,gene,5684
ARL14,gene,5685
SPRR2D,gene,5686
DVL1,gene,5687
COL6A2,gene,5688
SCAI,gene,5689
SLC9A5,gene,5690
YBEY,gene,5691
CACNA2D1,gene,5692
PTPRG,gene,5693
MS4A12,gene,5694
NET1,gene,5695
ZNF780A,gene,5696
APH1A,gene,5697
EIF4G1,gene,5698
SEPTIN8,gene,5699
EHD3,gene,5700
KCTD20,gene,5701
MLLT3,gene,5702
RHCG,gene,5703
MBD3,gene,5704
CUZD1,gene,5705
MRPL54,gene,5706
FAM86B2,gene,5707
ZNF689,gene,5708
DUSP26,gene,5709
ASPM,gene,5710
TMC7,gene,5711
PWP2,gene,5712
CEP350,gene,5713
ARL6IP5,gene,5714
H1-3,gene,5715
USP17L7,gene,5716
LRRC10,gene,5717
TUBG2,gene,5718
TBX2,gene,5719
NUDT6,gene,5720
MMP9,gene,5721
ANKRD34A,gene,5722
UNC13A,gene,5723
ZNF668,gene,5724
NTN3,gene,5725
CXCL1,gene,5726
GTF3C6,gene,5727
POU3F3,gene,5728
TRIM7,gene,5729
CHN2,gene,5730
AP1S2,gene,5731
TKTL1,gene,5732
DGAT2,gene,5733
LCTL,gene,5734
CRPPA,gene,5735
RAP2A,gene,5736
DLX1,gene,5737
SLC4A3,gene,5738
CCSAP,gene,5739
ITSN2,gene,5740
MTX2,gene,5741
DNAJC19,gene,5742
GNAQ,gene,5743
KIF4A,gene,5744
NEBL,gene,5745
CREBL2,gene,5746
RASAL3,gene,5747
FZD9,gene,5748
LIPE,gene,5749
DNMT3A,gene,5750
C18orf32,gene,5751
ERO1B,gene,5752
GZF1,gene,5753
AHR,gene,5754
ZNF724,gene,5755
ZNF514,gene,5756
ING3,gene,5757
G6PC1,gene,5758
OR13J1,gene,5759
DENND2C,gene,5760
C15orf62,gene,5761
PTPN4,gene,5762
ZSCAN5B,gene,5763
OR2A5,gene,5764
ZNF354A,gene,5765
PLEKHA5,gene,5766
ANO9,gene,5767
BPHL,gene,5768
ZNF679,gene,5769
ODAM,gene,5770
CISD2,gene,5771
RARG,gene,5772
OR5H6,gene,5773
MCM10,gene,5774
NRBF2,gene,5775
MS4A7,gene,5776
LCE2D,gene,5777
SRRM5,gene,5778
TPTEP2-CSNK1E,gene,5779
KLRC1,gene,5780
ILDR2,gene,5781
SH2D2A,gene,5782
PGR,gene,5783
MARCHF5,gene,5784
TSSK3,gene,5785
ZMYND19,gene,5786
BECN1,gene,5787
PPM1F,gene,5788
CACNB3,gene,5789
CTBS,gene,5790
NPIPA3,gene,5791
SLC26A4,gene,5792
TIMM8A,gene,5793
ST6GALNAC6,gene,5794
POLR2H,gene,5795
ANGPTL5,gene,5796
LMO7,gene,5797
EGFL8,gene,5798
MKS1,gene,5799
TTC33,gene,5800
CSGALNACT2,gene,5801
SMAD2,gene,5802
ERG,gene,5803
FKBP1C,gene,5804
SAMD10,gene,5805
GNE,gene,5806
SMC1A,gene,5807
TSPAN14,gene,5808
HMGA2,gene,5809
APOBEC3B,gene,5810
MATCAP2,gene,5811
FAM162A,gene,5812
ZBED6,gene,5813
SIRT1,gene,5814
USO1,gene,5815
LGR6,gene,5816
SPINK1,gene,5817
NDUFC2-KCTD14,gene,5818
PARVB,gene,5819
AK9,gene,5820
EFCAB8,gene,5821
LTB4R2,gene,5822
SUPT20H,gene,5823
ACRV1,gene,5824
GALP,gene,5825
FGF14,gene,5826
TMEM171,gene,5827
PISD,gene,5828
CCDC91,gene,5829
RAB29,gene,5830
CSAG1,gene,5831
CD44,gene,5832
FRMD1,gene,5833
HRH2,gene,5834
SFTPA2,gene,5835
PRPF39,gene,5836
DCAF12,gene,5837
ZNF256,gene,5838
ZNF98,gene,5839
TENM2,gene,5840
ZNF7,gene,5841
OR52R1,gene,5842
FH,gene,5843
EHMT2,gene,5844
NDUFB3,gene,5845
CALB1,gene,5846
KCNAB1,gene,5847
CT47A7,gene,5848
CD27,gene,5849
CCDC18,gene,5850
CAMKK1,gene,5851
COBL,gene,5852
SF3B4,gene,5853
ASB16,gene,5854
CYB5B,gene,5855
DPM3,gene,5856
ELAC1,gene,5857
TAF11L4,gene,5858
WDR43,gene,5859
CNGA1,gene,5860
DUSP6,gene,5861
ACACB,gene,5862
SLC16A3,gene,5863
SEC11A,gene,5864
TTC7A,gene,5865
SLC22A5,gene,5866
PAGE2,gene,5867
HSD17B10,gene,5868
ZNF124,gene,5869
HCFC1,gene,5870
ADISSP,gene,5871
PPIAL4C,gene,5872
ATP6V0A2,gene,5873
ALDOA,gene,5874
LDLR,gene,5875
RIDA,gene,5876
ZIC4,gene,5877
CIB4,gene,5878
STRADB,gene,5879
NFE2L3,gene,5880
GRB14,gene,5881
AZGP1,gene,5882
AFMID,gene,5883
FXYD7,gene,5884
ACOX3,gene,5885
TOR3A,gene,5886
LRIG2,gene,5887
ATXN2L,gene,5888
XAGE1B,gene,5889
FBN2,gene,5890
OR1L4,gene,5891
ARHGEF3,gene,5892
METAP1,gene,5893
PJVK,gene,5894
PTDSS2,gene,5895
LRRD1,gene,5896
AVIL,gene,5897
MIA2,gene,5898
LILRB5,gene,5899
VPS51,gene,5900
PRMT5,gene,5901
KRTAP2-3,gene,5902
TVP23A,gene,5903
ARHGAP24,gene,5904
CCDC112,gene,5905
EQTN,gene,5906
HGSNAT,gene,5907
SVIL,gene,5908
SPANXN1,gene,5909
SDR42E1,gene,5910
USP43,gene,5911
BABAM1,gene,5912
PLEKHJ1,gene,5913
PPP3R1,gene,5914
CDC42SE1,gene,5915
ZNF750,gene,5916
ABHD10,gene,5917
TXNRD1,gene,5918
SCN3B,gene,5919
ANXA11,gene,5920
SH3TC1,gene,5921
PI15,gene,5922
SMAD4,gene,5923
MLEC,gene,5924
ELK3,gene,5925
NPTN,gene,5926
ZFAND3,gene,5927
TMEM39B,gene,5928
TASOR2,gene,5929
P2RX2,gene,5930
CDSN,gene,5931
DPF2,gene,5932
PKM,gene,5933
TMEM181,gene,5934
ARHGAP22,gene,5935
CD40LG,gene,5936
TGM4,gene,5937
HIP1,gene,5938
DNTTIP1,gene,5939
PRSS27,gene,5940
ZNF511-PRAP1,gene,5941
STKLD1,gene,5942
SMCO1,gene,5943
SPEG,gene,5944
USP17L10,gene,5945
SET,gene,5946
RIOK1,gene,5947
SVOPL,gene,5948
GLYAT,gene,5949
TICAM1,gene,5950
TPSD1,gene,5951
PLGRKT,gene,5952
BSPH1,gene,5953
RPS25,gene,5954
AHCTF1,gene,5955
ZNF665,gene,5956
CCDC188,gene,5957
EPB41L5,gene,5958
MMP12,gene,5959
C19orf38,gene,5960
TBC1D3,gene,5961
ARHGAP29,gene,5962
ELP1,gene,5963
PLCD1,gene,5964
CDO1,gene,5965
MALL,gene,5966
AKAP1,gene,5967
RAB7B,gene,5968
RAB33A,gene,5969
C10orf88,gene,5970
SLC22A16,gene,5971
GTF3A,gene,5972
ARHGEF2,gene,5973
ZNF555,gene,5974
ARRDC2,gene,5975
SPOCK1,gene,5976
FASTK,gene,5977
AMH,gene,5978
TRIM24,gene,5979
ATF6,gene,5980
PTS,gene,5981
CCAR2,gene,5982
ALKBH4,gene,5983
TET1,gene,5984
VPS13C,gene,5985
DSEL,gene,5986
NR2C1,gene,5987
ALPI,gene,5988
PRDM15,gene,5989
STK4,gene,5990
ADAM29,gene,5991
ABAT,gene,5992
PGLYRP2,gene,5993
MFSD14A,gene,5994
WDR11,gene,5995
GABRD,gene,5996
DCBLD1,gene,5997
CTF1,gene,5998
DSTN,gene,5999
COL20A1,gene,6000
MT-CO3,gene,6001
FOXD2,gene,6002
HDAC4,gene,6003
LRSAM1,gene,6004
HRG,gene,6005
FBXO38,gene,6006
PXMP2,gene,6007
ZFX,gene,6008
KAT7,gene,6009
HNRNPU,gene,6010
USP17L4,gene,6011
IL36A,gene,6012
RPL10,gene,6013
PPP3CB,gene,6014
TICRR,gene,6015
CDH7,gene,6016
OSGEPL1,gene,6017
COL12A1,gene,6018
COL1A1,gene,6019
CD1E,gene,6020
PEAK3,gene,6021
PDGFRB,gene,6022
MTOR,gene,6023
CCR7,gene,6024
PSMA8,gene,6025
ZKSCAN3,gene,6026
RNF128,gene,6027
OPTC,gene,6028
TMEM160,gene,6029
TPBG,gene,6030
WDR27,gene,6031
TLN2,gene,6032
YY1AP1,gene,6033
PGBD1,gene,6034
ZNF212,gene,6035
BUB1,gene,6036
CFC1B,gene,6037
SLC22A11,gene,6038
PRR14,gene,6039
USP17L3,gene,6040
CC2D2B,gene,6041
RBFOX1,gene,6042
FYTTD1,gene,6043
ARHGAP42,gene,6044
COCH,gene,6045
CCL3L3,gene,6046
IGSF5,gene,6047
CCL22,gene,6048
ZAN,gene,6049
CATSPERZ,gene,6050
RPL18A,gene,6051
BID,gene,6052
SPDYE13,gene,6053
ENTHD1,gene,6054
TTK,gene,6055
DUSP11,gene,6056
TACR1,gene,6057
TIGD4,gene,6058
ACAT2,gene,6059
SMIM1,gene,6060
CUX1,gene,6061
RTL8C,gene,6062
PLP1,gene,6063
GBX2,gene,6064
LYST,gene,6065
RPS27,gene,6066
USP25,gene,6067
TRIM27,gene,6068
MYBL1,gene,6069
PSMA6,gene,6070
CALCR,gene,6071
TMT1B,gene,6072
DERL2,gene,6073
FSBP,gene,6074
RPP25,gene,6075
CECR2,gene,6076
RALGPS1,gene,6077
SYCE1L,gene,6078
GSTK1,gene,6079
SH3D21,gene,6080
PCSK7,gene,6081
MNAT1,gene,6082
TBX22,gene,6083
PGRMC1,gene,6084
SAT1,gene,6085
IL4,gene,6086
ZNF487,gene,6087
SPIRE2,gene,6088
TBC1D17,gene,6089
DERL3,gene,6090
TMEM254,gene,6091
SUMF1,gene,6092
LRRC26,gene,6093
SH2D1A,gene,6094
CFAP141,gene,6095
EOLA2,gene,6096
ZHX3,gene,6097
CD46,gene,6098
FNTB,gene,6099
ZNF746,gene,6100
CKMT2,gene,6101
AGA,gene,6102
PRSS3,gene,6103
PDILT,gene,6104
TAS2R19,gene,6105
MCCC1,gene,6106
SCN7A,gene,6107
SON,gene,6108
CTSH,gene,6109
PPM1H,gene,6110
DPCD,gene,6111
ENAM,gene,6112
KIF7,gene,6113
ANKZF1,gene,6114
KALRN,gene,6115
ZNF879,gene,6116
SCYL1,gene,6117
TSACC,gene,6118
TCF4,gene,6119
C14orf28,gene,6120
GOLGA8J,gene,6121
CNOT3,gene,6122
BPY2,gene,6123
TMEM120A,gene,6124
RASD2,gene,6125
GPR173,gene,6126
NOL8,gene,6127
ADAT3,gene,6128
ZNF146,gene,6129
DCP1A,gene,6130
FGF9,gene,6131
FUBP1,gene,6132
ROR1,gene,6133
DNM1,gene,6134
CTDSPL2,gene,6135
ALDH1A2,gene,6136
MRPL23,gene,6137
SPAG16,gene,6138
GCNT3,gene,6139
APOBEC1,gene,6140
PCGF2,gene,6141
TMEM276-ZFTRAF1,gene,6142
CHD4,gene,6143
TOPAZ1,gene,6144
IL20,gene,6145
PADI4,gene,6146
H2AB3,gene,6147
ATG7,gene,6148
DUSP28,gene,6149
RFXAP,gene,6150
SNRNP35,gene,6151
NRN1L,gene,6152
MATN3,gene,6153
ABCC12,gene,6154
GNPAT,gene,6155
HES6,gene,6156
CSF3R,gene,6157
NKTR,gene,6158
PBLD,gene,6159
ELOB,gene,6160
ZNF227,gene,6161
RFC2,gene,6162
ATRIP,gene,6163
PPP1R1A,gene,6164
SPDYE21,gene,6165
DNAAF10,gene,6166
CHAMP1,gene,6167
PIK3CG,gene,6168
HTR2B,gene,6169
FBLL1,gene,6170
GRPEL1,gene,6171
NRL,gene,6172
H2BC1,gene,6173
TMEM87B,gene,6174
COL11A1,gene,6175
HGD,gene,6176
DONSON,gene,6177
ATG16L2,gene,6178
FGF2,gene,6179
CLXN,gene,6180
PKP2,gene,6181
OR52E4,gene,6182
ADAM18,gene,6183
INTS12,gene,6184
MT1A,gene,6185
HDAC3,gene,6186
RERE,gene,6187
ANXA13,gene,6188
HTATIP2,gene,6189
LIMD2,gene,6190
LYPD3,gene,6191
SLC30A6,gene,6192
CD163L1,gene,6193
LINGO2,gene,6194
OR6C6,gene,6195
KIR2DL3,gene,6196
CKS1B,gene,6197
RANBP3,gene,6198
COMMD2,gene,6199
CDC14A,gene,6200
SPINK14,gene,6201
TGFBR3L,gene,6202
BRCA2,gene,6203
CUX2,gene,6204
PHF12,gene,6205
TNNT3,gene,6206
SPRR2G,gene,6207
DMTN,gene,6208
C8B,gene,6209
C1orf52,gene,6210
ABCE1,gene,6211
ZDHHC21,gene,6212
FOXC1,gene,6213
WBP1L,gene,6214
IQCF6,gene,6215
BDP1,gene,6216
KLK10,gene,6217
WDR54,gene,6218
CLDN2,gene,6219
MAGED4B,gene,6220
ARL6,gene,6221
ADAM7,gene,6222
RBBP4,gene,6223
CLEC4M,gene,6224
ACSS1,gene,6225
CDPF1,gene,6226
DEFB119,gene,6227
PLA2G2D,gene,6228
LSMEM1,gene,6229
ATP8B4,gene,6230
MTREX,gene,6231
HLA-DOA,gene,6232
NICN1,gene,6233
PRR29,gene,6234
TMCC2,gene,6235
APC2,gene,6236
ZNF519,gene,6237
GADL1,gene,6238
ALOX12,gene,6239
CHRAC1,gene,6240
ERCC6L2,gene,6241
STK39,gene,6242
PAXIP1,gene,6243
TUBAL3,gene,6244
ARHGAP1,gene,6245
NARS1,gene,6246
PLPPR3,gene,6247
MTNR1B,gene,6248
TC2N,gene,6249
EGLN1,gene,6250
HLA-B,gene,6251
FAM104A,gene,6252
KDM6B,gene,6253
CRLF2,gene,6254
IL2RG,gene,6255
SAMD15,gene,6256
GTDC1,gene,6257
LRRC31,gene,6258
TCTA,gene,6259
GCA,gene,6260
GREM1,gene,6261
ANO1,gene,6262
GRPR,gene,6263
CGAS,gene,6264
CDC40,gene,6265
LRRC19,gene,6266
INO80,gene,6267
KCND2,gene,6268
DPEP2NB,gene,6269
CCER1,gene,6270
ISCU,gene,6271
ARPC4-TTLL3,gene,6272
DNAJC25-GNG10,gene,6273
GPA33,gene,6274
ILDR1,gene,6275
TMPRSS11E,gene,6276
FAM89B,gene,6277
TMEM167B,gene,6278
RXRG,gene,6279
ASCC3,gene,6280
MARF1,gene,6281
ANKRD34B,gene,6282
SLC41A1,gene,6283
UBC,gene,6284
CHGB,gene,6285
TNMD,gene,6286
STX2,gene,6287
BAZ2B,gene,6288
CGB5,gene,6289
HLX,gene,6290
ARMCX2,gene,6291
SRP54,gene,6292
MAMSTR,gene,6293
GALNT12,gene,6294
KRTAP4-3,gene,6295
FADS1,gene,6296
PEDS1,gene,6297
AHSA1,gene,6298
KDM3A,gene,6299
GLB1L2,gene,6300
SEC61A2,gene,6301
HAT1,gene,6302
LPGAT1,gene,6303
PLPP2,gene,6304
ARG1,gene,6305
SUMO1,gene,6306
COPS5,gene,6307
FAM171A2,gene,6308
ESAM,gene,6309
KIAA1614,gene,6310
DOK1,gene,6311
RPL8,gene,6312
SEMA6B,gene,6313
MUC21,gene,6314
SUZ12,gene,6315
AWAT2,gene,6316
CFAP73,gene,6317
MMP28,gene,6318
KDM1B,gene,6319
SH3KBP1,gene,6320
SPATA31C1,gene,6321
MYOM1,gene,6322
PRSS55,gene,6323
ABHD14B,gene,6324
CIAO3,gene,6325
TBP,gene,6326
RCN1,gene,6327
EEF1AKMT4,gene,6328
CPNE7,gene,6329
PCYT2,gene,6330
TMED3,gene,6331
ITGAE,gene,6332
ANO7,gene,6333
CDC27,gene,6334
USF2,gene,6335
CTSD,gene,6336
CLYBL,gene,6337
MRPS34,gene,6338
GCC2,gene,6339
ARL6IP4,gene,6340
FEZF2,gene,6341
SLC6A2,gene,6342
TMPRSS11A,gene,6343
HHEX,gene,6344
MRPL44,gene,6345
XYLT1,gene,6346
AGBL3,gene,6347
ZNF18,gene,6348
ZNF550,gene,6349
LRRC8D,gene,6350
NME1-NME2,gene,6351
ANKAR,gene,6352
WDR17,gene,6353
SLC6A19,gene,6354
WHAMM,gene,6355
C1orf159,gene,6356
HS3ST2,gene,6357
INTS1,gene,6358
CHMP7,gene,6359
OR52K1,gene,6360
KLHL10,gene,6361
SLC44A5,gene,6362
RNF148,gene,6363
GABARAPL1,gene,6364
ERN2,gene,6365
MPHOSPH8,gene,6366
PLEKHF1,gene,6367
TPGS1,gene,6368
USP17L15,gene,6369
PINK1,gene,6370
NAP1L3,gene,6371
ATP13A2,gene,6372
COQ3,gene,6373
TBX5,gene,6374
TERB1,gene,6375
GSG1,gene,6376
SEPHS1,gene,6377
GEMIN5,gene,6378
ZNF613,gene,6379
MICOS13,gene,6380
ALPK2,gene,6381
OR2G2,gene,6382
LRRC7,gene,6383
SPTSSB,gene,6384
CCNE2,gene,6385
HAAO,gene,6386
TMEM74B,gene,6387
LTBP4,gene,6388
CEBPA,gene,6389
AKT1,gene,6390
MARCHF9,gene,6391
RABEP2,gene,6392
TPSAB1,gene,6393
HFM1,gene,6394
CYTL1,gene,6395
SOD1,gene,6396
DZIP3,gene,6397
OR1N1,gene,6398
IL1A,gene,6399
HADHA,gene,6400
ZNF525,gene,6401
OR2G3,gene,6402
GDPD2,gene,6403
CA13,gene,6404
CNGA4,gene,6405
NABP1,gene,6406
LMO2,gene,6407
SMIM11,gene,6408
WSB1,gene,6409
VPS16,gene,6410
IQANK1,gene,6411
CES1,gene,6412
OPA3,gene,6413
ARHGEF26,gene,6414
STOX2,gene,6415
LATS1,gene,6416
EFNA2,gene,6417
EBLN1,gene,6418
TEX19,gene,6419
CENPE,gene,6420
MTRES1,gene,6421
ZNF493,gene,6422
FOXI2,gene,6423
VEGFD,gene,6424
STX10,gene,6425
GFOD1,gene,6426
PECR,gene,6427
GSX1,gene,6428
TEX22,gene,6429
CD52,gene,6430
SELENOS,gene,6431
CDH13,gene,6432
IFT43,gene,6433
GCNT4,gene,6434
CEBPZOS,gene,6435
MRPL42,gene,6436
OMG,gene,6437
AMBN,gene,6438
EEF1G,gene,6439
SMIM47,gene,6440
CPT2,gene,6441
KIF5C,gene,6442
MMP11,gene,6443
PKIB,gene,6444
GARIN1B,gene,6445
KRTAP4-9,gene,6446
AP1B1,gene,6447
SLC39A1,gene,6448
MTLN,gene,6449
DLX5,gene,6450
ZNF770,gene,6451
CMC4,gene,6452
ZNF888,gene,6453
CALML4,gene,6454
LAMA2,gene,6455
TNXB,gene,6456
ZYX,gene,6457
MSANTD3,gene,6458
CTSL,gene,6459
PPRC1,gene,6460
PCP4L1,gene,6461
ANKRD13A,gene,6462
OR4F15,gene,6463
SP2,gene,6464
OXTR,gene,6465
MCHR1,gene,6466
CLEC7A,gene,6467
ITPRID2,gene,6468
RPRD1A,gene,6469
CEBPZ,gene,6470
PRKG1,gene,6471
CLHC1,gene,6472
DRD3,gene,6473
KMT2C,gene,6474
SLC1A1,gene,6475
CAPRIN2,gene,6476
RBPMS2,gene,6477
TRIM28,gene,6478
VAV1,gene,6479
PCDHGA3,gene,6480
FLNA,gene,6481
WDR41,gene,6482
BICDL1,gene,6483
E2F4,gene,6484
KRTAP12-3,gene,6485
PPP1R8,gene,6486
TMEM222,gene,6487
FBXL4,gene,6488
DEFB114,gene,6489
OR8K3,gene,6490
GABBR1,gene,6491
TBC1D23,gene,6492
DNAAF11,gene,6493
SPTY2D1,gene,6494
GZMB,gene,6495
SFRP1,gene,6496
SLC9A1,gene,6497
ADRB1,gene,6498
PSME3,gene,6499
UBOX5,gene,6500
DUSP14,gene,6501
SRP19,gene,6502
OR8B3,gene,6503
COPS2,gene,6504
FBXO25,gene,6505
OXA1L,gene,6506
ARID3C,gene,6507
MIXL1,gene,6508
EFNB3,gene,6509
DNAI1,gene,6510
IL31,gene,6511
OR5M11,gene,6512
FOXC2,gene,6513
CBL,gene,6514
CNNM4,gene,6515
RIMOC1,gene,6516
GDF10,gene,6517
TUBB2A,gene,6518
NUDT16L1,gene,6519
TBR1,gene,6520
BMERB1,gene,6521
SYT5,gene,6522
LRATD2,gene,6523
EFL1,gene,6524
MCPH1,gene,6525
KREMEN2,gene,6526
ZNF593OS,gene,6527
PNMA6E,gene,6528
MEF2D,gene,6529
PRAMEF11,gene,6530
F13A1,gene,6531
C11orf87,gene,6532
TMEM95,gene,6533
NEDD1,gene,6534
SNAI1,gene,6535
ABHD17A,gene,6536
ZNF541,gene,6537
PRDM12,gene,6538
TPST1,gene,6539
BST2,gene,6540
AGBL2,gene,6541
MT3,gene,6542
GAPT,gene,6543
HOXA5,gene,6544
IFT140,gene,6545
ABHD17C,gene,6546
WDR6,gene,6547
PLIN5,gene,6548
MRPS30,gene,6549
ZMAT5,gene,6550
ACOD1,gene,6551
CENPF,gene,6552
G6PC3,gene,6553
IQCM,gene,6554
ZNF837,gene,6555
HTRA2,gene,6556
GCOM1,gene,6557
KAZN,gene,6558
TDRD9,gene,6559
GRHL1,gene,6560
TJAP1,gene,6561
CAVIN3,gene,6562
TAS2R42,gene,6563
CYP1A2,gene,6564
YIPF2,gene,6565
GYS1,gene,6566
EXOSC4,gene,6567
C16orf95,gene,6568
FTSJ3,gene,6569
HNRNPCL2,gene,6570
LIN52,gene,6571
CRACD,gene,6572
NOL4L,gene,6573
ANKEF1,gene,6574
CHRD,gene,6575
C9orf152,gene,6576
KRT85,gene,6577
SPINK4,gene,6578
SLC35G4,gene,6579
TRIM50,gene,6580
MBD3L3,gene,6581
SYNJ1,gene,6582
RRP9,gene,6583
OTOGL,gene,6584
HEMGN,gene,6585
EPHB4,gene,6586
POMP,gene,6587
VIPAS39,gene,6588
IMP3,gene,6589
PRPF31,gene,6590
PPP1R16B,gene,6591
SMC5,gene,6592
SERPINB8,gene,6593
ZNF337,gene,6594
APOBEC3F,gene,6595
OSGEP,gene,6596
TMEM183A,gene,6597
GBP7,gene,6598
DDX41,gene,6599
HSPA9,gene,6600
FANCD2OS,gene,6601
TUBA4B,gene,6602
RAP1GDS1,gene,6603
ILK,gene,6604
ZNF521,gene,6605
APBA2,gene,6606
ADCYAP1,gene,6607
LRRC9,gene,6608
ITGB8,gene,6609
TMC2,gene,6610
ZNF254,gene,6611
IQSEC1,gene,6612
CSTL1,gene,6613
RGS9,gene,6614
PLEKHN1,gene,6615
CEP78,gene,6616
KCNIP3,gene,6617
FUOM,gene,6618
RIMKLB,gene,6619
TMCO5A,gene,6620
NLGN2,gene,6621
NAB1,gene,6622
SPAG11A,gene,6623
KCNS1,gene,6624
EPB41L2,gene,6625
MAS1,gene,6626
ANKH,gene,6627
FOXE1,gene,6628
DHH,gene,6629
PDCL3,gene,6630
RNASE1,gene,6631
CWC25,gene,6632
RNF113A,gene,6633
FAM177A1,gene,6634
OXCT2,gene,6635
ZSWIM3,gene,6636
MTX1,gene,6637
GIPC2,gene,6638
SPOPL,gene,6639
SYCP2L,gene,6640
CUL1,gene,6641
PRR14L,gene,6642
ADGRB1,gene,6643
SLF1,gene,6644
DAXX,gene,6645
FGFBP2,gene,6646
ATRN,gene,6647
NDUFS1,gene,6648
GIMAP1,gene,6649
RAB6A,gene,6650
POMGNT2,gene,6651
RHOXF1,gene,6652
TBC1D31,gene,6653
TPTE,gene,6654
HSD17B14,gene,6655
R3HDM4,gene,6656
FHIP2A,gene,6657
LYZL1,gene,6658
RSRP1,gene,6659
CFAP53,gene,6660
LARP7,gene,6661
SHC1,gene,6662
NUS1,gene,6663
RNF38,gene,6664
CCL14,gene,6665
FAM98C,gene,6666
VASH2,gene,6667
NOX5,gene,6668
OR10K2,gene,6669
COX6C,gene,6670
CLCA1,gene,6671
ELOC,gene,6672
MTA1,gene,6673
GDF2,gene,6674
MED12L,gene,6675
RPRM,gene,6676
PRB2,gene,6677
NUTM2G,gene,6678
MPZL2,gene,6679
NUDT18,gene,6680
TPT1,gene,6681
PYGB,gene,6682
H4C13,gene,6683
KRTAP5-1,gene,6684
CPSF3,gene,6685
MT-ND2,gene,6686
STON1-GTF2A1L,gene,6687
ZNF268,gene,6688
ABRAXAS2,gene,6689
TTC17,gene,6690
ARHGAP33,gene,6691
POLRMT,gene,6692
CIP2A,gene,6693
ZMYND12,gene,6694
AXDND1,gene,6695
CTAGE8,gene,6696
SLC12A2,gene,6697
FAM169A,gene,6698
SERPINH1,gene,6699
RPS3A,gene,6700
SLC13A1,gene,6701
FAM90A14,gene,6702
EGLN3,gene,6703
CCDC28A,gene,6704
CLPTM1,gene,6705
SPMIP1,gene,6706
LIPC,gene,6707
FLT3LG,gene,6708
ZNF439,gene,6709
SLC28A3,gene,6710
NASP,gene,6711
ACAP3,gene,6712
AFF1,gene,6713
MYBL2,gene,6714
DSC3,gene,6715
MYRIP,gene,6716
MUC5B,gene,6717
DAZ4,gene,6718
PDGFRA,gene,6719
GSDME,gene,6720
PPP1R16A,gene,6721
BLOC1S2,gene,6722
CYTH4,gene,6723
L2HGDH,gene,6724
KCNH1,gene,6725
CATSPERD,gene,6726
CCDC51,gene,6727
CAMK2N1,gene,6728
GPR25,gene,6729
MUC7,gene,6730
CILP,gene,6731
SLC45A4,gene,6732
TMEM276,gene,6733
HTRA3,gene,6734
PSMA7,gene,6735
KLK7,gene,6736
CDRT15,gene,6737
ARMT1,gene,6738
WDR86,gene,6739
TUBA1A,gene,6740
GGT6,gene,6741
GPX6,gene,6742
KAT14,gene,6743
ZNHIT1,gene,6744
ZBTB1,gene,6745
SEZ6,gene,6746
POU3F1,gene,6747
HP,gene,6748
MTUS1,gene,6749
IRF2BP2,gene,6750
ATXN7L2,gene,6751
FAXDC2,gene,6752
CHID1,gene,6753
CCDC78,gene,6754
SPAG9,gene,6755
DPT,gene,6756
EOMES,gene,6757
MMRN2,gene,6758
COG8,gene,6759
KRTAP4-2,gene,6760
CD226,gene,6761
SCN8A,gene,6762
CLEC4F,gene,6763
ATP1A1,gene,6764
ADCY1,gene,6765
RRP36,gene,6766
LMF2,gene,6767
SRD5A3,gene,6768
CRIPT,gene,6769
GLI2,gene,6770
ERICH2,gene,6771
APOA4,gene,6772
CNTNAP3B,gene,6773
GCN1,gene,6774
TRMT61B,gene,6775
MXD3,gene,6776
KCNG3,gene,6777
ZDHHC19,gene,6778
MX2,gene,6779
RICTOR,gene,6780
MCCC2,gene,6781
CDC14C,gene,6782
PCDHAC1,gene,6783
WNK2,gene,6784
RAPGEF4,gene,6785
SLC36A1,gene,6786
H3C1,gene,6787
PYROXD2,gene,6788
C16orf87,gene,6789
VN1R4,gene,6790
SLC36A2,gene,6791
PAGE1,gene,6792
DOCK10,gene,6793
USP47,gene,6794
AAMP,gene,6795
TCEAL4,gene,6796
GABRR1,gene,6797
PCGF5,gene,6798
ICAM1,gene,6799
TRMT44,gene,6800
ZNF691,gene,6801
LGALS4,gene,6802
LAGE3,gene,6803
PRR20E,gene,6804
NME5,gene,6805
KRTAP4-12,gene,6806
CLDN24,gene,6807
OR2T2,gene,6808
CARD9,gene,6809
EFNB2,gene,6810
COQ9,gene,6811
SLC5A3,gene,6812
RCCD1,gene,6813
PTCH2,gene,6814
SSR4,gene,6815
PPEF1,gene,6816
BATF2,gene,6817
TXNL4A,gene,6818
CFAP410,gene,6819
SYT1,gene,6820
EOGT,gene,6821
TPP1,gene,6822
SEMA5B,gene,6823
RGS11,gene,6824
CPD,gene,6825
USP17L21,gene,6826
KCNJ16,gene,6827
FOXL2,gene,6828
TCP11L1,gene,6829
PPFIA4,gene,6830
MDFIC,gene,6831
SYPL1,gene,6832
MADD,gene,6833
MYL2,gene,6834
EP400,gene,6835
TRMT5,gene,6836
UBAC2,gene,6837
LYSMD2,gene,6838
FOXR1,gene,6839
ZNF286A,gene,6840
ASB13,gene,6841
MYO9A,gene,6842
MTARC2,gene,6843
IFIT1B,gene,6844
OR1I1,gene,6845
MRPS33,gene,6846
ZNF449,gene,6847
HTR3C,gene,6848
RAB40A,gene,6849
PTPN3,gene,6850
STAT4,gene,6851
CFAP251,gene,6852
ACTBL2,gene,6853
MT2A,gene,6854
PSEN2,gene,6855
CRK,gene,6856
GAGE12B,gene,6857
TFIP11,gene,6858
ITPK1,gene,6859
CPXM2,gene,6860
HILPDA,gene,6861
TPM1,gene,6862
CIMIP2B,gene,6863
SPANXC,gene,6864
TEX28,gene,6865
CACNA2D4,gene,6866
KIF2A,gene,6867
EMB,gene,6868
UQCRB,gene,6869
NATD1,gene,6870
DCAF12L2,gene,6871
IGFBP2,gene,6872
GFM2,gene,6873
SIK2,gene,6874
TAFAZZIN,gene,6875
ENO3,gene,6876
LASP1NB,gene,6877
NUBPL,gene,6878
NPHP4,gene,6879
STK32B,gene,6880
ABITRAM,gene,6881
PTHLH,gene,6882
GRXCR1,gene,6883
ZBTB34,gene,6884
TMEM88,gene,6885
POLR3H,gene,6886
LLCFC1,gene,6887
POLR3E,gene,6888
IFFO1,gene,6889
FGD1,gene,6890
THOC7,gene,6891
AIPL1,gene,6892
CSMD2,gene,6893
CA14,gene,6894
CCL23,gene,6895
HEATR1,gene,6896
RABL6,gene,6897
TTC5,gene,6898
POLL,gene,6899
TP53TG3,gene,6900
FGF13,gene,6901
TPM2,gene,6902
NHLRC3,gene,6903
AIG1,gene,6904
SCAF4,gene,6905
CDH20,gene,6906
ETAA1,gene,6907
PERM1,gene,6908
COMMD9,gene,6909
KIF26B,gene,6910
TEC,gene,6911
ZNF582,gene,6912
MT-ND1,gene,6913
PHF20L1,gene,6914
DOCK9,gene,6915
H2AC17,gene,6916
SPINK13,gene,6917
MRGPRX3,gene,6918
TRIO,gene,6919
KIAA0319,gene,6920
ZNF490,gene,6921
MANEAL,gene,6922
KDM2B,gene,6923
CFHR3,gene,6924
PPP3CC,gene,6925
ITGB4,gene,6926
ACSL3,gene,6927
RSBN1,gene,6928
INTU,gene,6929
ABHD16B,gene,6930
KLF2,gene,6931
GPANK1,gene,6932
GPSM2,gene,6933
SIRT2,gene,6934
ARSA,gene,6935
WFDC5,gene,6936
USP31,gene,6937
PPP1R7,gene,6938
DCTN1,gene,6939
TMEM41B,gene,6940
SPDYE8,gene,6941
WDR73,gene,6942
KRTAP9-3,gene,6943
PKDREJ,gene,6944
SEPTIN1,gene,6945
ZFP64,gene,6946
MRPS22,gene,6947
DIRAS2,gene,6948
ACSS3,gene,6949
PDPR,gene,6950
EGR4,gene,6951
DHX30,gene,6952
DAPK3,gene,6953
P3H1,gene,6954
CHST8,gene,6955
DNAL4,gene,6956
PRDM8,gene,6957
RNF2,gene,6958
SRP68,gene,6959
IL36B,gene,6960
CCDC190,gene,6961
GRINA,gene,6962
RBP4,gene,6963
NUDT1,gene,6964
SULF2,gene,6965
TIMM22,gene,6966
DPPA3,gene,6967
MCUB,gene,6968
KNDC1,gene,6969
GGA3,gene,6970
IL5,gene,6971
TAS2R38,gene,6972
RASGRP2,gene,6973
UBL4B,gene,6974
ZNF37A,gene,6975
SPINDOC,gene,6976
RNH1,gene,6977
PCDHB10,gene,6978
PTP4A1,gene,6979
BTNL9,gene,6980
UMPS,gene,6981
ALKAL2,gene,6982
MARVELD2,gene,6983
AVPR2,gene,6984
PCYT1B,gene,6985
CTNND1,gene,6986
SLX4IP,gene,6987
ANO8,gene,6988
PRPS1,gene,6989
ADGRA2,gene,6990
RHBDL1,gene,6991
KLK1,gene,6992
OR5M3,gene,6993
DHX29,gene,6994
CHD2,gene,6995
CFP,gene,6996
HMGN1,gene,6997
SELENON,gene,6998
SDHAF3,gene,6999
NXPE4,gene,7000
DDX17,gene,7001
TGFBR1,gene,7002
IGFBP7,gene,7003
HGF,gene,7004
ENTPD4,gene,7005
ALG8,gene,7006
GPR162,gene,7007
OR10G7,gene,7008
AHSG,gene,7009
DGCR6L,gene,7010
SUN2,gene,7011
MAS1L,gene,7012
P3H3,gene,7013
PRND,gene,7014
APBA3,gene,7015
DOCK2,gene,7016
FOXL2NB,gene,7017
ZNF736,gene,7018
HOXA6,gene,7019
LRRC8E,gene,7020
FRRS1L,gene,7021
ZNF841,gene,7022
POU2F3,gene,7023
ALAD,gene,7024
POSTN,gene,7025
FAM114A1,gene,7026
CLN3,gene,7027
SUSD2,gene,7028
MON2,gene,7029
DPH5,gene,7030
RAF1,gene,7031
SERGEF,gene,7032
CDK2AP2,gene,7033
CTBP2,gene,7034
CCDC137,gene,7035
CNDP1,gene,7036
FCN3,gene,7037
ADSS1,gene,7038
ZNF211,gene,7039
PALM3,gene,7040
TRPM2,gene,7041
AKAP6,gene,7042
POGLUT1,gene,7043
EIF2A,gene,7044
NAT10,gene,7045
PCGF6,gene,7046
UBD,gene,7047
TFEC,gene,7048
OR4S1,gene,7049
NAIP,gene,7050
BMP8A,gene,7051
COL4A4,gene,7052
IL3,gene,7053
PDZD4,gene,7054
MACC1,gene,7055
BCL2A1,gene,7056
SDHC,gene,7057
MID1IP1,gene,7058
TBC1D8,gene,7059
HINT2,gene,7060
SPEM3,gene,7061
HSD3B2,gene,7062
UBE2F,gene,7063
RAI2,gene,7064
DEFB1,gene,7065
ADTRP,gene,7066
DHX32,gene,7067
CIMIP1,gene,7068
SP140,gene,7069
CFAP144,gene,7070
TMED5,gene,7071
TXLNG,gene,7072
ESPL1,gene,7073
ZNF688,gene,7074
ADRB2,gene,7075
EPS8L1,gene,7076
NBPF12,gene,7077
ALDH7A1,gene,7078
ZNF133,gene,7079
DYNC2LI1,gene,7080
PSPH,gene,7081
MTPN,gene,7082
S1PR1,gene,7083
RTN4IP1,gene,7084
SLC15A3,gene,7085
SETD3,gene,7086
ZNF845,gene,7087
CTDSP2,gene,7088
SKIDA1,gene,7089
SLCO1A2,gene,7090
DCAKD,gene,7091
ING5,gene,7092
N4BP3,gene,7093
CLTRN,gene,7094
PIAS3,gene,7095
TMEM247,gene,7096
MED19,gene,7097
DSC1,gene,7098
TUSC1,gene,7099
DNAJC28,gene,7100
NINL,gene,7101
AGL,gene,7102
ANGPTL3,gene,7103
EIF4G3,gene,7104
DUSP22,gene,7105
MPL,gene,7106
MATN2,gene,7107
RNF223,gene,7108
CDC25B,gene,7109
S1PR4,gene,7110
OR4M2,gene,7111
CFAP221,gene,7112
VCX3A,gene,7113
TK2,gene,7114
ARFGAP3,gene,7115
TMEM165,gene,7116
PACSIN2,gene,7117
ENC1,gene,7118
NSFL1C,gene,7119
SNAP25,gene,7120
ARMC2,gene,7121
IFITM5,gene,7122
SIX3,gene,7123
OR2W1,gene,7124
CRYZ,gene,7125
PTEN,gene,7126
UBFD1,gene,7127
TAF1L,gene,7128
NTMT2,gene,7129
CSPP1,gene,7130
QSOX2,gene,7131
ABHD12B,gene,7132
ADAMTS7,gene,7133
TWIST1,gene,7134
TDRD12,gene,7135
PSME4,gene,7136
VARS1,gene,7137
ZNF83,gene,7138
GKN1,gene,7139
FAM133A,gene,7140
PER1,gene,7141
MAP2K6,gene,7142
USP40,gene,7143
ATAD3C,gene,7144
CGA,gene,7145
ZBTB10,gene,7146
TAF5L,gene,7147
HTR3D,gene,7148
MAP2K5,gene,7149
RFPL1,gene,7150
ART4,gene,7151
TOX4,gene,7152
VPS13B,gene,7153
MRPL52,gene,7154
NDC80,gene,7155
GTF3C3,gene,7156
ZDHHC13,gene,7157
TSNAXIP1,gene,7158
FOXB2,gene,7159
PNKP,gene,7160
C1QC,gene,7161
TGFBRAP1,gene,7162
FABP12,gene,7163
LSP1,gene,7164
RPS3,gene,7165
TRPC4,gene,7166
PTCHD4,gene,7167
PDIA5,gene,7168
TIMP4,gene,7169
ULBP2,gene,7170
TBX10,gene,7171
PTX4,gene,7172
RPAIN,gene,7173
MAP3K14,gene,7174
SAXO2,gene,7175
ANKRD9,gene,7176
TMEM198,gene,7177
WDTC1,gene,7178
ZNF165,gene,7179
TMPRSS2,gene,7180
TRH,gene,7181
SNCA,gene,7182
THEM6,gene,7183
DENND3,gene,7184
DNAJC9,gene,7185
DNMT1,gene,7186
GOLT1A,gene,7187
DPP3,gene,7188
LMNB1,gene,7189
MED20,gene,7190
OSER1,gene,7191
CACNG8,gene,7192
SPA17,gene,7193
NR5A2,gene,7194
CLNK,gene,7195
FBXO27,gene,7196
OR2T11,gene,7197
TNIP2,gene,7198
CXorf51A,gene,7199
OOSP1,gene,7200
GOLGA6C,gene,7201
NCR2,gene,7202
SMAD3,gene,7203
SLC12A5,gene,7204
ADGRL1,gene,7205
SMIM5,gene,7206
PLIN3,gene,7207
KLRB1,gene,7208
LGMN,gene,7209
TTYH2,gene,7210
SUGT1,gene,7211
CCDC141,gene,7212
PDP2,gene,7213
CNTNAP5,gene,7214
KCNH2,gene,7215
GPR19,gene,7216
SUOX,gene,7217
TMPRSS11D,gene,7218
GALNT2,gene,7219
ZNF516,gene,7220
RACK1,gene,7221
PRLH,gene,7222
HNF1A,gene,7223
NDUFAB1,gene,7224
NR2F6,gene,7225
AP2A1,gene,7226
SWAP70,gene,7227
MT-ATP6,gene,7228
LRTM2,gene,7229
CCDC30,gene,7230
NOTO,gene,7231
STOML2,gene,7232
ZIM3,gene,7233
NR3C2,gene,7234
KIF19,gene,7235
OTX1,gene,7236
ZNF620,gene,7237
ZNF311,gene,7238
GABPB1,gene,7239
CABYR,gene,7240
FIBIN,gene,7241
CEACAM20,gene,7242
MAP1A,gene,7243
STEAP1,gene,7244
LRCOL1,gene,7245
MIB1,gene,7246
LETMD1,gene,7247
PMPCA,gene,7248
PTPRC,gene,7249
ITGA2,gene,7250
TNS4,gene,7251
OTOP3,gene,7252
HS3ST5,gene,7253
PRRG4,gene,7254
FAM90A23,gene,7255
MAJIN,gene,7256
BBX,gene,7257
NRG1,gene,7258
LRRC55,gene,7259
DCAF7,gene,7260
TMCO1,gene,7261
MICALL1,gene,7262
KCNV1,gene,7263
CRYL1,gene,7264
NR2C2,gene,7265
JADE1,gene,7266
TAAR2,gene,7267
COL5A1,gene,7268
REEP2,gene,7269
PIP5KL1,gene,7270
FDX1,gene,7271
FGFR1OP2,gene,7272
CCDC25,gene,7273
SYNDIG1L,gene,7274
CFTR,gene,7275
FBXL18,gene,7276
HSH2D,gene,7277
C14orf180,gene,7278
NAV1,gene,7279
RXFP3,gene,7280
UTP6,gene,7281
KRTAP1-1,gene,7282
KIR2DL1,gene,7283
BBS2,gene,7284
HSF2BP,gene,7285
SCARB2,gene,7286
CEP43,gene,7287
MECR,gene,7288
NRIP3,gene,7289
SCYGR4,gene,7290
ANKHD1,gene,7291
AMHR2,gene,7292
KIF6,gene,7293
OR4M2-OT1,gene,7294
PSMC5,gene,7295
MAGIX,gene,7296
DUXA,gene,7297
KYAT1,gene,7298
SLC5A8,gene,7299
GRM6,gene,7300
OR2J3,gene,7301
UBE2QL1,gene,7302
BRIP1,gene,7303
SLC1A7,gene,7304
MOB3B,gene,7305
OLA1,gene,7306
RNF224,gene,7307
C3orf70,gene,7308
C12orf40,gene,7309
SNX17,gene,7310
FSCB,gene,7311
CAMKV,gene,7312
NOTCH2,gene,7313
FOXI1,gene,7314
STATH,gene,7315
KLHL32,gene,7316
ATAD3B,gene,7317
LEF1,gene,7318
SC5D,gene,7319
CSTF1,gene,7320
CXorf66,gene,7321
SI,gene,7322
CCNF,gene,7323
TRIP6,gene,7324
SMIM19,gene,7325
C1orf115,gene,7326
KIF20A,gene,7327
GJB3,gene,7328
PRDM9,gene,7329
MUSTN1,gene,7330
SHLD3,gene,7331
EMG1,gene,7332
UBE2M,gene,7333
ATP13A3,gene,7334
TMEM119,gene,7335
RLF,gene,7336
DGCR2,gene,7337
ZNF727,gene,7338
BLNK,gene,7339
DGKZ,gene,7340
RPTN,gene,7341
ZIC5,gene,7342
SAA2-SAA4,gene,7343
TMEM145,gene,7344
KNOP1,gene,7345
OOEP,gene,7346
C19orf33,gene,7347
DDA1,gene,7348
RSPH3,gene,7349
MRPS21,gene,7350
NPIPB11,gene,7351
KIAA1755,gene,7352
FIGNL2,gene,7353
REC114,gene,7354
LAMP1,gene,7355
SH3BGR,gene,7356
SLC37A2,gene,7357
DHX9,gene,7358
PIGV,gene,7359
AMY2B,gene,7360
TRPV6,gene,7361
C2CD4A,gene,7362
POTEG,gene,7363
ZNF81,gene,7364
ARSD,gene,7365
CNIH3,gene,7366
SHMT2,gene,7367
PPAN,gene,7368
C12orf60,gene,7369
KRT20,gene,7370
RTP3,gene,7371
RIC3,gene,7372
PJA2,gene,7373
RHBDD1,gene,7374
PRCC,gene,7375
ZNF131,gene,7376
THNSL1,gene,7377
GNB3,gene,7378
B3GLCT,gene,7379
AAAS,gene,7380
LRRC57,gene,7381
DLX3,gene,7382
GARIN5A,gene,7383
IYD,gene,7384
DSE,gene,7385
B4GALT2,gene,7386
TP53RK,gene,7387
SCNM1,gene,7388
PUSL1,gene,7389
EFCAB5,gene,7390
TET2,gene,7391
RPL6,gene,7392
DDX20,gene,7393
LETM1,gene,7394
IRS1,gene,7395
CCN2,gene,7396
ADCK1,gene,7397
DUS2,gene,7398
ERICH6B,gene,7399
HADHB,gene,7400
USP17L29,gene,7401
CIB2,gene,7402
POLG,gene,7403
PDPK1,gene,7404
DDX49,gene,7405
TMEM82,gene,7406
SFTPC,gene,7407
KCNK12,gene,7408
FBXO33,gene,7409
TLE4,gene,7410
CKAP4,gene,7411
PPP1R10,gene,7412
PPP2R3A,gene,7413
APOM,gene,7414
SCAMP5,gene,7415
ANAPC5,gene,7416
STMN4,gene,7417
FAM111B,gene,7418
HMGCR,gene,7419
CS,gene,7420
YIF1B,gene,7421
GIT2,gene,7422
SERP1,gene,7423
UNC13C,gene,7424
NT5E,gene,7425
TSPAN16,gene,7426
CCDC71,gene,7427
PDHX,gene,7428
ZNF274,gene,7429
RAB39A,gene,7430
TSR1,gene,7431
MKNK2,gene,7432
NUDT3,gene,7433
CELF1,gene,7434
CCL16,gene,7435
PIGT,gene,7436
OPN1MW3,gene,7437
VCL,gene,7438
ITGAM,gene,7439
MYBPC3,gene,7440
CAV1,gene,7441
GPR137C,gene,7442
CFB,gene,7443
PROM2,gene,7444
MCMDC2,gene,7445
PROCR,gene,7446
RELL1,gene,7447
SNX12,gene,7448
ZNF438,gene,7449
DNAI7,gene,7450
PAQR5,gene,7451
C10orf90,gene,7452
PRR9,gene,7453
ZC3H12B,gene,7454
IGSF8,gene,7455
NES,gene,7456
TJP1,gene,7457
NSD3,gene,7458
FAM89A,gene,7459
GPRASP2,gene,7460
SLC24A5,gene,7461
FZD7,gene,7462
CNPY1,gene,7463
CDC42EP5,gene,7464
HSD11B1L,gene,7465
AURKC,gene,7466
TAB1,gene,7467
OR13C9,gene,7468
ZFAND1,gene,7469
PLAAT4,gene,7470
RCC1,gene,7471
DMRTA2,gene,7472
ZNF518B,gene,7473
RPF2,gene,7474
LRRC72,gene,7475
HAS2,gene,7476
SLC52A1,gene,7477
PLOD3,gene,7478
KLK9,gene,7479
TMEM86B,gene,7480
POMC,gene,7481
NONO,gene,7482
PLD5,gene,7483
PLCL1,gene,7484
ATF2,gene,7485
PRSS36,gene,7486
SRSF3,gene,7487
MICOS10,gene,7488
WLS,gene,7489
HINT3,gene,7490
SAMD4B,gene,7491
SRGAP3,gene,7492
NMRAL1,gene,7493
BICD1,gene,7494
CYP1B1,gene,7495
SMCP,gene,7496
SLC35F2,gene,7497
B3GNTL1,gene,7498
RAB41,gene,7499
PRPF8,gene,7500
TCTN1,gene,7501
MYL9,gene,7502
PIF1,gene,7503
CXCL3,gene,7504
FAM90A16,gene,7505
PYGO2,gene,7506
SULT1A4,gene,7507
AFAP1L1,gene,7508
CCDC136,gene,7509
ECRG4,gene,7510
THOC3,gene,7511
GLI4,gene,7512
SCO1,gene,7513
NBPF10,gene,7514
KRT16,gene,7515
KRTAP4-1,gene,7516
PLBD2,gene,7517
PARP6,gene,7518
CFDP1,gene,7519
SPIC,gene,7520
NEGR1,gene,7521
MSTO1,gene,7522
SPATA31D3,gene,7523
HIKESHI,gene,7524
CYP2B6,gene,7525
SALL3,gene,7526
TBC1D19,gene,7527
ITM2A,gene,7528
SFMBT2,gene,7529
UQCR10,gene,7530
KRTAP19-4,gene,7531
OR2I1P,gene,7532
LMLN,gene,7533
CPA2,gene,7534
RHOBTB1,gene,7535
SMIM27,gene,7536
LINC02203,gene,7537
CPOX,gene,7538
ANXA8L1,gene,7539
OLR1,gene,7540
TCOF1,gene,7541
EDEM1,gene,7542
GOT1,gene,7543
ECI2,gene,7544
FERMT2,gene,7545
IL18RAP,gene,7546
TMEM177,gene,7547
DAPP1,gene,7548
RRM2,gene,7549
ZNF768,gene,7550
FAM151A,gene,7551
CIMAP1A,gene,7552
MT-ND3,gene,7553
CSNKA2IP,gene,7554
CAPN10,gene,7555
HRK,gene,7556
UROD,gene,7557
VPS8,gene,7558
PAX3,gene,7559
SPANXN3,gene,7560
NUDT19,gene,7561
KCNC1,gene,7562
FAM83B,gene,7563
ZFPM2,gene,7564
TRIM64B,gene,7565
PLSCR1,gene,7566
OR6M1,gene,7567
CYP2C9,gene,7568
FEM1C,gene,7569
VWC2,gene,7570
CYB561A3,gene,7571
WAPL,gene,7572
ARHGDIA,gene,7573
CABP5,gene,7574
H3C8,gene,7575
CRIP2,gene,7576
IRX1,gene,7577
OR5AN1,gene,7578
UCP3,gene,7579
TSPYL5,gene,7580
CSN2,gene,7581
PCOLCE2,gene,7582
MGARP,gene,7583
PXN,gene,7584
SNAPC1,gene,7585
CSF3,gene,7586
TRIAP1,gene,7587
NOMO3,gene,7588
KLHL17,gene,7589
PLAA,gene,7590
CD151,gene,7591
ROBO1,gene,7592
KCNV2,gene,7593
OR2M5,gene,7594
ABCA4,gene,7595
ARMS2,gene,7596
TRIM34,gene,7597
EAF2,gene,7598
CENPI,gene,7599
TRAPPC11,gene,7600
NEK5,gene,7601
SIPA1L1,gene,7602
AHCYL1,gene,7603
PARD6A,gene,7604
FBXO34,gene,7605
DDX39B,gene,7606
TMEM80,gene,7607
OR52W1,gene,7608
H1-6,gene,7609
KIR3DL1,gene,7610
LRRN1,gene,7611
TRIT1,gene,7612
SHROOM3,gene,7613
PAGE2B,gene,7614
CHST11,gene,7615
HSPBP1,gene,7616
COTL1,gene,7617
SHKBP1,gene,7618
CASP3,gene,7619
GABRP,gene,7620
ITIH6,gene,7621
DEFB115,gene,7622
BCOR,gene,7623
FZD10,gene,7624
PTRH1,gene,7625
BANF1,gene,7626
ACSM5,gene,7627
FIZ1,gene,7628
GAS1,gene,7629
TBC1D2,gene,7630
TARS2,gene,7631
SPSB3,gene,7632
SYDE2,gene,7633
ERICH1,gene,7634
PLEKHD1,gene,7635
VAT1,gene,7636
FZD1,gene,7637
NDUFB5,gene,7638
MEIS1,gene,7639
NPC2,gene,7640
RETREG1,gene,7641
DENND6B,gene,7642
TNFRSF6B,gene,7643
FMO3,gene,7644
NEO1,gene,7645
PDZRN4,gene,7646
ZNF680,gene,7647
NPR3,gene,7648
MCU,gene,7649
C2orf78,gene,7650
CASP5,gene,7651
PLEKHS1,gene,7652
TRMT2A,gene,7653
PRAMEF2,gene,7654
TTI2,gene,7655
PPP1R12A,gene,7656
ERH,gene,7657
RPE,gene,7658
PLA2G4F,gene,7659
IRX4,gene,7660
CAMK2A,gene,7661
OR5P2,gene,7662
ITGA8,gene,7663
NRG4,gene,7664
PARP10,gene,7665
MTG1,gene,7666
LCOR,gene,7667
CCNB1IP1,gene,7668
MINAR1,gene,7669
SERPINB13,gene,7670
GLT8D2,gene,7671
SPATA3,gene,7672
GUCY1A1,gene,7673
MAPK1,gene,7674
NUF2,gene,7675
THNSL2,gene,7676
FGF1,gene,7677
TCIRG1,gene,7678
MAPRE1,gene,7679
IGBP1,gene,7680
FAM170A,gene,7681
DRG1,gene,7682
SNX7,gene,7683
TMEM190,gene,7684
PRSS1,gene,7685
CHMP1A,gene,7686
MVB12A,gene,7687
TAF1A,gene,7688
AMOTL2,gene,7689
RUBCN,gene,7690
CAPN6,gene,7691
DLAT,gene,7692
C6orf118,gene,7693
PRSS38,gene,7694
CAMK2G,gene,7695
ZNF280B,gene,7696
GLE1,gene,7697
SLAIN1,gene,7698
GRK5,gene,7699
SGCZ,gene,7700
RASSF9,gene,7701
WIZ,gene,7702
TRPV4,gene,7703
ZNF19,gene,7704
GPHA2,gene,7705
NECTIN3,gene,7706
LGALS7,gene,7707
RESP18,gene,7708
ENTR1,gene,7709
SLC30A9,gene,7710
ANKRD50,gene,7711
DHRS12,gene,7712
MKLN1,gene,7713
OPRL1,gene,7714
ZNF586,gene,7715
TXLNB,gene,7716
PRB1,gene,7717
DBF4B,gene,7718
MIF4GD,gene,7719
TBCC,gene,7720
REPIN1,gene,7721
RAB2A,gene,7722
EFCAB12,gene,7723
CDC42EP3,gene,7724
DCAF8,gene,7725
ELF1,gene,7726
SLPI,gene,7727
ARHGAP18,gene,7728
GARIN6,gene,7729
TUB,gene,7730
KCNC4,gene,7731
NEIL3,gene,7732
C17orf75,gene,7733
REN,gene,7734
SPATC1L,gene,7735
CIDEA,gene,7736
KIF12,gene,7737
ZAR1,gene,7738
DYNC1I1,gene,7739
CHRFAM7A,gene,7740
RIN2,gene,7741
EIF1,gene,7742
ZFP42,gene,7743
DCDC2,gene,7744
RPLP2,gene,7745
G6PC2,gene,7746
NCOA2,gene,7747
RRP8,gene,7748
MMP13,gene,7749
ASB2,gene,7750
RHOT2,gene,7751
GAA,gene,7752
ADSL,gene,7753
MOGAT3,gene,7754
ARFRP1,gene,7755
UBE2U,gene,7756
TAF11L8,gene,7757
MFRP,gene,7758
ST14,gene,7759
WFDC1,gene,7760
SLC13A5,gene,7761
PGD,gene,7762
MBP,gene,7763
NWD2,gene,7764
ZNF84,gene,7765
ETV4,gene,7766
TFDP2,gene,7767
USP33,gene,7768
NPIPB15,gene,7769
MRM3,gene,7770
EPX,gene,7771
TUT7,gene,7772
NBPF15,gene,7773
SP100,gene,7774
UGT3A1,gene,7775
SPACA1,gene,7776
GABRR3,gene,7777
CLEC3B,gene,7778
ELF5,gene,7779
PABPN1L,gene,7780
PRKAA1,gene,7781
GNAS,gene,7782
PACSIN1,gene,7783
C1orf202,gene,7784
SERPINA6,gene,7785
PTK6,gene,7786
FCGR3B,gene,7787
SPATA31A5,gene,7788
HASPIN,gene,7789
PODNL1,gene,7790
ICAM5,gene,7791
PLIN1,gene,7792
DEFA1,gene,7793
CDC37,gene,7794
PRICKLE3,gene,7795
SPP1,gene,7796
POLD2,gene,7797
PARVA,gene,7798
ANKRD2,gene,7799
LCP1,gene,7800
GON7,gene,7801
TICAM2,gene,7802
TGM5,gene,7803
EIF4E3,gene,7804
RARS2,gene,7805
CLPB,gene,7806
SPG7,gene,7807
CHD9NB,gene,7808
PPIL1,gene,7809
LCE1B,gene,7810
GLTPD2,gene,7811
WFDC9,gene,7812
CST3,gene,7813
CYP27C1,gene,7814
APOL4,gene,7815
ZNG1B,gene,7816
NUDT14,gene,7817
SPATC1,gene,7818
LTC4S,gene,7819
RAB6C,gene,7820
CSTPP1,gene,7821
CNIH2,gene,7822
ABCG2,gene,7823
JMJD7-PLA2G4B,gene,7824
C2CD4B,gene,7825
AATK,gene,7826
SIGLEC6,gene,7827
GAGE12E,gene,7828
STC1,gene,7829
SCAF11,gene,7830
TLE6,gene,7831
OR2T10,gene,7832
BNIP3,gene,7833
TTLL8,gene,7834
SMIM10,gene,7835
ATP5MF-PTCD1,gene,7836
TNFRSF11A,gene,7837
MSRA,gene,7838
P2RX3,gene,7839
KRTAP6-3,gene,7840
UNC5D,gene,7841
EXOSC7,gene,7842
PCDHGB2,gene,7843
TRPC5,gene,7844
CLDND2,gene,7845
DACH1,gene,7846
PIK3R6,gene,7847
SSTR1,gene,7848
UQCC3,gene,7849
IRAK3,gene,7850
GLRA2,gene,7851
MYG1,gene,7852
TM2D1,gene,7853
ZNF10,gene,7854
DCAF4L1,gene,7855
PRSS16,gene,7856
FAM50B,gene,7857
PRKAR1A,gene,7858
MS4A4E,gene,7859
REXO5,gene,7860
FAM107B,gene,7861
NKAPD1,gene,7862
SMPD4,gene,7863
LRG1,gene,7864
TSPAN9,gene,7865
CPNE3,gene,7866
PXDC1,gene,7867
BANK1,gene,7868
RPS4Y1,gene,7869
NXPH4,gene,7870
FAT4,gene,7871
CTAGE1,gene,7872
ADAMTS5,gene,7873
UPK1B,gene,7874
PTGIR,gene,7875
MEOX2,gene,7876
DAGLB,gene,7877
POLR1B,gene,7878
BRS3,gene,7879
ZNF69,gene,7880
NOX3,gene,7881
UQCRC2,gene,7882
ERBB2,gene,7883
WNT10A,gene,7884
MUC17,gene,7885
DDIT3,gene,7886
HPS4,gene,7887
ANKRD33B,gene,7888
TANC2,gene,7889
FAM237B,gene,7890
GPR15,gene,7891
CARD11,gene,7892
LY86,gene,7893
F9,gene,7894
THYN1,gene,7895
FLRT2,gene,7896
TOMM34,gene,7897
SPMAP1,gene,7898
SMCR8,gene,7899
SART3,gene,7900
RRAGD,gene,7901
DDX11,gene,7902
ATP2B3,gene,7903
CSNK1D,gene,7904
PLA2G4A,gene,7905
HOXC4,gene,7906
GLS,gene,7907
WFDC13,gene,7908
RASIP1,gene,7909
BACH2,gene,7910
SLC38A4,gene,7911
KCNK16,gene,7912
OR52A1,gene,7913
SAR1A,gene,7914
SGCA,gene,7915
FAM236D,gene,7916
ICA1L,gene,7917
C2orf16,gene,7918
LGR5,gene,7919
ADRA2B,gene,7920
WFDC10B,gene,7921
PI4K2B,gene,7922
KIF16B,gene,7923
TEX101,gene,7924
BLOC1S6,gene,7925
PCNX4,gene,7926
PNP,gene,7927
KRTAP12-4,gene,7928
OXNAD1,gene,7929
SECISBP2,gene,7930
OR10S1,gene,7931
HEPACAM,gene,7932
UTS2B,gene,7933
TTC23L,gene,7934
HOXA2,gene,7935
BMAL1,gene,7936
ILF2,gene,7937
AIM2,gene,7938
KIF1A,gene,7939
LRRC74B,gene,7940
NALF2,gene,7941
PCBD1,gene,7942
RAD51AP1,gene,7943
CGRRF1,gene,7944
PRTFDC1,gene,7945
ZNF776,gene,7946
NEK8,gene,7947
DPY30,gene,7948
TTC24,gene,7949
CEP295NL,gene,7950
CBFA2T2,gene,7951
AJUBA,gene,7952
DNAH8,gene,7953
FFAR1,gene,7954
CPN2,gene,7955
POGLUT3,gene,7956
ZFAT,gene,7957
COPA,gene,7958
SPDYE1,gene,7959
ITPRIPL1,gene,7960
THADA,gene,7961
HSP90B1,gene,7962
RABGEF1,gene,7963
DCAF17,gene,7964
LMO3,gene,7965
L1CAM,gene,7966
MMAA,gene,7967
DTNBP1,gene,7968
OR10G3,gene,7969
VIP,gene,7970
IL1RAPL1,gene,7971
PPP2R5D,gene,7972
BIN1,gene,7973
PFDN5,gene,7974
EMILIN3,gene,7975
EIF3A,gene,7976
OR6K3,gene,7977
ATP2B1,gene,7978
FBXL3,gene,7979
RALGAPA2,gene,7980
PROP1,gene,7981
QRFP,gene,7982
HAUS5,gene,7983
SERPINA4,gene,7984
ERICH6,gene,7985
BCAS2,gene,7986
ULBP1,gene,7987
IL22RA2,gene,7988
GOLGA6L1,gene,7989
KRTAP13-1,gene,7990
WWOX,gene,7991
OR13D1,gene,7992
TEX48,gene,7993
PRKACG,gene,7994
GREB1L,gene,7995
NBPF1,gene,7996
GGCX,gene,7997
RPL4,gene,7998
TAS2R43,gene,7999
GMFG,gene,8000
VDAC2,gene,8001
NTF3,gene,8002
ZNF331,gene,8003
SPRED2,gene,8004
SCRN1,gene,8005
VNN1,gene,8006
FBXL15,gene,8007
NUDC,gene,8008
ITGB6,gene,8009
DPP6,gene,8010
SPATA22,gene,8011
ZNF713,gene,8012
OR10D3,gene,8013
RNF13,gene,8014
GRM5,gene,8015
MLN,gene,8016
GYG2,gene,8017
NOG,gene,8018
EXOC8,gene,8019
TAS1R3,gene,8020
RGSL1,gene,8021
BPY2C,gene,8022
SLC28A1,gene,8023
MLLT6,gene,8024
SLC22A14,gene,8025
MME,gene,8026
RPGRIP1L,gene,8027
MRPS28,gene,8028
EFCAB13,gene,8029
PNPLA8,gene,8030
PPID,gene,8031
SSX4B,gene,8032
TNFRSF9,gene,8033
EHD4,gene,8034
NAA10,gene,8035
POLB,gene,8036
MAST1,gene,8037
SLC18A1,gene,8038
EPN2,gene,8039
SOCS2,gene,8040
MTMR6,gene,8041
DDX56,gene,8042
AACS,gene,8043
MOGAT1,gene,8044
SFTA2,gene,8045
DAZAP2,gene,8046
ICMT,gene,8047
DPAGT1,gene,8048
RABL3,gene,8049
KLF6,gene,8050
GET1-SH3BGR,gene,8051
RADIL,gene,8052
DGKK,gene,8053
PCDH9,gene,8054
TCTE1,gene,8055
ANO5,gene,8056
CD68,gene,8057
VSIG2,gene,8058
GPR32,gene,8059
RELN,gene,8060
RAB43,gene,8061
PIP4P2,gene,8062
B3GALNT1,gene,8063
PRAMEF6,gene,8064
PSMB1,gene,8065
TMEM135,gene,8066
FSIP2,gene,8067
ARSB,gene,8068
FHDC1,gene,8069
NELL2,gene,8070
COQ8A,gene,8071
KIF25,gene,8072
PPP1R17,gene,8073
CCDC201,gene,8074
CREB3L2,gene,8075
CEND1,gene,8076
FAIM,gene,8077
IPO4,gene,8078
PLA2R1,gene,8079
DEGS2,gene,8080
WDR49,gene,8081
PRRT4,gene,8082
SMARCA5,gene,8083
PUM3,gene,8084
DDX47,gene,8085
ZNF771,gene,8086
PHETA2,gene,8087
MUC6,gene,8088
GPM6B,gene,8089
ZNF681,gene,8090
H3-7,gene,8091
RINT1,gene,8092
FCHSD1,gene,8093
OAS2,gene,8094
SPARCL1,gene,8095
SYT2,gene,8096
MARCHF6,gene,8097
GMDS,gene,8098
PRRT1B,gene,8099
MEN1,gene,8100
STX1B,gene,8101
MAOB,gene,8102
USP6NL,gene,8103
PRMT1,gene,8104
ITK,gene,8105
TARS3,gene,8106
ISY1,gene,8107
CARD10,gene,8108
FABP7,gene,8109
CDCA8,gene,8110
TMEM237,gene,8111
EIF3B,gene,8112
CORO7-PAM16,gene,8113
NOSIP,gene,8114
SNTB1,gene,8115
SLC6A8,gene,8116
EIF1AD,gene,8117
BORCS6,gene,8118
GSTZ1,gene,8119
DICER1,gene,8120
PPP4C,gene,8121
AJAP1,gene,8122
CASQ2,gene,8123
SOCS5,gene,8124
PIK3R1,gene,8125
ATP6AP2,gene,8126
LY75,gene,8127
OR4C13,gene,8128
POFUT2,gene,8129
TSPYL1,gene,8130
PTPDC1,gene,8131
SLC25A43,gene,8132
PSME3IP1,gene,8133
RIMS1,gene,8134
PTPRZ1,gene,8135
FAXC,gene,8136
PCNX3,gene,8137
ATP6V1C2,gene,8138
HARS2,gene,8139
AGPAT2,gene,8140
HLCS,gene,8141
ODF4,gene,8142
LRRK2,gene,8143
TVP23C-CDRT4,gene,8144
PHKA2,gene,8145
ADGRA3,gene,8146
HRNR,gene,8147
C9orf43,gene,8148
DEFB118,gene,8149
OR6C75,gene,8150
PAGE4,gene,8151
HEY1,gene,8152
CDC45,gene,8153
COX7B,gene,8154
GOLGA2,gene,8155
LYG1,gene,8156
CCDC14,gene,8157
WDPCP,gene,8158
UFSP2,gene,8159
OOSP4A,gene,8160
BTBD6,gene,8161
IFFO2,gene,8162
MEIKIN,gene,8163
TRIM54,gene,8164
TMEM151B,gene,8165
SNRPD2,gene,8166
CCDC77,gene,8167
COL15A1,gene,8168
SPDYE9,gene,8169
LDB3,gene,8170
SNTA1,gene,8171
MACROD1,gene,8172
GC,gene,8173
FEN1,gene,8174
SNX18,gene,8175
CYP4F12,gene,8176
PLXNA4,gene,8177
CAMSAP3,gene,8178
FKBP15,gene,8179
DLL3,gene,8180
OXR1,gene,8181
C2orf81,gene,8182
ETNPPL,gene,8183
HS6ST2,gene,8184
GPR33,gene,8185
CSDC2,gene,8186
STYXL1,gene,8187
PCDHB3,gene,8188
RAET1L,gene,8189
NANS,gene,8190
AGPS,gene,8191
FAM47E-STBD1,gene,8192
PDE4D,gene,8193
TSC1,gene,8194
ACOT6,gene,8195
TIMM29,gene,8196
BTBD19,gene,8197
ARCN1,gene,8198
EXT1,gene,8199
ATP11C,gene,8200
ADAMTSL4,gene,8201
RBM14,gene,8202
TLE3,gene,8203
SFN,gene,8204
PNKD,gene,8205
PPFIBP2,gene,8206
DDIT4,gene,8207
SPC24,gene,8208
HDAC5,gene,8209
PRL,gene,8210
KASH5,gene,8211
PAFAH1B2,gene,8212
RET,gene,8213
ECSIT,gene,8214
KCNG2,gene,8215
PHTF1,gene,8216
EXOC4,gene,8217
ZP2,gene,8218
NDE1,gene,8219
LAT,gene,8220
MFN2,gene,8221
MYO18A,gene,8222
SDE2,gene,8223
ARL3,gene,8224
TNFRSF13C,gene,8225
KCNE5,gene,8226
GRID2,gene,8227
QRICH2,gene,8228
ARNT,gene,8229
LONRF3,gene,8230
CDH24,gene,8231
OR2T35,gene,8232
EIF2AK3,gene,8233
RNF208,gene,8234
AKAP3,gene,8235
REP15,gene,8236
CAVIN4,gene,8237
HSPA2,gene,8238
BOLA2,gene,8239
YAF2,gene,8240
METTL26,gene,8241
SERPINA5,gene,8242
LRRC30,gene,8243
ATP4A,gene,8244
CLDN20,gene,8245
SPO11,gene,8246
SLC6A13,gene,8247
DLX2,gene,8248
ZNF66,gene,8249
CHL1,gene,8250
BROX,gene,8251
GPR27,gene,8252
FLRT1,gene,8253
HOMER2,gene,8254
OFD1,gene,8255
TTC8,gene,8256
CT47A9,gene,8257
PAX5,gene,8258
TIFA,gene,8259
CAGE1,gene,8260
YARS2,gene,8261
FAHD2A,gene,8262
GAL3ST1,gene,8263
DBT,gene,8264
RGN,gene,8265
RGS12,gene,8266
AMOTL1,gene,8267
CTSA,gene,8268
GLCCI1,gene,8269
RAB24,gene,8270
RPS17,gene,8271
ZNF726,gene,8272
KRTAP20-2,gene,8273
EFEMP2,gene,8274
NEK10,gene,8275
FMNL2,gene,8276
SCAMP1,gene,8277
TMEM185A,gene,8278
CSTB,gene,8279
PTCHD1,gene,8280
KANTR,gene,8281
CCDC160,gene,8282
MROH2A,gene,8283
SH3TC2,gene,8284
SPDYE12,gene,8285
VEZT,gene,8286
STON2,gene,8287
MYO7A,gene,8288
NDUFAF6,gene,8289
MSS51,gene,8290
KMT2B,gene,8291
STARD9,gene,8292
MARVELD1,gene,8293
KEAP1,gene,8294
MFAP5,gene,8295
OR7G1,gene,8296
H2BC7,gene,8297
CREB3L4,gene,8298
MYC,gene,8299
RBP5,gene,8300
BCL2L10,gene,8301
TRIM59,gene,8302
CLCNKB,gene,8303
TBK1,gene,8304
RABAC1,gene,8305
TMEM158,gene,8306
OR2A2,gene,8307
KCNE3,gene,8308
AKR1E2,gene,8309
SLX1B,gene,8310
OR6C3,gene,8311
TRIM46,gene,8312
MSANTD7,gene,8313
CDH19,gene,8314
CELA3B,gene,8315
SOX15,gene,8316
SIT1,gene,8317
ANKRD24,gene,8318
SLC35E2B,gene,8319
ASNS,gene,8320
SLC4A1AP,gene,8321
FGFR3,gene,8322
LBR,gene,8323
RAB38,gene,8324
HDGFL2,gene,8325
ZEB1,gene,8326
SERPINB7,gene,8327
TMCO3,gene,8328
TMEM120B,gene,8329
HIF3A,gene,8330
BCAR3,gene,8331
KCNA4,gene,8332
NYAP2,gene,8333
GAGE10,gene,8334
SPACA4,gene,8335
IL23A,gene,8336
CDKL2,gene,8337
FAM90A5P,gene,8338
TMEM132E,gene,8339
ARL1,gene,8340
SMYD1,gene,8341
OR2T8,gene,8342
SPMAP2,gene,8343
UBE2Z,gene,8344
ITGA2B,gene,8345
OR4K2,gene,8346
TP53,gene,8347
CYP3A7,gene,8348
EPPIN,gene,8349
CEBPB,gene,8350
STRA6,gene,8351
SATL1,gene,8352
RAB35,gene,8353
ACVR1,gene,8354
DYSF,gene,8355
FBXO36,gene,8356
DUSP3,gene,8357
KIF17,gene,8358
ARID5A,gene,8359
RAB23,gene,8360
CRYBG3,gene,8361
PDE1C,gene,8362
ARF6,gene,8363
C5orf47,gene,8364
HACD3,gene,8365
DSP,gene,8366
ARHGAP23,gene,8367
ZNF562,gene,8368
BLOC1S5,gene,8369
VEPH1,gene,8370
PDE3A,gene,8371
HSP90AA1,gene,8372
COX16,gene,8373
RMDN3,gene,8374
INTS10,gene,8375
SCG3,gene,8376
MAPKAPK5,gene,8377
HNRNPA1,gene,8378
SCYL3,gene,8379
TSC22D1,gene,8380
OR6N2,gene,8381
MT1HL1,gene,8382
DNAJC10,gene,8383
MAT2A,gene,8384
SH3BGRL,gene,8385
XAGE5,gene,8386
SDR16C5,gene,8387
RCOR2,gene,8388
ORMDL3,gene,8389
TMEM106B,gene,8390
RNASE8,gene,8391
EBF3,gene,8392
LRRC24,gene,8393
PELI1,gene,8394
LONRF2,gene,8395
FAM171B,gene,8396
SRFBP1,gene,8397
CWC15,gene,8398
SFT2D1,gene,8399
PLA2G4D,gene,8400
CORO2B,gene,8401
ALDH9A1,gene,8402
CADM1,gene,8403
ADI1,gene,8404
C17orf80,gene,8405
APMAP,gene,8406
OR8B4,gene,8407
NCOA7,gene,8408
RAB36,gene,8409
IL11RA,gene,8410
IQGAP2,gene,8411
TMEM88B,gene,8412
SLC17A1,gene,8413
SHH,gene,8414
SETD1B,gene,8415
EMC6,gene,8416
MRPL33,gene,8417
STK36,gene,8418
GEMIN2,gene,8419
RIPPLY3,gene,8420
ZNF501,gene,8421
TRIM22,gene,8422
RTCA,gene,8423
PCDHA6,gene,8424
NFATC1,gene,8425
ARL9,gene,8426
TEX38,gene,8427
SLC17A7,gene,8428
TRAPPC4,gene,8429
DUSP4,gene,8430
HES5,gene,8431
AKAP13,gene,8432
RIPK4,gene,8433
DCANP1,gene,8434
DMRTB1,gene,8435
OR10A2,gene,8436
LILRA5,gene,8437
KLC3,gene,8438
TDRP,gene,8439
PDE4A,gene,8440
KARS1,gene,8441
PP2D1,gene,8442
C6orf120,gene,8443
PTRH2,gene,8444
ZNF627,gene,8445
ATF6B,gene,8446
SERPINA7,gene,8447
RPS27A,gene,8448
IQCA1,gene,8449
ITGB3BP,gene,8450
KIF13B,gene,8451
GPATCH11,gene,8452
SYT15B,gene,8453
CHRM1,gene,8454
PGLS,gene,8455
GDI1,gene,8456
LRRC39,gene,8457
RANBP2,gene,8458
NCAPD3,gene,8459
RDH5,gene,8460
SLC13A4,gene,8461
ATG14,gene,8462
SPATS2L,gene,8463
PAFAH2,gene,8464
FCER2,gene,8465
TROAP,gene,8466
DDB2,gene,8467
C6orf136,gene,8468
TBL2,gene,8469
VSTM2A,gene,8470
GGTLC1,gene,8471
OR4D1,gene,8472
SMG5,gene,8473
PITRM1,gene,8474
PIGZ,gene,8475
KLHDC9,gene,8476
SH2D3A,gene,8477
MASP2,gene,8478
CYP3A4,gene,8479
SMPDL3B,gene,8480
C1QTNF4,gene,8481
MUC22,gene,8482
COL11A2,gene,8483
ACP4,gene,8484
FAM20B,gene,8485
TLR8,gene,8486
TNFSF8,gene,8487
ZNF383,gene,8488
ZNF589,gene,8489
TMEM68,gene,8490
RECQL,gene,8491
TEX13C,gene,8492
RRM1,gene,8493
OR8K5,gene,8494
LILRB2,gene,8495
RHPN1,gene,8496
RHOB,gene,8497
ETFA,gene,8498
SKAP1,gene,8499
TERB2,gene,8500
GPR171,gene,8501
SLC2A14,gene,8502
RASAL1,gene,8503
EIF4H,gene,8504
SLC38A2,gene,8505
DYRK3,gene,8506
ZDHHC5,gene,8507
LUZP4,gene,8508
FBXO9,gene,8509
ABT1,gene,8510
ETDB,gene,8511
ZNF26,gene,8512
CLASP1,gene,8513
MSRB1,gene,8514
DNER,gene,8515
MUCL3,gene,8516
FAM171A1,gene,8517
CANT1,gene,8518
HTR1D,gene,8519
TRANK1,gene,8520
ZNF248,gene,8521
YPEL5,gene,8522
ABHD5,gene,8523
CGREF1,gene,8524
GDNF,gene,8525
VXN,gene,8526
TRAFD1,gene,8527
MFSD10,gene,8528
RPGR,gene,8529
UIMC1,gene,8530
FHIP1A,gene,8531
CCNK,gene,8532
NUSAP1,gene,8533
CIMAP1C,gene,8534
PHF24,gene,8535
GPHN,gene,8536
LHX6,gene,8537
ZNF354B,gene,8538
NUDCD1,gene,8539
VPS52,gene,8540
ZC3H11C,gene,8541
NDUFA13,gene,8542
TPRG1L,gene,8543
PLXNB2,gene,8544
PCDHB8,gene,8545
FAM240C,gene,8546
SMCHD1,gene,8547
TMEM216,gene,8548
SMPX,gene,8549
CCDC47,gene,8550
SPMIP7,gene,8551
TLE2,gene,8552
SF3B1,gene,8553
TRIM62,gene,8554
TENT5D,gene,8555
RIMS3,gene,8556
UBE3B,gene,8557
ZNF559,gene,8558
SSTR3,gene,8559
FAM81B,gene,8560
SZRD1,gene,8561
CATSPERG,gene,8562
CERS6,gene,8563
TOMM40L,gene,8564
FEZF1,gene,8565
SLC39A10,gene,8566
LIPT1,gene,8567
SGCD,gene,8568
CMSS1,gene,8569
DNAH12,gene,8570
ANLN,gene,8571
FN1,gene,8572
ACTR10,gene,8573
UBE2L3,gene,8574
NEU4,gene,8575
ORM2,gene,8576
WDR7,gene,8577
H2AL1Q,gene,8578
COQ5,gene,8579
TMEM169,gene,8580
EGFR,gene,8581
FTCD,gene,8582
NKAPL,gene,8583
PPARGC1B,gene,8584
FCGBP,gene,8585
ARHGAP32,gene,8586
EPGN,gene,8587
ABCG5,gene,8588
NELFE,gene,8589
HTR6,gene,8590
OR13C5,gene,8591
ACOX2,gene,8592
PRKD2,gene,8593
SPMIP5,gene,8594
OR5AU1,gene,8595
ACD,gene,8596
FOXO1,gene,8597
FECH,gene,8598
C4orf48,gene,8599
RTL3,gene,8600
ADGRG3,gene,8601
CTC1,gene,8602
BCAP31,gene,8603
GPAM,gene,8604
TAPBPL,gene,8605
PITX2,gene,8606
GPRC5D,gene,8607
GPN3,gene,8608
LSM1,gene,8609
SPDYE14,gene,8610
FHIP2B,gene,8611
GRK6,gene,8612
ZBTB43,gene,8613
JKAMP,gene,8614
C2,gene,8615
MMP16,gene,8616
AMBP,gene,8617
AGAP9,gene,8618
GSTP1,gene,8619
MRPL39,gene,8620
ZNF676,gene,8621
ABRACL,gene,8622
ZNF830,gene,8623
SPATA25,gene,8624
PIGW,gene,8625
EXOC3,gene,8626
BBS10,gene,8627
SLC6A5,gene,8628
MARCKSL1,gene,8629
OR4K17,gene,8630
TNNC1,gene,8631
ABHD4,gene,8632
SOST,gene,8633
IRF2,gene,8634
ABHD6,gene,8635
RBMY1D,gene,8636
ZNF672,gene,8637
LRRC25,gene,8638
RENBP,gene,8639
EIF4EBP2,gene,8640
CDH26,gene,8641
SEC23B,gene,8642
EPS15,gene,8643
USP27X,gene,8644
OGDH,gene,8645
SCRIB,gene,8646
GATA3,gene,8647
ANXA7,gene,8648
TBC1D30,gene,8649
RBMS2,gene,8650
OR4K13,gene,8651
SPACA6,gene,8652
DYNLL2,gene,8653
ATP5F1A,gene,8654
NAGPA,gene,8655
SHOX,gene,8656
GET1,gene,8657
FIGNL1,gene,8658
HBEGF,gene,8659
VSTM5,gene,8660
ESRRA,gene,8661
TUBB8,gene,8662
WFDC11,gene,8663
ANXA6,gene,8664
NKAIN4,gene,8665
MAPK8,gene,8666
HBD,gene,8667
TCAIM,gene,8668
UBL3,gene,8669
HSFX2,gene,8670
TMSB15B,gene,8671
RASL12,gene,8672
RGS9BP,gene,8673
LY6G6C,gene,8674
DPPA2,gene,8675
ACTRT1,gene,8676
CNKSR2,gene,8677
SLC25A34,gene,8678
RCBTB2,gene,8679
SLC4A2,gene,8680
TRHDE,gene,8681
RTEL1,gene,8682
TIMM17A,gene,8683
IL1RAP,gene,8684
OR4L1,gene,8685
BOLA3,gene,8686
AKR1C4,gene,8687
SLC24A4,gene,8688
SNX13,gene,8689
FKBP3,gene,8690
MAP7D1,gene,8691
TMEM200A,gene,8692
ABCA3,gene,8693
GLIS2,gene,8694
STMN3,gene,8695
MGAT5B,gene,8696
ZNF502,gene,8697
OR52E5,gene,8698
GRM7,gene,8699
MYORG,gene,8700
FOXD4L6,gene,8701
DUSP7,gene,8702
C2orf72,gene,8703
MAMDC2,gene,8704
ABCC1,gene,8705
CDKN2AIPNL,gene,8706
GPS2,gene,8707
ZNF790,gene,8708
ATP8A2,gene,8709
DIPK2A,gene,8710
IL1RAPL2,gene,8711
EME2,gene,8712
SDHAF1,gene,8713
PNMT,gene,8714
TM4SF1,gene,8715
PIGM,gene,8716
ARGFX,gene,8717
H2AZ2,gene,8718
MFSD4A,gene,8719
TMEM225,gene,8720
COPS3,gene,8721
TBC1D28,gene,8722
CFAP298,gene,8723
CLPX,gene,8724
ANXA5,gene,8725
CST2,gene,8726
CLRN3,gene,8727
TPO,gene,8728
MSL2,gene,8729
MYO15A,gene,8730
BPIFB1,gene,8731
SLC6A16,gene,8732
ZSCAN20,gene,8733
SFTPD,gene,8734
TNFSF15,gene,8735
MDN1,gene,8736
LRRC32,gene,8737
FTH1,gene,8738
LEPR,gene,8739
CDAN1,gene,8740
HNRNPR,gene,8741
PTP4A3,gene,8742
CYP4F2,gene,8743
OR2T12,gene,8744
TPH1,gene,8745
ISCA1,gene,8746
TAF11L12,gene,8747
OPRK1,gene,8748
MNDA,gene,8749
KIF2C,gene,8750
AWAT1,gene,8751
AFTPH,gene,8752
CCDC166,gene,8753
RPRD1B,gene,8754
EDAR,gene,8755
SEL1L,gene,8756
CDH1,gene,8757
CXCL6,gene,8758
CSRP2,gene,8759
KCNH5,gene,8760
MAN2A1,gene,8761
MGAT3,gene,8762
CPEB2,gene,8763
AR,gene,8764
SSH2,gene,8765
SEMA4F,gene,8766
HYI,gene,8767
KLF5,gene,8768
ERCC8,gene,8769
AEBP1,gene,8770
GAS2,gene,8771
SLC17A4,gene,8772
KLHL6,gene,8773
FLCN,gene,8774
EMX2,gene,8775
FANK1,gene,8776
MCFD2,gene,8777
UCP2,gene,8778
NADK2,gene,8779
PPP2CA,gene,8780
GOLPH3L,gene,8781
CCDC70,gene,8782
MROH8,gene,8783
ZNF766,gene,8784
NDUFS6,gene,8785
GAREM1,gene,8786
PNPLA4,gene,8787
PKP1,gene,8788
SPATA4,gene,8789
RNF122,gene,8790
NUAK2,gene,8791
NCAPH,gene,8792
SPATA31A1,gene,8793
MDM1,gene,8794
KRT6B,gene,8795
PANX1,gene,8796
SYT16,gene,8797
FCSK,gene,8798
GPR160,gene,8799
FBXL17,gene,8800
THAP6,gene,8801
CCKAR,gene,8802
DDO,gene,8803
MAGEC1,gene,8804
CELF4,gene,8805
MOCOS,gene,8806
ECEL1,gene,8807
GORASP2,gene,8808
CLTB,gene,8809
CCDC107,gene,8810
NOVA2,gene,8811
FBXW5,gene,8812
TMCO2,gene,8813
NKD2,gene,8814
LMTK2,gene,8815
CCT3,gene,8816
GRM3,gene,8817
AGAP3,gene,8818
C19orf12,gene,8819
GRXCR2,gene,8820
FCHO1,gene,8821
PCGF3,gene,8822
RAP2B,gene,8823
CCDC96,gene,8824
CPO,gene,8825
GULP1,gene,8826
TAF11L3,gene,8827
B3GAT2,gene,8828
METTL21EP,gene,8829
CCDC182,gene,8830
HSPB6,gene,8831
RAB8A,gene,8832
KIAA0586,gene,8833
ASTN1,gene,8834
TUBA3D,gene,8835
LRRC8A,gene,8836
PRH1,gene,8837
CDC42,gene,8838
GDPD5,gene,8839
SLC30A7,gene,8840
LRRTM3,gene,8841
RAB11FIP3,gene,8842
ITFG1,gene,8843
RGPD6,gene,8844
NAA11,gene,8845
PI16,gene,8846
MLKL,gene,8847
SSU72L3,gene,8848
TEDC2,gene,8849
USP10,gene,8850
CSE1L,gene,8851
ALKBH7,gene,8852
C8orf88,gene,8853
PHAX,gene,8854
PLN,gene,8855
GLIS1,gene,8856
RUFY1,gene,8857
M1AP,gene,8858
VPS18,gene,8859
CLEC3A,gene,8860
ADCY2,gene,8861
ACTR3C,gene,8862
SOCS6,gene,8863
FAM13C,gene,8864
PPM1E,gene,8865
OR5A1,gene,8866
ALDH16A1,gene,8867
ZNF90,gene,8868
GOLGA6L9,gene,8869
HECA,gene,8870
FUT9,gene,8871
CRTAM,gene,8872
VPS13D,gene,8873
CCDC113,gene,8874
RRAS,gene,8875
CANX,gene,8876
RPL7,gene,8877
ZNF568,gene,8878
PABPC1L2A,gene,8879
VPREB3,gene,8880
NAE1,gene,8881
TMEM255A,gene,8882
ZNF697,gene,8883
ERP44,gene,8884
METTL15,gene,8885
EHBP1L1,gene,8886
RFX4,gene,8887
CRMP1,gene,8888
AKAP7,gene,8889
KMT2A,gene,8890
HS2ST1,gene,8891
UBE2K,gene,8892
ZNF707,gene,8893
HPDL,gene,8894
GSPT1,gene,8895
RNF43,gene,8896
EPHA4,gene,8897
ACMSD,gene,8898
NCK1,gene,8899
SLC7A13,gene,8900
GSN,gene,8901
CD2AP,gene,8902
HEATR9,gene,8903
QKI,gene,8904
ILF3,gene,8905
SPANXN5,gene,8906
SKA1,gene,8907
RGL2,gene,8908
GALR1,gene,8909
OR56A3,gene,8910
PEX5,gene,8911
PLEKHG3,gene,8912
IDH3A,gene,8913
VPS45,gene,8914
EFNA1,gene,8915
SCHIP1,gene,8916
ADH1C,gene,8917
ZDHHC14,gene,8918
CCDC12,gene,8919
PSMD8,gene,8920
RSPH1,gene,8921
PDCD10,gene,8922
HEG1,gene,8923
NEU1,gene,8924
BGLAP,gene,8925
FOXO6,gene,8926
CYP2C18,gene,8927
EDN1,gene,8928
ASNSD1,gene,8929
HHIP,gene,8930
HIPK2,gene,8931
MRPL2,gene,8932
PRKAB1,gene,8933
KRTAP22-1,gene,8934
IPO8,gene,8935
PRH2,gene,8936
GAS6,gene,8937
VCP,gene,8938
SYCP2,gene,8939
NR2E1,gene,8940
LY6S,gene,8941
MAPKAPK2,gene,8942
SMIM21,gene,8943
IPP,gene,8944
ATG16L1,gene,8945
GIMAP1-GIMAP5,gene,8946
CXCR2,gene,8947
EFCAB11,gene,8948
ACBD4,gene,8949
TRPM4,gene,8950
ADAMTS4,gene,8951
LIN7C,gene,8952
MGRN1,gene,8953
SNRK,gene,8954
HNF4A,gene,8955
ROBO2,gene,8956
CNTNAP1,gene,8957
SPRR4,gene,8958
AMT,gene,8959
DNAJB9,gene,8960
UBL7,gene,8961
ZNF491,gene,8962
TINCR,gene,8963
OLIG2,gene,8964
SLC50A1,gene,8965
JMJD6,gene,8966
ISM2,gene,8967
SPRY4,gene,8968
ZNF324B,gene,8969
CATSPER2,gene,8970
ZNHIT3,gene,8971
ZFP90,gene,8972
AQP10,gene,8973
TBC1D3F,gene,8974
SLC16A5,gene,8975
SDCBP2,gene,8976
TMED6,gene,8977
DMRTC1,gene,8978
RDH11,gene,8979
STRN3,gene,8980
BCL7A,gene,8981
OR51B5,gene,8982
STXBP1,gene,8983
ACBD7,gene,8984
MMP24OS,gene,8985
VANGL1,gene,8986
AOAH,gene,8987
OPN1MW2,gene,8988
TIRAP,gene,8989
CRADD,gene,8990
UBE2V2,gene,8991
ZBTB3,gene,8992
FBLIM1,gene,8993
HAUS3,gene,8994
HECTD1,gene,8995
LEPROT,gene,8996
PILRB,gene,8997
MRPS7,gene,8998
GSTA3,gene,8999
RNF112,gene,9000
MYO15B,gene,9001
UQCRC1,gene,9002
OR3A1,gene,9003
ZNF791,gene,9004
KCNK15,gene,9005
NWD1,gene,9006
AQP11,gene,9007
BTG1,gene,9008
GNB1,gene,9009
BPIFA1,gene,9010
RBFOX2,gene,9011
H1-0,gene,9012
OGFOD1,gene,9013
ANKDD1B,gene,9014
FAM90A10,gene,9015
INTS7,gene,9016
ACYP2,gene,9017
HAX1,gene,9018
PDZRN3,gene,9019
COL8A1,gene,9020
OVCH2,gene,9021
SLC6A3,gene,9022
NEU3,gene,9023
RPL38,gene,9024
CROCC2,gene,9025
GDAP1,gene,9026
ZNF652,gene,9027
TM9SF2,gene,9028
C6orf141,gene,9029
CCNJ,gene,9030
ZNF814,gene,9031
FOXA1,gene,9032
UNK,gene,9033
PSG3,gene,9034
LYPD6,gene,9035
ZNF346,gene,9036
CNST,gene,9037
UHRF2,gene,9038
ADORA1,gene,9039
SELENOI,gene,9040
PRPF38A,gene,9041
FAM72A,gene,9042
OR4X2,gene,9043
OPALIN,gene,9044
MED21,gene,9045
STUB1,gene,9046
RRP7A,gene,9047
PRR23D1,gene,9048
SLC16A2,gene,9049
RSPO4,gene,9050
CFAP95,gene,9051
BSCL2,gene,9052
FAM47C,gene,9053
SF3B3,gene,9054
ZNF784,gene,9055
MED10,gene,9056
POLR3G,gene,9057
AHCY,gene,9058
SPNS3,gene,9059
PLK1,gene,9060
EML2,gene,9061
CCNB1,gene,9062
PDGFC,gene,9063
ANO4,gene,9064
SPACA5,gene,9065
ERP27,gene,9066
SGTB,gene,9067
PSMA4,gene,9068
NCKAP1,gene,9069
NLGN1,gene,9070
NIM1K,gene,9071
HGH1,gene,9072
SEC14L6,gene,9073
DLK1,gene,9074
KMT2D,gene,9075
ITLN1,gene,9076
TLR5,gene,9077
DHFR,gene,9078
ENTPD1,gene,9079
GALK1,gene,9080
YWHAQ,gene,9081
S100A13,gene,9082
NBPF9,gene,9083
BEND3,gene,9084
GOT1L1,gene,9085
CA7,gene,9086
PLCXD1,gene,9087
C3AR1,gene,9088
DMBX1,gene,9089
SLC15A5,gene,9090
OR51D1,gene,9091
COPZ1,gene,9092
ZNF283,gene,9093
CASTOR1,gene,9094
TAS2R3,gene,9095
NLRP4,gene,9096
PCDHGA11,gene,9097
RAB40C,gene,9098
SNRPD3,gene,9099
METTL25B,gene,9100
SRPX2,gene,9101
OR6B1,gene,9102
SLC2A10,gene,9103
WNT7A,gene,9104
POLD3,gene,9105
KISS1,gene,9106
TEX51,gene,9107
PDIK1L,gene,9108
HSPA4,gene,9109
ZNF189,gene,9110
RIC8B,gene,9111
STAB2,gene,9112
ASB12,gene,9113
UNC119B,gene,9114
ITGB5,gene,9115
PTCD1,gene,9116
PGK1,gene,9117
IGFBPL1,gene,9118
NAPG,gene,9119
GNAT1,gene,9120
DISP2,gene,9121
DOHH,gene,9122
RFK,gene,9123
VIT,gene,9124
RPN2,gene,9125
RPS15A,gene,9126
TBC1D3G,gene,9127
IMPDH1,gene,9128
SPRR3,gene,9129
AFG2A,gene,9130
TRIM25,gene,9131
ZNF853,gene,9132
ASTN2,gene,9133
WRAP53,gene,9134
RAB15,gene,9135
CEACAM3,gene,9136
CRHBP,gene,9137
ZNF839,gene,9138
PI4KB,gene,9139
TLCD3B,gene,9140
NRGN,gene,9141
CEP162,gene,9142
TSPAN10,gene,9143
KAT6B,gene,9144
TTLL2,gene,9145
NPIPB9,gene,9146
ZNF180,gene,9147
UGT2B15,gene,9148
ST6GALNAC5,gene,9149
TAS2R14,gene,9150
TAAR9,gene,9151
BUB3,gene,9152
SERTAD2,gene,9153
SPMIP4,gene,9154
TAS2R4,gene,9155
MAP3K7CL,gene,9156
SLC44A1,gene,9157
PATL1,gene,9158
EIF4EBP1,gene,9159
CABCOCO1,gene,9160
ERRFI1,gene,9161
ZCCHC3,gene,9162
KBTBD2,gene,9163
RASSF10,gene,9164
KCNH8,gene,9165
CUTA,gene,9166
LCE2B,gene,9167
PXYLP1,gene,9168
SPTLC1,gene,9169
PKHD1L1,gene,9170
WEE1,gene,9171
TMEM259,gene,9172
MCEE,gene,9173
PCDHGB5,gene,9174
MTMR3,gene,9175
GRB7,gene,9176
SIGLEC8,gene,9177
GLIPR1,gene,9178
SUPT20HL2,gene,9179
UBE2E1,gene,9180
TMOD3,gene,9181
LLGL2,gene,9182
CDC37L1,gene,9183
NDUFB10,gene,9184
HOXD8,gene,9185
FUCA2,gene,9186
DNAJA1,gene,9187
PRSS23,gene,9188
SLC25A15,gene,9189
PRR23B,gene,9190
COX6B2,gene,9191
MCM5,gene,9192
ADAMTS16,gene,9193
CNTNAP3,gene,9194
TMEM9,gene,9195
ART3,gene,9196
NPY4R,gene,9197
GTF2A2,gene,9198
USP19,gene,9199
CYB5D2,gene,9200
MRPS23,gene,9201
C18orf54,gene,9202
TEX261,gene,9203
WARS1,gene,9204
IDH1,gene,9205
RAPH1,gene,9206
KRTAP21-1,gene,9207
TCAP,gene,9208
POLE2,gene,9209
DTNB,gene,9210
GTF2E2,gene,9211
SEC16A,gene,9212
SLC15A2,gene,9213
OR7A10,gene,9214
MT1F,gene,9215
TDRD1,gene,9216
ACER3,gene,9217
PEG10,gene,9218
SPRR2B,gene,9219
MARCHF4,gene,9220
TOGARAM2,gene,9221
ACTR6,gene,9222
IFNA10,gene,9223
WSCD1,gene,9224
CNN1,gene,9225
BIRC3,gene,9226
PAPPA,gene,9227
WFDC12,gene,9228
P3R3URF-PIK3R3,gene,9229
RP9,gene,9230
TFRC,gene,9231
DESI2,gene,9232
ACER2,gene,9233
MISFA,gene,9234
ZSCAN2,gene,9235
PIERCE2,gene,9236
NAA16,gene,9237
TMIGD1,gene,9238
TRPV1,gene,9239
PCDH15,gene,9240
TMEM123,gene,9241
EXOC5,gene,9242
P3R3URF,gene,9243
TAS1R1,gene,9244
WDR38,gene,9245
ORC1,gene,9246
TFAP2D,gene,9247
SPTB,gene,9248
TRAF7,gene,9249
PCSK5,gene,9250
MC4R,gene,9251
YTHDF3,gene,9252
RBAK-RBAKDN,gene,9253
CAAP1,gene,9254
TTC9C,gene,9255
DPM2,gene,9256
OR52N5,gene,9257
GPR139,gene,9258
SIRPB1,gene,9259
WDR36,gene,9260
GEMIN8,gene,9261
OR4C5,gene,9262
ISL2,gene,9263
CCDC187,gene,9264
LIAT1,gene,9265
ASCC2,gene,9266
GJB1,gene,9267
CLC,gene,9268
LYSET,gene,9269
PTX3,gene,9270
DDX46,gene,9271
SCUBE2,gene,9272
TCF7L2,gene,9273
ANXA4,gene,9274
CPNE8,gene,9275
PPME1,gene,9276
PGLYRP4,gene,9277
WDR70,gene,9278
PCYOX1L,gene,9279
LGALS9,gene,9280
HNMT,gene,9281
PMVK,gene,9282
RNF20,gene,9283
CEP164,gene,9284
KDSR,gene,9285
FPR3,gene,9286
GLRX5,gene,9287
HYKK,gene,9288
STIM1,gene,9289
PAQR6,gene,9290
DNASE1L3,gene,9291
NCAM1,gene,9292
BLTP3A,gene,9293
TESPA1,gene,9294
FANCD2,gene,9295
SLC39A13,gene,9296
RAB3IL1,gene,9297
NDUFB8,gene,9298
TMTC1,gene,9299
GCGR,gene,9300
PAG1,gene,9301
ERICH3,gene,9302
OR1F1,gene,9303
MAT2B,gene,9304
GRIFIN,gene,9305
MBOAT4,gene,9306
RAB3B,gene,9307
LRP1,gene,9308
MRPL55,gene,9309
ZNF385B,gene,9310
OR5AC2,gene,9311
SRSF11,gene,9312
OR2B11,gene,9313
PPP1R18,gene,9314
CT83,gene,9315
YWHAZ,gene,9316
RTP4,gene,9317
MUC2,gene,9318
TMUB2,gene,9319
ARHGAP35,gene,9320
PGAP1,gene,9321
KRTAP10-8,gene,9322
CSNK1G3,gene,9323
DUSP5,gene,9324
GFY,gene,9325
PAWR,gene,9326
MET,gene,9327
SLC22A9,gene,9328
SEM1,gene,9329
ZNF181,gene,9330
POLDIP3,gene,9331
CAD,gene,9332
SLIT3,gene,9333
NNAT,gene,9334
IL9R,gene,9335
SLITRK6,gene,9336
SPART,gene,9337
ITPA,gene,9338
SPINK6,gene,9339
SLC36A3,gene,9340
CZIB,gene,9341
EN2,gene,9342
AIP,gene,9343
RRP1B,gene,9344
CYP2R1,gene,9345
ZIM2,gene,9346
REG3G,gene,9347
CYP2W1,gene,9348
RAPGEF1,gene,9349
MEX3B,gene,9350
IL13RA2,gene,9351
NKX2-2,gene,9352
RPSA2,gene,9353
FAM83F,gene,9354
ERGIC3,gene,9355
RGMA,gene,9356
MRPL43,gene,9357
ACACA,gene,9358
IL10,gene,9359
SLC35B3,gene,9360
EFTUD2,gene,9361
CLEC6A,gene,9362
MAN2B2,gene,9363
EXOSC5,gene,9364
PIK3R2,gene,9365
OR1S2,gene,9366
PBX1,gene,9367
SETDB2,gene,9368
WDR31,gene,9369
PRAG1,gene,9370
LONP1,gene,9371
SP9,gene,9372
FCRL5,gene,9373
SLC23A3,gene,9374
OR1D5,gene,9375
CNFN,gene,9376
CIMIP3,gene,9377
RGS3,gene,9378
SLC45A2,gene,9379
ZNF135,gene,9380
DOK6,gene,9381
UGT2B28,gene,9382
TAGLN3,gene,9383
DPY19L4,gene,9384
PSMB5,gene,9385
MAD2L2,gene,9386
NUGGC,gene,9387
NHLRC2,gene,9388
BLOC1S4,gene,9389
LRRC23,gene,9390
KYAT3,gene,9391
FAM236C,gene,9392
MPRIP,gene,9393
EP300,gene,9394
TMEM168,gene,9395
UBE2D3,gene,9396
SMIM6,gene,9397
SRSF12,gene,9398
CYP51A1,gene,9399
PIRT,gene,9400
SYT4,gene,9401
FNDC1,gene,9402
CCDC125,gene,9403
FAM25C,gene,9404
CPM,gene,9405
APPBP2,gene,9406
PDCL,gene,9407
CACNA1D,gene,9408
TRMO,gene,9409
ECHS1,gene,9410
RAVER1,gene,9411
PDX1,gene,9412
PROS1,gene,9413
CEP41,gene,9414
ETV6,gene,9415
SMOC1,gene,9416
HOXB13,gene,9417
PLD2,gene,9418
ZBTB14,gene,9419
CEP68,gene,9420
ARHGAP11A,gene,9421
SPATA45,gene,9422
ALOX15,gene,9423
GNG2,gene,9424
CRCT1,gene,9425
PCYOX1,gene,9426
ATG2B,gene,9427
DMGDH,gene,9428
SGPL1,gene,9429
PLEKHG4B,gene,9430
ACTL7B,gene,9431
ADAL,gene,9432
GALNT6,gene,9433
ADIG,gene,9434
GLP1R,gene,9435
SLAMF1,gene,9436
C1GALT1C1L,gene,9437
GDPD3,gene,9438
DOLK,gene,9439
CHD1,gene,9440
MT4,gene,9441
TMEM267,gene,9442
EIF3L,gene,9443
CCL8,gene,9444
RNF186,gene,9445
ARHGAP12,gene,9446
KRTAP5-5,gene,9447
SLBP,gene,9448
SPRYD4,gene,9449
LGALS13,gene,9450
DNAJA4,gene,9451
NGLY1,gene,9452
FARSB,gene,9453
PIK3C2B,gene,9454
ELP2,gene,9455
MBL2,gene,9456
ABCG4,gene,9457
SAMD9L,gene,9458
ARAP2,gene,9459
ERVK3-1,gene,9460
TRAK2,gene,9461
DLD,gene,9462
C1orf185,gene,9463
STK32A,gene,9464
CD6,gene,9465
PIGY,gene,9466
BAG1,gene,9467
TXNL4B,gene,9468
ENO1,gene,9469
DDX23,gene,9470
ATP5F1E,gene,9471
GPR89B,gene,9472
B9D2,gene,9473
GRK3,gene,9474
PPM1K,gene,9475
TRIM6,gene,9476
SERF2,gene,9477
OLFM3,gene,9478
PLAC1,gene,9479
ROM1,gene,9480
RFC5,gene,9481
NSF,gene,9482
DTHD1,gene,9483
ANGPT1,gene,9484
FNDC10,gene,9485
TMOD4,gene,9486
GPR37L1,gene,9487
CALM2,gene,9488
ODF1,gene,9489
SHB,gene,9490
NSUN6,gene,9491
UGGT2,gene,9492
CERS3,gene,9493
PHLDB3,gene,9494
YWHAE,gene,9495
SMIM39,gene,9496
C3orf18,gene,9497
TRAPPC1,gene,9498
ARRDC4,gene,9499
KRTAP4-11,gene,9500
SLCO4A1,gene,9501
TNIP3,gene,9502
HOXB8,gene,9503
ZNF563,gene,9504
PUM2,gene,9505
DNAJB2,gene,9506
PDSS1,gene,9507
HELZ2,gene,9508
MKKS,gene,9509
NBPF11,gene,9510
SMC1B,gene,9511
SLC16A6,gene,9512
TRMT12,gene,9513
TMEM184B,gene,9514
PPP1CC,gene,9515
MED22,gene,9516
HVCN1,gene,9517
MARCOL,gene,9518
CFAP119,gene,9519
GBE1,gene,9520
CHTOP,gene,9521
SYNPO2,gene,9522
GCM2,gene,9523
VAV2,gene,9524
CRB2,gene,9525
TNKS1BP1,gene,9526
OR56A4,gene,9527
HTN3,gene,9528
KRT4,gene,9529
IFT81,gene,9530
GNA15,gene,9531
PKD2L1,gene,9532
CNN3,gene,9533
COL24A1,gene,9534
AVPR1B,gene,9535
PPP6R2,gene,9536
INTS14,gene,9537
TAGLN2,gene,9538
ZMYM4,gene,9539
ADAMTS1,gene,9540
NFIA,gene,9541
CD244,gene,9542
EIF4E1B,gene,9543
EXTL2,gene,9544
LENG9,gene,9545
PRR20C,gene,9546
PRODH2,gene,9547
UFD1,gene,9548
DENND1B,gene,9549
CASD1,gene,9550
WFIKKN2,gene,9551
ZFAND2A,gene,9552
GLA,gene,9553
MDH2,gene,9554
HLA-DRB1,gene,9555
SIPA1,gene,9556
HNRNPUL1,gene,9557
CLTCL1,gene,9558
ATF5,gene,9559
CCDC17,gene,9560
ZMAT4,gene,9561
IQCA1L,gene,9562
RNASEH2B,gene,9563
CCDC191,gene,9564
GGTA1,gene,9565
CDHR5,gene,9566
LHFPL6,gene,9567
DYNLT2,gene,9568
HNRNPDL,gene,9569
IFNA1,gene,9570
PABPC5,gene,9571
TRAF3,gene,9572
CD5,gene,9573
CDKL1,gene,9574
CUL4B,gene,9575
PIWIL4,gene,9576
VAMP1,gene,9577
IL6,gene,9578
RGS5,gene,9579
FAM47B,gene,9580
TSEN2,gene,9581
SCAP,gene,9582
GTF2H3,gene,9583
IL6R,gene,9584
NPAP1,gene,9585
ADAMTS9,gene,9586
PSMG3,gene,9587
SLC5A6,gene,9588
GAGE12F,gene,9589
TNN,gene,9590
MTAP,gene,9591
PCNT,gene,9592
NF2,gene,9593
TXNIP,gene,9594
MAGEA12,gene,9595
GMIP,gene,9596
GRIN3A,gene,9597
SIAH1,gene,9598
TFAP2E,gene,9599
AMPH,gene,9600
EMCN,gene,9601
GPS1,gene,9602
EEIG1,gene,9603
EIF2AK2,gene,9604
GFOD2,gene,9605
GIMAP8,gene,9606
GABRB3,gene,9607
ADAMTSL1,gene,9608
BBC3,gene,9609
DCST1,gene,9610
KCTD7,gene,9611
FKTN,gene,9612
WIPF3,gene,9613
C11orf21,gene,9614
EXOC3L2,gene,9615
RAB6B,gene,9616
ZNF426,gene,9617
GCSAM,gene,9618
SASS6,gene,9619
ABO,gene,9620
SOSTDC1,gene,9621
USP17L22,gene,9622
POLR3GL,gene,9623
TMEM61,gene,9624
UVRAG,gene,9625
SLC25A22,gene,9626
SLC28A2,gene,9627
RNASE7,gene,9628
FAM104B,gene,9629
TMPRSS12,gene,9630
OR5T3,gene,9631
TMEM53,gene,9632
SAXO5,gene,9633
ANXA1,gene,9634
EPHA7,gene,9635
H4C15,gene,9636
SPDL1,gene,9637
GSTM1,gene,9638
F11R,gene,9639
PCDHB11,gene,9640
TSR3,gene,9641
YY1,gene,9642
OR4C3,gene,9643
MAFF,gene,9644
WDR82,gene,9645
SPOCK2,gene,9646
COBLL1,gene,9647
C9orf153,gene,9648
MAGEB6B,gene,9649
NDUFV2,gene,9650
AMZ1,gene,9651
ST20-MTHFS,gene,9652
TNFSF13,gene,9653
HCCS,gene,9654
AHDC1,gene,9655
SH2D3C,gene,9656
TPD52,gene,9657
SNAPC4,gene,9658
RELCH,gene,9659
MOGS,gene,9660
TMEM64,gene,9661
SYNDIG1,gene,9662
NUP37,gene,9663
CTXN1,gene,9664
OR10G2,gene,9665
SPATA31F3,gene,9666
PSMD11,gene,9667
CCDC121,gene,9668
AGXT2,gene,9669
CACNA2D3,gene,9670
BHMT,gene,9671
SFXN4,gene,9672
RBMXL3,gene,9673
ZNF641,gene,9674
SPATA31A7,gene,9675
SULT6B1,gene,9676
TMEM202,gene,9677
FBXO17,gene,9678
INAFM2,gene,9679
COG4,gene,9680
MKNK1,gene,9681
FUNDC1,gene,9682
DDX21,gene,9683
NDFIP1,gene,9684
USP1,gene,9685
SLC25A17,gene,9686
RTN4,gene,9687
OR52H1,gene,9688
PF4V1,gene,9689
OCIAD2,gene,9690
NCAPH2,gene,9691
KIF18A,gene,9692
USP38,gene,9693
CMTM5,gene,9694
TBX15,gene,9695
COA4,gene,9696
ENDOU,gene,9697
PERCC1,gene,9698
ARHGEF9,gene,9699
CAMP,gene,9700
PJA1,gene,9701
AKT3,gene,9702
OPRM1,gene,9703
EIF2S3,gene,9704
DOLPP1,gene,9705
CHD7,gene,9706
CLPSL2,gene,9707
PHC3,gene,9708
SRARP,gene,9709
OR14L1,gene,9710
GJE1,gene,9711
GATAD2A,gene,9712
KRT3,gene,9713
SMPDL3A,gene,9714
UXT,gene,9715
PPP1CA,gene,9716
SHBG,gene,9717
EIF4A3,gene,9718
INS-IGF2,gene,9719
PARD6G,gene,9720
INKA2,gene,9721
ATN1,gene,9722
SCG5,gene,9723
ANKS6,gene,9724
CXCL14,gene,9725
LACTB2,gene,9726
ARV1,gene,9727
MGP,gene,9728
WIPF1,gene,9729
SARS1,gene,9730
CHCHD7,gene,9731
CHCHD4,gene,9732
TRIM43B,gene,9733
KLKB1,gene,9734
ZFP57,gene,9735
SPATA20,gene,9736
INTS15,gene,9737
SPDYE17,gene,9738
TMTC4,gene,9739
S100A10,gene,9740
UCN2,gene,9741
SNRPE,gene,9742
KRBA1,gene,9743
GOLGA1,gene,9744
CRACR2A,gene,9745
COA3,gene,9746
NAT8,gene,9747
LNP1,gene,9748
PARP8,gene,9749
RFWD3,gene,9750
CHP1,gene,9751
PIGL,gene,9752
ZNF557,gene,9753
VPS37D,gene,9754
LSM11,gene,9755
B4GALNT1,gene,9756
PAN3,gene,9757
CDIP1,gene,9758
VSIG10,gene,9759
ACVR2B,gene,9760
OR5H14,gene,9761
GK3,gene,9762
TAF6,gene,9763
KDR,gene,9764
SYMPK,gene,9765
GLB1L,gene,9766
NPFFR1,gene,9767
LOXL1,gene,9768
PPDPFL,gene,9769
SSR2,gene,9770
ESPNL,gene,9771
TRIML1,gene,9772
MIS12,gene,9773
HELZ,gene,9774
GDAP1L1,gene,9775
ASH1L,gene,9776
CLCC1,gene,9777
GHRH,gene,9778
IFT22,gene,9779
XRCC2,gene,9780
RTN4RL1,gene,9781
CA2,gene,9782
PRKRA,gene,9783
PRR32,gene,9784
TRIM10,gene,9785
OR7C1,gene,9786
CETN1,gene,9787
PNRC1,gene,9788
ZNF260,gene,9789
VAC14,gene,9790
S100Z,gene,9791
SYF2,gene,9792
LPXN,gene,9793
TBX21,gene,9794
FLNB,gene,9795
STIMATE,gene,9796
ATL3,gene,9797
SMIM34,gene,9798
SCN1A,gene,9799
TOMM5,gene,9800
RSPO1,gene,9801
NLRP1,gene,9802
FCER1A,gene,9803
PEX2,gene,9804
ARL11,gene,9805
MFN1,gene,9806
PLK3,gene,9807
TCP11,gene,9808
TTC29,gene,9809
DENND6A,gene,9810
CKS2,gene,9811
HSF4,gene,9812
NAGS,gene,9813
COPS4,gene,9814
MSANTD3-TMEFF1,gene,9815
JDP2,gene,9816
RLN2,gene,9817
KRTAP20-4,gene,9818
PACC1,gene,9819
NIPSNAP3A,gene,9820
PIK3C3,gene,9821
CDKL4,gene,9822
TAFA4,gene,9823
KCTD16,gene,9824
FOSL1,gene,9825
ATP2C2,gene,9826
FAM246A,gene,9827
ANAPC2,gene,9828
LORICRIN,gene,9829
NFKBID,gene,9830
KCNIP2,gene,9831
PKD1L1,gene,9832
FAM181B,gene,9833
ZNF320,gene,9834
OAZ1,gene,9835
IER3,gene,9836
AK6,gene,9837
DPEP3,gene,9838
RHOU,gene,9839
SNCB,gene,9840
TPK1,gene,9841
POGK,gene,9842
COMMD4,gene,9843
OR8G1,gene,9844
AMFR,gene,9845
ACAD11,gene,9846
FZD2,gene,9847
MANBA,gene,9848
IL17B,gene,9849
DDN,gene,9850
NUTM1,gene,9851
MEGF10,gene,9852
SPATA24,gene,9853
UBN1,gene,9854
TOM1L1,gene,9855
POLR1F,gene,9856
PPP1R3E,gene,9857
MCRIP1,gene,9858
GRIN2C,gene,9859
TMEM176B,gene,9860
ADA,gene,9861
CR1,gene,9862
UTP3,gene,9863
TNIK,gene,9864
NCOA1,gene,9865
FAM53B,gene,9866
FOXRED1,gene,9867
FAM136A,gene,9868
COL18A1,gene,9869
IFNA16,gene,9870
PPAT,gene,9871
NEFL,gene,9872
SSTR5,gene,9873
PMAIP1,gene,9874
ATG10,gene,9875
ABCA13,gene,9876
CDK5R2,gene,9877
SHLD2,gene,9878
TBC1D2B,gene,9879
SLC5A11,gene,9880
RND1,gene,9881
ABCB10,gene,9882
DNAJB12,gene,9883
BYSL,gene,9884
CBLN2,gene,9885
FAM90A19,gene,9886
IK,gene,9887
PAK4,gene,9888
SCN9A,gene,9889
OR5F1,gene,9890
ASAH2,gene,9891
DNAJC7,gene,9892
USPL1,gene,9893
ARL5B,gene,9894
ITGB2,gene,9895
TMEM273,gene,9896
PDE1B,gene,9897
ZNF117,gene,9898
OVOL1,gene,9899
AEBP2,gene,9900
CASP8AP2,gene,9901
FCF1,gene,9902
SGTA,gene,9903
KLHL4,gene,9904
FBXL5,gene,9905
HSD17B7,gene,9906
TCF7L1,gene,9907
LTBR,gene,9908
AMELX,gene,9909
MAGEB4,gene,9910
TMEM201,gene,9911
LONP2,gene,9912
NDFIP2,gene,9913
PEX14,gene,9914
MPPE1,gene,9915
GTPBP8,gene,9916
THG1L,gene,9917
FADS3,gene,9918
EVA1C,gene,9919
CDKN2B,gene,9920
ENPEP,gene,9921
NPB,gene,9922
CENPU,gene,9923
MDM4,gene,9924
MRPL46,gene,9925
TAF1C,gene,9926
RLBP1,gene,9927
DAZ1,gene,9928
FIS1,gene,9929
ENPP5,gene,9930
HEPACAM2,gene,9931
GTF3C4,gene,9932
PKLR,gene,9933
OR8J1,gene,9934
ZNF157,gene,9935
MBNL1,gene,9936
KLK13,gene,9937
SPI1,gene,9938
GATA1,gene,9939
PRDX3,gene,9940
PNPLA1,gene,9941
CXCL16,gene,9942
FLYWCH1,gene,9943
LPIN2,gene,9944
POLR2J3,gene,9945
DEFB103A,gene,9946
ANGPTL4,gene,9947
DNAH14,gene,9948
RPL3,gene,9949
ANKMY1,gene,9950
MZT2B,gene,9951
FBXL7,gene,9952
THAP5,gene,9953
EDF1,gene,9954
SEC11C,gene,9955
SH3BGRL2,gene,9956
LRRC59,gene,9957
RPS4Y2,gene,9958
TEKT1,gene,9959
HMGCL,gene,9960
IRAK4,gene,9961
UBR3,gene,9962
KIF1B,gene,9963
PURA,gene,9964
FAM98B,gene,9965
OSR2,gene,9966
H3C6,gene,9967
CD8B,gene,9968
TRIM49C,gene,9969
PLCD3,gene,9970
TSHZ2,gene,9971
TAFA3,gene,9972
SREK1,gene,9973
FBXO32,gene,9974
SEZ6L2,gene,9975
INPP4B,gene,9976
CYB5R4,gene,9977
GJB5,gene,9978
CITED2,gene,9979
SCN2A,gene,9980
SLC51B,gene,9981
RAB17,gene,9982
TTC21A,gene,9983
NOMO2,gene,9984
CD79A,gene,9985
SPARC,gene,9986
SRPK3,gene,9987
ANKRD60,gene,9988
LCP2,gene,9989
CAPZB,gene,9990
COX18,gene,9991
GDF11,gene,9992
ATP10A,gene,9993
RAB1B,gene,9994
TNFSF11,gene,9995
CCBE1,gene,9996
ADAM32,gene,9997
UBE2V1,gene,9998
ZDHHC2,gene,9999
C6orf163,gene,10000
OR4N2,gene,10001
ATP5MC3,gene,10002
LAMA1,gene,10003
GNAO1,gene,10004
ATP2B2,gene,10005
MTURN,gene,10006
SLC6A11,gene,10007
SCPEP1,gene,10008
H6PD,gene,10009
HNRNPA1L3,gene,10010
RUNDC1,gene,10011
TFPI2,gene,10012
MRPS31,gene,10013
CCDC171,gene,10014
HAPLN2,gene,10015
SLC5A1,gene,10016
EFHD1,gene,10017
MEGF9,gene,10018
ZNF418,gene,10019
PGA4,gene,10020
GOLGA8R,gene,10021
PROB1,gene,10022
OR10P1,gene,10023
ZNF683,gene,10024
RD3,gene,10025
RFX5,gene,10026
NDST4,gene,10027
NT5C3A,gene,10028
CDC42EP1,gene,10029
USP34,gene,10030
THTPA,gene,10031
C10orf67,gene,10032
HAMP,gene,10033
GZMA,gene,10034
ASMT,gene,10035
CCNP,gene,10036
PZP,gene,10037
CXorf49,gene,10038
SCNN1D,gene,10039
TMSB10,gene,10040
TMEM233,gene,10041
NDUFAF2,gene,10042
CSGALNACT1,gene,10043
TRAPPC13,gene,10044
FGF21,gene,10045
ELOVL3,gene,10046
CDCA3,gene,10047
PRAMEF7,gene,10048
CXCR3,gene,10049
CNTLN,gene,10050
IL1RL1,gene,10051
RAB11FIP1,gene,10052
ZFP36L1,gene,10053
ASXL3,gene,10054
RASSF5,gene,10055
OR4F16,gene,10056
BCL7B,gene,10057
SMAD1,gene,10058
H2BC3,gene,10059
TTC7B,gene,10060
RGS10,gene,10061
FXYD6,gene,10062
ENTPD3,gene,10063
DUS4L-BCAP29,gene,10064
ZC3H12D,gene,10065
VWA5B1,gene,10066
FBXW12,gene,10067
FETUB,gene,10068
MAGEB1,gene,10069
NSDHL,gene,10070
C11orf52,gene,10071
CDCA5,gene,10072
TAS2R50,gene,10073
PAFAH1B3,gene,10074
BTBD8,gene,10075
UBE2T,gene,10076
CDKL5,gene,10077
PDGFRL,gene,10078
GJA8,gene,10079
TAX1BP1,gene,10080
PALM2AKAP2,gene,10081
HSD17B8,gene,10082
ZNF28,gene,10083
OIT3,gene,10084
TRAF1,gene,10085
CCDC117,gene,10086
SLC10A3,gene,10087
INTS9,gene,10088
MPHOSPH9,gene,10089
PUS7,gene,10090
COLGALT2,gene,10091
IL34,gene,10092
MMEL1,gene,10093
INTS8,gene,10094
SH2B1,gene,10095
CCDC177,gene,10096
CCNJL,gene,10097
MPC1L,gene,10098
UPK3B,gene,10099
PROX1,gene,10100
MRPL11,gene,10101
CD3E,gene,10102
APOC2,gene,10103
STRN4,gene,10104
USP17L30,gene,10105
IGFLR1,gene,10106
MED13L,gene,10107
SLC25A1,gene,10108
PTN,gene,10109
KCNK7,gene,10110
CYP11B1,gene,10111
RAB5B,gene,10112
FER1L5,gene,10113
SPATA13,gene,10114
SPMIP3,gene,10115
TBX18,gene,10116
ENSA,gene,10117
FES,gene,10118
TSC22D3,gene,10119
FAM20C,gene,10120
SMTNL1,gene,10121
FAAP100,gene,10122
ZFP82,gene,10123
GPR12,gene,10124
PRRT1,gene,10125
TRAM1,gene,10126
AMACR,gene,10127
PIP5K1C,gene,10128
TECPR2,gene,10129
SLC22A13,gene,10130
ASGR1,gene,10131
ANKRD30BL,gene,10132
CBS,gene,10133
NDUFB4,gene,10134
ESM1,gene,10135
DYNC2I1,gene,10136
SLC36A4,gene,10137
YDJC,gene,10138
PEX13,gene,10139
MFSD6,gene,10140
ZNF717,gene,10141
PLG,gene,10142
PUDP,gene,10143
LIMS2,gene,10144
YIPF7,gene,10145
SURF6,gene,10146
TYRO3,gene,10147
TSPAN18,gene,10148
RTL8A,gene,10149
PRRC2B,gene,10150
MORN3,gene,10151
ZNF607,gene,10152
FSIP1,gene,10153
UBL5,gene,10154
MRAP2,gene,10155
GP1BB,gene,10156
KLHL41,gene,10157
SYNCRIP,gene,10158
WNT10B,gene,10159
DNAI2,gene,10160
IRGC,gene,10161
VPS13A,gene,10162
B3GNT4,gene,10163
CHTF18,gene,10164
GOLGA8N,gene,10165
FGD4,gene,10166
CAMK4,gene,10167
OR5J2,gene,10168
C13orf42,gene,10169
INKA1,gene,10170
KLF17,gene,10171
SEC14L1,gene,10172
POU2F1,gene,10173
RBM18,gene,10174
JPT1,gene,10175
CNGB3,gene,10176
SCRG1,gene,10177
MINDY1,gene,10178
ZNF410,gene,10179
TMEM249,gene,10180
MRM2,gene,10181
DLK2,gene,10182
PDZK1IP1,gene,10183
MCOLN1,gene,10184
OR14J1,gene,10185
GSE1,gene,10186
TNFRSF10B,gene,10187
ODAD3,gene,10188
HSD17B4,gene,10189
KCNJ13,gene,10190
THSD7A,gene,10191
CFAP96,gene,10192
CSMD1,gene,10193
CYTIP,gene,10194
LRRC3,gene,10195
DEFA4,gene,10196
GLMN,gene,10197
BRINP2,gene,10198
OTUD6B,gene,10199
POMZP3,gene,10200
CCDC102B,gene,10201
RNF103-CHMP3,gene,10202
TULP1,gene,10203
FXYD6-FXYD2,gene,10204
ADD1,gene,10205
SEMA3G,gene,10206
CEP19,gene,10207
ABCC8,gene,10208
ARRDC1,gene,10209
MAK,gene,10210
ATRX,gene,10211
ISOC2,gene,10212
MTHFR,gene,10213
FOXO3,gene,10214
CP,gene,10215
RIOK2,gene,10216
SPATA31D1,gene,10217
CFH,gene,10218
KIF3B,gene,10219
FBXO39,gene,10220
DRC1,gene,10221
SLC25A2,gene,10222
PMPCB,gene,10223
ZC3H18,gene,10224
BLACAT1,gene,10225
VRTN,gene,10226
RGMB,gene,10227
RSPH9,gene,10228
CDH11,gene,10229
OLFML2A,gene,10230
BAAT,gene,10231
VILL,gene,10232
CCDC149,gene,10233
PDE6H,gene,10234
MTRF1,gene,10235
ZNF738,gene,10236
TMIE,gene,10237
POU3F2,gene,10238
LARP4,gene,10239
INF2,gene,10240
KLHL35,gene,10241
YLPM1,gene,10242
LINGO1,gene,10243
TLE7,gene,10244
IL17REL,gene,10245
RPL36AL,gene,10246
SKI,gene,10247
DECR2,gene,10248
TUBA8,gene,10249
COL7A1,gene,10250
TIPARP,gene,10251
CD53,gene,10252
MMUT,gene,10253
OR4C6,gene,10254
ACAD8,gene,10255
IKBKG,gene,10256
TWIST2,gene,10257
LINGO3,gene,10258
PSMC3,gene,10259
H2BC12L,gene,10260
KCNJ15,gene,10261
MB21D2,gene,10262
MSMP,gene,10263
MAP7D3,gene,10264
MNS1,gene,10265
SECISBP2L,gene,10266
KCNMA1,gene,10267
CCL2,gene,10268
CHCHD10,gene,10269
PEA15,gene,10270
LRRC4,gene,10271
ALG6,gene,10272
GRAP2,gene,10273
XKR9,gene,10274
FAM53C,gene,10275
OR10G6,gene,10276
HTR3E,gene,10277
PRR30,gene,10278
BRICD5,gene,10279
FNDC4,gene,10280
POTEB,gene,10281
PHF23,gene,10282
BCAP29,gene,10283
CHPT1,gene,10284
SNRPB2,gene,10285
JCHAIN,gene,10286
IFNA14,gene,10287
SNX32,gene,10288
SOX9,gene,10289
RIOK3,gene,10290
GAN,gene,10291
RPS12,gene,10292
MRC1,gene,10293
KLC1,gene,10294
TMPRSS9,gene,10295
ATP23,gene,10296
ZNF682,gene,10297
CHST1,gene,10298
OCIAD1,gene,10299
NANOGP8,gene,10300
STARD4,gene,10301
HSPA6,gene,10302
TEX29,gene,10303
POLI,gene,10304
TSG101,gene,10305
GPN2,gene,10306
CLSTN1,gene,10307
TUBA4A,gene,10308
OTOS,gene,10309
RAB7A,gene,10310
PLCH2,gene,10311
KLRG2,gene,10312
EXTL1,gene,10313
EHMT1,gene,10314
PTGES,gene,10315
SLC2A13,gene,10316
ST8SIA6,gene,10317
MICU1,gene,10318
DYNAP,gene,10319
RSF1,gene,10320
CENPX,gene,10321
CPSF7,gene,10322
AMELY,gene,10323
CNOT4,gene,10324
C10orf53,gene,10325
SPN,gene,10326
PLCG1,gene,10327
SLC37A3,gene,10328
WDCP,gene,10329
FBP1,gene,10330
DIO2,gene,10331
TMT1A,gene,10332
IGSF11,gene,10333
ITIH1,gene,10334
AKAP9,gene,10335
FOXD4L5,gene,10336
HEATR6,gene,10337
CDRT15L2,gene,10338
CDH18,gene,10339
ZMYM6,gene,10340
DEFB105B,gene,10341
OR52A5,gene,10342
PDCD4,gene,10343
TARP,gene,10344
SGCB,gene,10345
TGIF2-RAB5IF,gene,10346
PRUNE1,gene,10347
CEMP1,gene,10348
A4GALT,gene,10349
AGGF1,gene,10350
LLGL1,gene,10351
UBR1,gene,10352
SPAG4,gene,10353
NTF4,gene,10354
KCNMB3,gene,10355
FAM209B,gene,10356
THSD1,gene,10357
KLF4,gene,10358
GPR108,gene,10359
LOXHD1,gene,10360
IP6K1,gene,10361
USP17L13,gene,10362
LRRC38,gene,10363
PANK3,gene,10364
ORAI2,gene,10365
OR10Z1,gene,10366
CRNKL1,gene,10367
RBM5,gene,10368
GNRH1,gene,10369
VPS28,gene,10370
FAM90A24P,gene,10371
ZNF765,gene,10372
ASL,gene,10373
CRYBB3,gene,10374
OR52B2,gene,10375
ILKAP,gene,10376
CSF1,gene,10377
MASP1,gene,10378
ADGRE1,gene,10379
FAM185A,gene,10380
ZNF214,gene,10381
AGO1,gene,10382
STC2,gene,10383
ANKS1A,gene,10384
MRPL48,gene,10385
CDC25A,gene,10386
NOS3,gene,10387
SH3BP1,gene,10388
GTF2H4,gene,10389
WASL,gene,10390
DCLK2,gene,10391
CCDC22,gene,10392
GRHPR,gene,10393
STK25,gene,10394
ICOS,gene,10395
SHANK1,gene,10396
GGTLC3,gene,10397
NHERF1,gene,10398
ACY1,gene,10399
TAC3,gene,10400
GRIN2B,gene,10401
TIMP2,gene,10402
GUCD1,gene,10403
QDPR,gene,10404
HGFAC,gene,10405
OR5AK2,gene,10406
ZBBX,gene,10407
PPP1R12B,gene,10408
OR4N5,gene,10409
CUTC,gene,10410
TREML2,gene,10411
SNRPF,gene,10412
ZNF358,gene,10413
MID2,gene,10414
NGEF,gene,10415
OR10C1,gene,10416
RAB26,gene,10417
GNG5,gene,10418
SMKR1,gene,10419
FOXD4L1,gene,10420
LRRC56,gene,10421
PEG3,gene,10422
ZNF99,gene,10423
ENAH,gene,10424
BANF2,gene,10425
WDR77,gene,10426
FATE1,gene,10427
LCE3C,gene,10428
SLC16A13,gene,10429
DNAJC13,gene,10430
TNFAIP8,gene,10431
MASTL,gene,10432
SLC7A6,gene,10433
ZNF823,gene,10434
FKRP,gene,10435
PLD1,gene,10436
SFMBT1,gene,10437
MAGEB2,gene,10438
SSH3,gene,10439
ABCG8,gene,10440
OR4F17,gene,10441
MTERF2,gene,10442
PCDH7,gene,10443
CFAP70,gene,10444
LRRC37B,gene,10445
TRIM8,gene,10446
CADM4,gene,10447
HNRNPK,gene,10448
DNAH3,gene,10449
RFX1,gene,10450
OOSP4B,gene,10451
INPP5K,gene,10452
ERCC5,gene,10453
LHX5,gene,10454
CDK3,gene,10455
NEK1,gene,10456
WDR93,gene,10457
INSM1,gene,10458
CCR9,gene,10459
DNAAF1,gene,10460
DRGX,gene,10461
SMIM10L2A,gene,10462
SPAAR,gene,10463
SLCO1B1,gene,10464
RNF10,gene,10465
MTFP1,gene,10466
RNF152,gene,10467
SCRT1,gene,10468
EFNA4,gene,10469
SERPINA1,gene,10470
SBK3,gene,10471
PCSK2,gene,10472
PCDHA2,gene,10473
NRAP,gene,10474
GSAP,gene,10475
SLC35A2,gene,10476
ZNF705G,gene,10477
BMT2,gene,10478
ANKRD18A,gene,10479
CX3CR1,gene,10480
CD163,gene,10481
TOB1,gene,10482
RBM15B,gene,10483
OR6C4,gene,10484
PUS1,gene,10485
TMED1,gene,10486
ZNF419,gene,10487
EFCAB14,gene,10488
DENND2A,gene,10489
NUP160,gene,10490
UBE3A,gene,10491
PSMB9,gene,10492
TIPRL,gene,10493
MGAT5,gene,10494
RPAP1,gene,10495
CABP1,gene,10496
BEX1,gene,10497
NPHS2,gene,10498
PARP14,gene,10499
XG,gene,10500
RDM1,gene,10501
CNN2,gene,10502
LPAR2,gene,10503
KHDC4,gene,10504
APLP2,gene,10505
COL28A1,gene,10506
MCUR1,gene,10507
PRKX,gene,10508
TEX30,gene,10509
COX8C,gene,10510
ALPP,gene,10511
INSL5,gene,10512
PCDHA4,gene,10513
SAMD4A,gene,10514
KCNK2,gene,10515
ADAM10,gene,10516
RAET1G,gene,10517
TPST2,gene,10518
OR5W2,gene,10519
SACM1L,gene,10520
CYB5A,gene,10521
WDR89,gene,10522
CAPNS2,gene,10523
SPNS1,gene,10524
PDE4C,gene,10525
TAS2R40,gene,10526
NR3C1,gene,10527
FOSL2,gene,10528
DPP7,gene,10529
CLEC12B,gene,10530
ZNF275,gene,10531
ARNT2,gene,10532
CBFB,gene,10533
POU4F1,gene,10534
NSMCE3,gene,10535
PSCA,gene,10536
CACHD1,gene,10537
FXYD2,gene,10538
PTH2R,gene,10539
HIVEP2,gene,10540
TRPM6,gene,10541
KBTBD12,gene,10542
SLC25A23,gene,10543
OR4C12,gene,10544
ZNF704,gene,10545
NLN,gene,10546
CPEB1,gene,10547
OR6C76,gene,10548
RAD54L,gene,10549
ZNF678,gene,10550
FRMD7,gene,10551
CD5L,gene,10552
SAV1,gene,10553
C5orf52,gene,10554
DUOX2,gene,10555
PLLP,gene,10556
TRPT1,gene,10557
OR5K3,gene,10558
ZCCHC12,gene,10559
LRRC8B,gene,10560
KRT33A,gene,10561
B4GAT1,gene,10562
CCDC184,gene,10563
FNIP2,gene,10564
ASB8,gene,10565
TMIGD3,gene,10566
CRIP3,gene,10567
RADX,gene,10568
GNB5,gene,10569
S100A2,gene,10570
MORN2,gene,10571
ZSCAN5A,gene,10572
TBX3,gene,10573
SCLY,gene,10574
BRAP,gene,10575
NAB2,gene,10576
TUBB4B,gene,10577
PSMD5,gene,10578
ANKRD12,gene,10579
KICS2,gene,10580
CCDC142,gene,10581
MLIP,gene,10582
CCDC90B,gene,10583
LY6G5B,gene,10584
COX11,gene,10585
PENK,gene,10586
NIPAL3,gene,10587
CLDN15,gene,10588
KCNH6,gene,10589
DALRD3,gene,10590
SLC6A12,gene,10591
ZNF883,gene,10592
SULT2B1,gene,10593
LENG8,gene,10594
TMEM238,gene,10595
GPAT3,gene,10596
HTN1,gene,10597
WDR83OS,gene,10598
VAMP5,gene,10599
ABTB2,gene,10600
BARX1,gene,10601
KBTBD4,gene,10602
GOLGA8S,gene,10603
SNIP1,gene,10604
UTY,gene,10605
MPG,gene,10606
NPTXR,gene,10607
NXN,gene,10608
CCL27,gene,10609
STX11,gene,10610
SMTNL2,gene,10611
NOP14,gene,10612
TMEM187,gene,10613
EVL,gene,10614
JADE2,gene,10615
DIPK2B,gene,10616
CAPRIN1,gene,10617
PLEKHA2,gene,10618
SATB2,gene,10619
PRR23E,gene,10620
BAZ1A,gene,10621
HEATR5A,gene,10622
CTXND2,gene,10623
C2CD4D,gene,10624
SRPK1,gene,10625
VIPR2,gene,10626
COMMD3-BMI1,gene,10627
TGFB3,gene,10628
ZNF326,gene,10629
FRMD5,gene,10630
LRRC37A3,gene,10631
S100A9,gene,10632
KDM4F,gene,10633
VEZF1,gene,10634
PHF20,gene,10635
SLC7A8,gene,10636
DOC2A,gene,10637
TPX2,gene,10638
C11orf91,gene,10639
TBPL2,gene,10640
RAD23A,gene,10641
PRDM14,gene,10642
ZNF329,gene,10643
OR8U3,gene,10644
RNASE12,gene,10645
ZNF628,gene,10646
NAT2,gene,10647
GUCY2D,gene,10648
FOXN2,gene,10649
OSBPL3,gene,10650
PDGFA,gene,10651
PAN2,gene,10652
IAPP,gene,10653
TUBGCP5,gene,10654
CKAP5,gene,10655
ORAI3,gene,10656
RNF40,gene,10657
PRG2,gene,10658
CHSY3,gene,10659
OCRL,gene,10660
KBTBD3,gene,10661
C6,gene,10662
FGF18,gene,10663
ZNF623,gene,10664
CTR9,gene,10665
CCDC92,gene,10666
HTR1E,gene,10667
STMND1,gene,10668
PTTG1IP2,gene,10669
GNG7,gene,10670
PRAM1,gene,10671
GOLGA6L26,gene,10672
RBBP8,gene,10673
TBC1D10A,gene,10674
OAZ3,gene,10675
CXCL5,gene,10676
H2BC9,gene,10677
PLBD1,gene,10678
C3orf52,gene,10679
SNAP91,gene,10680
MARVELD3,gene,10681
TOMM40,gene,10682
NDUFS2,gene,10683
SH3PXD2B,gene,10684
DHRS4,gene,10685
RNPEPL1,gene,10686
HOXC5,gene,10687
SNTG2,gene,10688
BBIP1,gene,10689
KCTD15,gene,10690
AGAP6,gene,10691
VPS35L,gene,10692
E2F1,gene,10693
PIGU,gene,10694
ZNF667,gene,10695
SOX21,gene,10696
FLRT3,gene,10697
JOSD2,gene,10698
ASB18,gene,10699
PRDM6,gene,10700
AMPD2,gene,10701
CST6,gene,10702
VWA5B2,gene,10703
HIRA,gene,10704
RNF141,gene,10705
SNF8,gene,10706
METTL9,gene,10707
INHBB,gene,10708
OR2J1,gene,10709
FAS,gene,10710
UGT1A4,gene,10711
SCN4A,gene,10712
OR1D2,gene,10713
CSF2,gene,10714
SPESP1,gene,10715
ALDH2,gene,10716
KDF1,gene,10717
ADAMTS3,gene,10718
SSX3,gene,10719
PIEZO1,gene,10720
LYPLAL1,gene,10721
GNG4,gene,10722
PPP1R3G,gene,10723
GOLM1,gene,10724
MAGED1,gene,10725
RNF215,gene,10726
SPDEF,gene,10727
CLTC,gene,10728
SRPRA,gene,10729
CSHL1,gene,10730
LINS1,gene,10731
ABCF1,gene,10732
PM20D1,gene,10733
TNR,gene,10734
SALL2,gene,10735
CRTAP,gene,10736
RNF39,gene,10737
PRPH,gene,10738
MAZ,gene,10739
PPP2CB,gene,10740
ADH1A,gene,10741
EBAG9,gene,10742
NOTCH1,gene,10743
TOP1MT,gene,10744
MYH1,gene,10745
HEXB,gene,10746
NEUROD6,gene,10747
CCNE1,gene,10748
KIAA2013,gene,10749
PLEKHA3,gene,10750
GDF6,gene,10751
FAM86B1,gene,10752
P2RX5,gene,10753
KRTAP2-2,gene,10754
TRIM64,gene,10755
ZNF143,gene,10756
ITIH5,gene,10757
EIF3G,gene,10758
SLC25A32,gene,10759
BSX,gene,10760
APC,gene,10761
DTX3L,gene,10762
GUCY2F,gene,10763
MAK16,gene,10764
LRIG3,gene,10765
THBS1,gene,10766
RBM25,gene,10767
KRT74,gene,10768
SPRTN,gene,10769
CCDC169,gene,10770
REPS2,gene,10771
PGM2L1,gene,10772
LDB2,gene,10773
GNPDA2,gene,10774
MELTF,gene,10775
SLC9B2,gene,10776
JRKL,gene,10777
ARL15,gene,10778
C9orf50,gene,10779
DHX35,gene,10780
CT47A10,gene,10781
PRTG,gene,10782
CEP250,gene,10783
CTU2,gene,10784
KCTD3,gene,10785
PAICS,gene,10786
UGT1A9,gene,10787
ZMAT2,gene,10788
PEX3,gene,10789
HDDC3,gene,10790
PRDM7,gene,10791
KRT31,gene,10792
GRIN2D,gene,10793
SLC37A1,gene,10794
EMC3,gene,10795
SLC22A4,gene,10796
GAST,gene,10797
MAB21L3,gene,10798
SYNC,gene,10799
TGOLN2,gene,10800
DMRTC1B,gene,10801
IGFBP6,gene,10802
LCE2A,gene,10803
ARSL,gene,10804
DUT,gene,10805
TAF15,gene,10806
RUSC1,gene,10807
GARRE1,gene,10808
PGBD5,gene,10809
MTFR1L,gene,10810
KRT25,gene,10811
TANK,gene,10812
SMAP2,gene,10813
ITGA9,gene,10814
HAPSTR2,gene,10815
FMO2,gene,10816
C1orf232,gene,10817
ZNF445,gene,10818
FANCF,gene,10819
CRLF1,gene,10820
SYT6,gene,10821
PHOX2B,gene,10822
WDFY2,gene,10823
CYLD,gene,10824
TSPY2,gene,10825
NOP2,gene,10826
TTC14,gene,10827
RGL3,gene,10828
HAL,gene,10829
LAMB4,gene,10830
VPS33B,gene,10831
TEF,gene,10832
GSG1L2,gene,10833
SUPT20HL1,gene,10834
PRPSAP1,gene,10835
DNASE1L1,gene,10836
ZRANB1,gene,10837
OLFML3,gene,10838
GLO1,gene,10839
ADAMTS8,gene,10840
MORF4L2,gene,10841
C1QL3,gene,10842
OR4A47,gene,10843
DYNC2H1,gene,10844
USP44,gene,10845
KRTAP10-11,gene,10846
KLB,gene,10847
KPNA6,gene,10848
H2BC17,gene,10849
TAF10,gene,10850
TAS2R60,gene,10851
AKR7A2,gene,10852
CRISP1,gene,10853
TMEM65,gene,10854
UBQLNL,gene,10855
OR2A12,gene,10856
RGS16,gene,10857
PPIAL4E,gene,10858
APLNR,gene,10859
GPR174,gene,10860
TMEM161B,gene,10861
LCN12,gene,10862
SSU72L1,gene,10863
OR4N4C,gene,10864
MRPL20,gene,10865
SEPTIN4,gene,10866
APLN,gene,10867
KCNJ9,gene,10868
NBPF14,gene,10869
PITPNM3,gene,10870
UBE2R2,gene,10871
PUM1,gene,10872
DNAJB6,gene,10873
EFS,gene,10874
TLNRD1,gene,10875
CXCR1,gene,10876
GNA14,gene,10877
NR1I2,gene,10878
KNCN,gene,10879
KLHL12,gene,10880
MORN5,gene,10881
PPHLN1,gene,10882
SHC4,gene,10883
ENHO,gene,10884
OR10V1,gene,10885
ACHE,gene,10886
TOMM7,gene,10887
HKDC1,gene,10888
VSTM4,gene,10889
MCL1,gene,10890
DKC1,gene,10891
NMU,gene,10892
EMX1,gene,10893
TMEM241,gene,10894
ARPP19,gene,10895
SMIM31,gene,10896
SPEN,gene,10897
NOTCH3,gene,10898
NUP62,gene,10899
WDR3,gene,10900
SLC27A5,gene,10901
ST18,gene,10902
GINS1,gene,10903
LRP3,gene,10904
DEFB103B,gene,10905
CLEC20A,gene,10906
PLEKHF2,gene,10907
HAUS6,gene,10908
MRPS18B,gene,10909
GMEB2,gene,10910
TREML1,gene,10911
NPIPA2,gene,10912
MRPL49,gene,10913
TRAPPC3,gene,10914
DDOST,gene,10915
WFDC3,gene,10916
HADH,gene,10917
DYTN,gene,10918
DIP2C,gene,10919
SRRM2,gene,10920
PDE6G,gene,10921
ITGAV,gene,10922
ELAPOR1,gene,10923
MECOM,gene,10924
TOGARAM1,gene,10925
USP17L26,gene,10926
KLF9,gene,10927
RALGAPB,gene,10928
POLR2L,gene,10929
ACTR1A,gene,10930
LRRC3B,gene,10931
ACKR3,gene,10932
CLDN25,gene,10933
CNEP1R1,gene,10934
GRIN3B,gene,10935
CEACAM6,gene,10936
ZNF423,gene,10937
TAF11L13,gene,10938
EYA1,gene,10939
PLEKHG2,gene,10940
DNMT3L,gene,10941
LHFPL4,gene,10942
PRAF2,gene,10943
CFAP20,gene,10944
TIMM44,gene,10945
SMARCA2,gene,10946
PPP1R13B,gene,10947
POTEC,gene,10948
BPIFA2,gene,10949
SLC11A1,gene,10950
SLC35A3,gene,10951
ZNF467,gene,10952
TRAP1,gene,10953
CNDP2,gene,10954
CSNK2A1,gene,10955
RBMXL2,gene,10956
TMEM256,gene,10957
BOLA1,gene,10958
KCNK4,gene,10959
CDK9,gene,10960
KLHL25,gene,10961
CERK,gene,10962
CCNYL1,gene,10963
THOC1,gene,10964
XBP1,gene,10965
GBP1,gene,10966
TAMALIN,gene,10967
ITCH,gene,10968
UQCRFS1,gene,10969
SLC1A6,gene,10970
CNTN6,gene,10971
PRMT6,gene,10972
DNAJC5G,gene,10973
H4C14,gene,10974
ADAD1,gene,10975
NPY2R,gene,10976
IL2,gene,10977
BTN2A2,gene,10978
XNDC1N,gene,10979
KRTAP13-3,gene,10980
HDHD2,gene,10981
ZACN,gene,10982
CFAP44,gene,10983
CAMSAP1,gene,10984
CFAP97D2,gene,10985
NISCH,gene,10986
LPAR3,gene,10987
FAF2,gene,10988
PHC1,gene,10989
KRT83,gene,10990
DBNL,gene,10991
GPR50,gene,10992
TBC1D25,gene,10993
SLC4A4,gene,10994
IFNG,gene,10995
LRRC15,gene,10996
C7orf50,gene,10997
CBX3,gene,10998
CATSPERB,gene,10999
PPFIA1,gene,11000
ARAF,gene,11001
KLHL1,gene,11002
CHST15,gene,11003
SLC7A6OS,gene,11004
GSPT2,gene,11005
ATP9B,gene,11006
HAO1,gene,11007
ZDHHC16,gene,11008
KCTD6,gene,11009
FAM43A,gene,11010
BAALC,gene,11011
MS4A6E,gene,11012
ESCO1,gene,11013
MIPEP,gene,11014
RASA3,gene,11015
F2RL3,gene,11016
ZNF653,gene,11017
ACP3,gene,11018
THOP1,gene,11019
ZG16,gene,11020
RDH12,gene,11021
C4BPA,gene,11022
GSTA2,gene,11023
GIPC3,gene,11024
RBM15,gene,11025
ZMYND10,gene,11026
OR6S1,gene,11027
NPIPA8,gene,11028
DUSP15,gene,11029
STAT1,gene,11030
ZNF496,gene,11031
OR2M3,gene,11032
H3C4,gene,11033
TYRP1,gene,11034
ART5,gene,11035
TTC22,gene,11036
CPXCR1,gene,11037
WDHD1,gene,11038
DPP9,gene,11039
DDTL,gene,11040
ANO3,gene,11041
HSD3B7,gene,11042
RBM24,gene,11043
ELAVL4,gene,11044
STX1A,gene,11045
CYP26B1,gene,11046
SBF1,gene,11047
SLC18A2,gene,11048
ZNF827,gene,11049
PIP4K2B,gene,11050
DYNC1I2,gene,11051
ATP1B4,gene,11052
TP53TG3C,gene,11053
ADGRF4,gene,11054
KIAA2012,gene,11055
ASPN,gene,11056
DNALI1,gene,11057
AIDA,gene,11058
LYPD5,gene,11059
NBDY,gene,11060
NAT16,gene,11061
YJU2,gene,11062
HCN3,gene,11063
PSD3,gene,11064
OSGIN1,gene,11065
ZNF696,gene,11066
TNNI3,gene,11067
SAPCD2,gene,11068
NDUFS5,gene,11069
C8orf48,gene,11070
XRCC4,gene,11071
GPR45,gene,11072
PFKFB3,gene,11073
DNAH5,gene,11074
IQGAP3,gene,11075
INTS5,gene,11076
PPP4R3A,gene,11077
VGF,gene,11078
TMEM87A,gene,11079
GNL3L,gene,11080
NBEAL1,gene,11081
POU2AF2,gene,11082
WFDC6,gene,11083
TSPAN2,gene,11084
FN3KRP,gene,11085
IL4I1,gene,11086
ZC3H6,gene,11087
SEC24D,gene,11088
HAO2,gene,11089
SBDS,gene,11090
DEFB104B,gene,11091
EXOSC8,gene,11092
ARPP21,gene,11093
KIAA0753,gene,11094
GFI1B,gene,11095
ZBTB40,gene,11096
NXNL2,gene,11097
MTA3,gene,11098
ARID2,gene,11099
PARP2,gene,11100
CCL4L2,gene,11101
SSX4,gene,11102
KCND1,gene,11103
TTF1,gene,11104
ZCCHC4,gene,11105
PMEL,gene,11106
GATA6,gene,11107
NPR1,gene,11108
SLC39A12,gene,11109
OAZ2,gene,11110
RAB3D,gene,11111
C3,gene,11112
OR51B4,gene,11113
C16orf96,gene,11114
UFSP1,gene,11115
RERGL,gene,11116
TBC1D24,gene,11117
UQCC4,gene,11118
ANK3,gene,11119
MEX3C,gene,11120
NDUFA7,gene,11121
SUMO2,gene,11122
SLCO1B3-SLCO1B7,gene,11123
TNFRSF1B,gene,11124
TFAP2A,gene,11125
PAPOLB,gene,11126
XPNPEP2,gene,11127
ZNF25,gene,11128
COL5A2,gene,11129
COQ7,gene,11130
FNBP1,gene,11131
MAPK8IP3,gene,11132
ACOT8,gene,11133
OR10R2,gene,11134
CORO1A,gene,11135
PTPRS,gene,11136
ZFYVE1,gene,11137
BCLAF3,gene,11138
CHPF2,gene,11139
VPS36,gene,11140
GDPGP1,gene,11141
LGALS8,gene,11142
PKD1,gene,11143
ANKFN1,gene,11144
LHFPL7,gene,11145
CAPN15,gene,11146
GPR89A,gene,11147
ZNF512,gene,11148
SRRM3,gene,11149
HNRNPD,gene,11150
PRAMEF25,gene,11151
PDLIM3,gene,11152
SLFN13,gene,11153
CPN1,gene,11154
LSAMP,gene,11155
SMC4,gene,11156
TRAF2,gene,11157
TSEN54,gene,11158
GEMIN6,gene,11159
SEMA6A,gene,11160
ARPC1A,gene,11161
NPSR1,gene,11162
TUBGCP3,gene,11163
OCEL1,gene,11164
NFXL1,gene,11165
SAMD11,gene,11166
ZC3H13,gene,11167
GINS3,gene,11168
RABEPK,gene,11169
METTL27,gene,11170
SPRY1,gene,11171
EIF4EBP3,gene,11172
XPO1,gene,11173
SMPD2,gene,11174
ZBP1,gene,11175
CTNNA2,gene,11176
CCT8,gene,11177
WWC3,gene,11178
CEP131,gene,11179
TBC1D3I,gene,11180
NRSN1,gene,11181
CREG2,gene,11182
EPM2AIP1,gene,11183
TMEM139,gene,11184
ERAL1,gene,11185
RUNX1,gene,11186
LURAP1L,gene,11187
MCAM,gene,11188
MAGEA2B,gene,11189
TMEM178B,gene,11190
ZCCHC8,gene,11191
ADAMTS10,gene,11192
SLC9A3,gene,11193
PNRC2,gene,11194
ERFL,gene,11195
ATAD1,gene,11196
ZNF808,gene,11197
ACTR5,gene,11198
ZMYM5,gene,11199
ZNF512B,gene,11200
KCNJ14,gene,11201
AADAC,gene,11202
TAS2R13,gene,11203
PAPSS2,gene,11204
ZP3,gene,11205
DUSP13B,gene,11206
CPTP,gene,11207
GMPS,gene,11208
HJURP,gene,11209
ZFP36,gene,11210
PPP1R3C,gene,11211
YJU2B,gene,11212
TFPI,gene,11213
TMEM214,gene,11214
ANKRD55,gene,11215
FBXO43,gene,11216
SUCO,gene,11217
C8orf33,gene,11218
FUT7,gene,11219
KRTAP4-8,gene,11220
KRTAP9-6,gene,11221
IFT46,gene,11222
ANKRD7,gene,11223
ADAMTSL3,gene,11224
SIRPA,gene,11225
EPS8,gene,11226
COX6B1,gene,11227
USP12,gene,11228
CAMK2N2,gene,11229
MTHFD1L,gene,11230
RPS6KA1,gene,11231
IQCD,gene,11232
TAF1B,gene,11233
CT47A12,gene,11234
CYC1,gene,11235
FPGT,gene,11236
PTGES2,gene,11237
LRFN5,gene,11238
KRTAP10-7,gene,11239
STK17A,gene,11240
PGC,gene,11241
ANPEP,gene,11242
RUNDC3B,gene,11243
MTMR2,gene,11244
ALKBH6,gene,11245
ABCA2,gene,11246
LCORL,gene,11247
SPRR5,gene,11248
DST,gene,11249
STAG3,gene,11250
TRIM44,gene,11251
HIGD1C,gene,11252
PYM1,gene,11253
LRIT2,gene,11254
ZNF264,gene,11255
ARMH1,gene,11256
SLC26A1,gene,11257
SPRYD3,gene,11258
CIMIP2A,gene,11259
PRG3,gene,11260
ZNF397,gene,11261
SLC24A3,gene,11262
PPP1R1C,gene,11263
NPHP3-ACAD11,gene,11264
CPQ,gene,11265
SLC35G3,gene,11266
ZNF565,gene,11267
TMCC3,gene,11268
GPR152,gene,11269
PCDH12,gene,11270
CDH5,gene,11271
OCM,gene,11272
RBM42,gene,11273
KMO,gene,11274
NT5DC1,gene,11275
OBI1,gene,11276
ORC3,gene,11277
BIRC6,gene,11278
SOX10,gene,11279
GP6,gene,11280
RPP30,gene,11281
STK40,gene,11282
TRIML2,gene,11283
ALDH3B1,gene,11284
PLSCR4,gene,11285
RPL37A,gene,11286
CDYL,gene,11287
THAP2,gene,11288
IMPA1,gene,11289
PYDC2,gene,11290
TAS2R20,gene,11291
PPP1R37,gene,11292
EMILIN1,gene,11293
CBR4,gene,11294
TSPAN3,gene,11295
NBPF26,gene,11296
NLGN4Y,gene,11297
MB,gene,11298
TRIM15,gene,11299
OGA,gene,11300
OR4N4,gene,11301
RFPL4B,gene,11302
GTSF1L,gene,11303
IL17A,gene,11304
AQP3,gene,11305
LURAP1,gene,11306
ARHGEF12,gene,11307
ERVV-2,gene,11308
STARD8,gene,11309
CACNA1F,gene,11310
TEX55,gene,11311
CAPN9,gene,11312
CHIT1,gene,11313
AADACL4,gene,11314
SGO1,gene,11315
SPMIP2,gene,11316
LOXL2,gene,11317
PALB2,gene,11318
CDADC1,gene,11319
C1QTNF9B,gene,11320
PEX12,gene,11321
ZNF780B,gene,11322
DHFR2,gene,11323
FOXO3B,gene,11324
MCM6,gene,11325
GRAMD1C,gene,11326
FAM83E,gene,11327
RIBC2,gene,11328
CALHM6,gene,11329
PTPN1,gene,11330
CTXN3,gene,11331
CTAG1A,gene,11332
TMED2,gene,11333
FOXA2,gene,11334
TEK,gene,11335
EPG5,gene,11336
CRABP2,gene,11337
RPS6KA4,gene,11338
MYOF,gene,11339
OR10A7,gene,11340
SLC16A7,gene,11341
FAM168B,gene,11342
NOX1,gene,11343
COPS7A,gene,11344
PAIP2,gene,11345
MSI1,gene,11346
TIPIN,gene,11347
FOCAD,gene,11348
CHI3L2,gene,11349
GXYLT1,gene,11350
IFT57,gene,11351
VAPA,gene,11352
SLC38A1,gene,11353
APOBEC2,gene,11354
H2BC11,gene,11355
OR7D2,gene,11356
RANBP10,gene,11357
NPIPB13,gene,11358
PPIAL4H,gene,11359
INSL4,gene,11360
LYZ,gene,11361
TMEM126B,gene,11362
ESPN,gene,11363
ZNF597,gene,11364
DNAH7,gene,11365
FAM186B,gene,11366
CORO1B,gene,11367
SF3B5,gene,11368
CARD14,gene,11369
TSHZ1,gene,11370
GJA3,gene,11371
DPEP2,gene,11372
FKBP10,gene,11373
FOXG1,gene,11374
GNAI1,gene,11375
KRTAP19-8,gene,11376
C4orf17,gene,11377
TUSC3,gene,11378
PHGR1,gene,11379
DNAJB8,gene,11380
GDPD1,gene,11381
ARHGAP30,gene,11382
ABCB1,gene,11383
ACCSL,gene,11384
HOXC10,gene,11385
KCNRG,gene,11386
MTIF3,gene,11387
AAR2,gene,11388
GOLGA6L22,gene,11389
AP1M1,gene,11390
LIN28A,gene,11391
ISG20L2,gene,11392
RNF115,gene,11393
TXNDC11,gene,11394
MRPS16,gene,11395
ZNF705D,gene,11396
CFAP69,gene,11397
CHMP4C,gene,11398
TRIM41,gene,11399
CXorf51B,gene,11400
CPSF6,gene,11401
HMCN2,gene,11402
LRFN4,gene,11403
UBAC1,gene,11404
PIP4P1,gene,11405
FAM219B,gene,11406
C10orf105,gene,11407
PGAM4,gene,11408
MARCHF10,gene,11409
RMI2,gene,11410
TRAF5,gene,11411
MANBAL,gene,11412
SEPSECS,gene,11413
ASB14,gene,11414
SEC13,gene,11415
ADD2,gene,11416
ATP5MF,gene,11417
CD300LG,gene,11418
ZHX2,gene,11419
DDX24,gene,11420
CRX,gene,11421
RNGTT,gene,11422
SRD5A1,gene,11423
GRIK4,gene,11424
BBLN,gene,11425
LPCAT2,gene,11426
GLIPR1L2,gene,11427
SNX15,gene,11428
MFAP1,gene,11429
THOC6,gene,11430
TXNRD3,gene,11431
CCDC81,gene,11432
TSFM,gene,11433
MXD4,gene,11434
SERPINE3,gene,11435
ACADM,gene,11436
MPC1,gene,11437
PLCB2,gene,11438
PWWP2B,gene,11439
DDAH2,gene,11440
TMEM19,gene,11441
EPHB3,gene,11442
MMP3,gene,11443
C3orf22,gene,11444
ADIRF,gene,11445
TNKS2,gene,11446
SP1,gene,11447
DSG4,gene,11448
SLC47A1,gene,11449
BOLL,gene,11450
TBL1XR1,gene,11451
NFX1,gene,11452
SEC22B,gene,11453
MACF1,gene,11454
SLU7,gene,11455
TM7SF3,gene,11456
ICAM3,gene,11457
FMO5,gene,11458
OR8U1,gene,11459
MYOZ2,gene,11460
ANKRD46,gene,11461
WASF2,gene,11462
RHOQ,gene,11463
AGBL5,gene,11464
ZC3H10,gene,11465
SLITRK3,gene,11466
GINS4,gene,11467
HMOX2,gene,11468
DDX59,gene,11469
SYTL1,gene,11470
MAP3K10,gene,11471
TSBP1,gene,11472
CLDN12,gene,11473
CITED4,gene,11474
BTNL8,gene,11475
DEFA1B,gene,11476
PKNOX2,gene,11477
CDHR2,gene,11478
LRIG1,gene,11479
CT47A2,gene,11480
CACNG4,gene,11481
CYP2C8,gene,11482
ARHGAP40,gene,11483
ACSL4,gene,11484
EPHX3,gene,11485
CNOT7,gene,11486
SLC25A33,gene,11487
ACP5,gene,11488
FOXP1,gene,11489
MAP1B,gene,11490
ANP32E,gene,11491
CCT2,gene,11492
ATP5F1B,gene,11493
DDX28,gene,11494
TOR1B,gene,11495
GPR132,gene,11496
PPP1R13L,gene,11497
APBB1,gene,11498
DPEP1,gene,11499
PCDHB14,gene,11500
FAM47A,gene,11501
RFX7,gene,11502
PRKD1,gene,11503
AGPAT4,gene,11504
CDKN2D,gene,11505
MED30,gene,11506
OR5K4,gene,11507
TCEAL6,gene,11508
ZNF701,gene,11509
SERTAD1,gene,11510
PCBP2,gene,11511
MTERF1,gene,11512
POPDC2,gene,11513
ANO10,gene,11514
OGN,gene,11515
SLC24A2,gene,11516
KRTAP5-9,gene,11517
HCRTR1,gene,11518
PDSS2,gene,11519
SLC5A12,gene,11520
RP1,gene,11521
SVOP,gene,11522
TMEM204,gene,11523
NPIPA1,gene,11524
FCGR3A,gene,11525
EPB41L4A,gene,11526
UBL4A,gene,11527
SF3A2,gene,11528
METTL6,gene,11529
ZNF722,gene,11530
PRELID1,gene,11531
SEC62,gene,11532
CD7,gene,11533
HOXB3,gene,11534
CYLC2,gene,11535
MAP4K5,gene,11536
RTCB,gene,11537
IGSF10,gene,11538
UBTD2,gene,11539
DRD1,gene,11540
FBXO40,gene,11541
CNPY2,gene,11542
KRT84,gene,11543
MACO1,gene,11544
ZNF319,gene,11545
WDR76,gene,11546
OR6C74,gene,11547
ANKLE1,gene,11548
MYLIP,gene,11549
TRIM73,gene,11550
SETX,gene,11551
ZNF695,gene,11552
PRAP1,gene,11553
C6orf226,gene,11554
THBS2,gene,11555
GPT2,gene,11556
HOXA7,gene,11557
SLC25A35,gene,11558
SERINC3,gene,11559
POP7,gene,11560
SLC16A12,gene,11561
GOLGA8F,gene,11562
BAIAP2,gene,11563
ERICH4,gene,11564
MS4A8,gene,11565
FCHO2,gene,11566
PCGF1,gene,11567
DGKH,gene,11568
CFLAR,gene,11569
CDKN3,gene,11570
OLFM4,gene,11571
FERMT1,gene,11572
ZNF549,gene,11573
PSMB8,gene,11574
DES,gene,11575
NRXN3,gene,11576
LTBP1,gene,11577
GKN2,gene,11578
INAFM1,gene,11579
IBA57,gene,11580
CDNF,gene,11581
MT1H,gene,11582
CLSPN,gene,11583
ECE1,gene,11584
SLC6A18,gene,11585
DNAJC30,gene,11586
AARD,gene,11587
TMEM86A,gene,11588
CEP55,gene,11589
ARK2N,gene,11590
CDK5RAP3,gene,11591
NPAS1,gene,11592
TMEM217B,gene,11593
PRSS12,gene,11594
CT45A10,gene,11595
MYF5,gene,11596
UTP20,gene,11597
MATCAP1,gene,11598
HTR2C,gene,11599
ENKUR,gene,11600
TPRKB,gene,11601
NUP214,gene,11602
PTPN5,gene,11603
SULT1E1,gene,11604
ATOH1,gene,11605
SMO,gene,11606
B3GNT6,gene,11607
ZC3H4,gene,11608
TECPR1,gene,11609
RXFP1,gene,11610
TBC1D12,gene,11611
RNF24,gene,11612
EPHB6,gene,11613
POLR2C,gene,11614
CDK5R1,gene,11615
IFIT5,gene,11616
SLC2A1,gene,11617
OR11H2,gene,11618
TMEM69,gene,11619
CCDC157,gene,11620
YARS1,gene,11621
FAM131B,gene,11622
WIF1,gene,11623
PRMT8,gene,11624
HMGN5,gene,11625
KRT9,gene,11626
CCDC71L,gene,11627
MMRN1,gene,11628
SPACA3,gene,11629
FBN3,gene,11630
WASHC2A,gene,11631
ZNF664,gene,11632
LRRC20,gene,11633
ZNF763,gene,11634
RNF14,gene,11635
UBQLN2,gene,11636
FGF23,gene,11637
C17orf49,gene,11638
TUT4,gene,11639
CER1,gene,11640
ATR,gene,11641
AKAP11,gene,11642
SND1,gene,11643
EEF1AKMT1,gene,11644
ATF7IP2,gene,11645
NEURL4,gene,11646
DDAH1,gene,11647
NT5C,gene,11648
ZNF596,gene,11649
RPH3AL,gene,11650
OR2T4,gene,11651
SRMS,gene,11652
STAP2,gene,11653
TRIM2,gene,11654
RILPL2,gene,11655
YEATS4,gene,11656
PEX16,gene,11657
CRISP2,gene,11658
LPCAT1,gene,11659
CDY2B,gene,11660
SIRT4,gene,11661
RPL17,gene,11662
BMPR1A,gene,11663
C22orf39,gene,11664
PREP,gene,11665
GAGE2E,gene,11666
RNF175,gene,11667
ZNRF1,gene,11668
COMP,gene,11669
ARAP3,gene,11670
NUMBL,gene,11671
UTP11,gene,11672
EXTL3,gene,11673
CENPH,gene,11674
NOMO1,gene,11675
RPS26,gene,11676
PDPN,gene,11677
GID4,gene,11678
RPLP0,gene,11679
MNT,gene,11680
RBBP6,gene,11681
FZD8,gene,11682
KIAA0408,gene,11683
SMCO2,gene,11684
MAML1,gene,11685
AKR1D1,gene,11686
ASB11,gene,11687
GPKOW,gene,11688
NAA15,gene,11689
LRP8,gene,11690
NBPF3,gene,11691
AGMAT,gene,11692
SAAL1,gene,11693
ABTB1,gene,11694
SLC8A1,gene,11695
PBX3,gene,11696
OR1J4,gene,11697
MACROH2A2,gene,11698
CLEC4A,gene,11699
COG7,gene,11700
NID1,gene,11701
ID4,gene,11702
BMPR1B,gene,11703
CCL24,gene,11704
TMEM125,gene,11705
SMIM20,gene,11706
A3GALT2,gene,11707
DPYD,gene,11708
DENND4C,gene,11709
OR51A7,gene,11710
WASHC1,gene,11711
OR8K1,gene,11712
TRIM49D1,gene,11713
TGM7,gene,11714
CMIP,gene,11715
MCC,gene,11716
ALG3,gene,11717
SMARCE1,gene,11718
CCDC39,gene,11719
NYAP1,gene,11720
CREBRF,gene,11721
EPAS1,gene,11722
ELAVL2,gene,11723
SLC30A2,gene,11724
SPIN4,gene,11725
FAM240B,gene,11726
RBFOX3,gene,11727
NMD3,gene,11728
ATG9A,gene,11729
DLG3,gene,11730
ZNF32,gene,11731
MAPRE2,gene,11732
EDN3,gene,11733
SEMA6C,gene,11734
SHISA3,gene,11735
TET3,gene,11736
TMEM43,gene,11737
SCT,gene,11738
ENTREP1,gene,11739
ADCY9,gene,11740
SAXO4,gene,11741
NSD2,gene,11742
KRTAP22-2,gene,11743
SYNGR3,gene,11744
ZNF441,gene,11745
KRTAP10-5,gene,11746
EDIL3,gene,11747
CSNK2A2,gene,11748
BAIAP2L1,gene,11749
SIDT2,gene,11750
DCUN1D1,gene,11751
NKAIN1,gene,11752
SLC16A9,gene,11753
RAD18,gene,11754
SMARCD1,gene,11755
NUMB,gene,11756
ACAA1,gene,11757
IL16,gene,11758
CENATAC,gene,11759
ALOX12B,gene,11760
CNTF,gene,11761
BCL2L14,gene,11762
N4BP2L1,gene,11763
ZNF583,gene,11764
VSX2,gene,11765
PAH,gene,11766
ABCB4,gene,11767
RNF146,gene,11768
SETD9,gene,11769
TRIB2,gene,11770
AFF4,gene,11771
ARL14EPL,gene,11772
EDC4,gene,11773
DDX5,gene,11774
MINDY4B,gene,11775
APCDD1,gene,11776
FRAT1,gene,11777
POC1A,gene,11778
PRPF3,gene,11779
OTUB1,gene,11780
GUCY1A2,gene,11781
SUCLA2,gene,11782
APLP1,gene,11783
ZNF805,gene,11784
CALN1,gene,11785
ZNF114,gene,11786
FRG2C,gene,11787
LHFPL1,gene,11788
RYR3,gene,11789
MYO5A,gene,11790
KDELR3,gene,11791
RPSA,gene,11792
MYH9,gene,11793
NAXD,gene,11794
KPNA2,gene,11795
GATA5,gene,11796
CLASRP,gene,11797
TP53AIP1,gene,11798
CCDC186,gene,11799
MYCBP,gene,11800
MOGAT2,gene,11801
FAM24B,gene,11802
ID3,gene,11803
MYD88,gene,11804
HLA-G,gene,11805
RASSF7,gene,11806
TMEM186,gene,11807
NKX3-2,gene,11808
IFNA8,gene,11809
HNRNPH3,gene,11810
ZC4H2,gene,11811
SEPHS2,gene,11812
C9orf85,gene,11813
SLC7A9,gene,11814
COPS7B,gene,11815
KHDRBS2,gene,11816
OR6N1,gene,11817
MUC15,gene,11818
CELA3A,gene,11819
ZNF500,gene,11820
TSLP,gene,11821
MMP23B,gene,11822
TRIM64C,gene,11823
ARHGAP39,gene,11824
RPS9,gene,11825
AGAP1,gene,11826
CFAP126,gene,11827
VPS4B,gene,11828
MBD3L2,gene,11829
CDHR1,gene,11830
TSPO,gene,11831
GLOD4,gene,11832
PIGS,gene,11833
BAZ1B,gene,11834
CFHR4,gene,11835
PIGF,gene,11836
H3C13,gene,11837
MANSC4,gene,11838
SPCS1,gene,11839
ERAS,gene,11840
RPS6KA5,gene,11841
NLRC3,gene,11842
RRBP1,gene,11843
NFYB,gene,11844
CFHR5,gene,11845
RIMBP2,gene,11846
CD19,gene,11847
ARHGAP8,gene,11848
CBLN1,gene,11849
STK19,gene,11850
PDE11A,gene,11851
ERBIN,gene,11852
GABBR2,gene,11853
RNF212B,gene,11854
TIMM13,gene,11855
STX6,gene,11856
AUTS2,gene,11857
TRPM8,gene,11858
COX17,gene,11859
FAM78B,gene,11860
GPR87,gene,11861
MYMX,gene,11862
ITGA4,gene,11863
UEVLD,gene,11864
CDH22,gene,11865
C9orf131,gene,11866
NOP56,gene,11867
LCN6,gene,11868
P2RY14,gene,11869
LAMP5,gene,11870
C19orf81,gene,11871
TM4SF4,gene,11872
ARHGAP19,gene,11873
USP16,gene,11874
POU6F1,gene,11875
BICRA,gene,11876
INPP5D,gene,11877
RBP2,gene,11878
POLR2I,gene,11879
NMBR,gene,11880
MEIG1,gene,11881
SLAIN2,gene,11882
FLOT1,gene,11883
C1QBP,gene,11884
H2BC8,gene,11885
GBA2,gene,11886
TUBB8B,gene,11887
FCAR,gene,11888
KLHDC10,gene,11889
ROPN1L,gene,11890
SDHAF4,gene,11891
PPP6R1,gene,11892
PBK,gene,11893
KISS1R,gene,11894
MCF2,gene,11895
IPMK,gene,11896
TLX2,gene,11897
MRGPRX2,gene,11898
ADH4,gene,11899
ANXA3,gene,11900
ATG4D,gene,11901
SYT8,gene,11902
PRMT3,gene,11903
RNPEP,gene,11904
UBALD1,gene,11905
SYT14,gene,11906
PSMB7,gene,11907
CCL4,gene,11908
EIF3D,gene,11909
WDR44,gene,11910
RCN2,gene,11911
PLS1,gene,11912
MAP3K5,gene,11913
GIP,gene,11914
FNDC3B,gene,11915
C17orf67,gene,11916
RSPH10B2,gene,11917
MAP4K2,gene,11918
PDCD6IP,gene,11919
UBN2,gene,11920
KNG1,gene,11921
SELP,gene,11922
IGF1R,gene,11923
NADK,gene,11924
TRPV2,gene,11925
CFAP91,gene,11926
SEC61G,gene,11927
ASIC5,gene,11928
DDI2,gene,11929
TYROBP,gene,11930
PLB1,gene,11931
SPAG11B,gene,11932
PTPN14,gene,11933
ZBTB11,gene,11934
ACOT2,gene,11935
SNX22,gene,11936
ZSCAN26,gene,11937
DEFB104A,gene,11938
FAM217A,gene,11939
SSX7,gene,11940
PTPRCAP,gene,11941
OR6Y1,gene,11942
STRBP,gene,11943
TBRG1,gene,11944
GTF2H1,gene,11945
LMNTD1,gene,11946
ZSCAN10,gene,11947
MTUS2,gene,11948
UTS2R,gene,11949
NR1H4,gene,11950
PTPN21,gene,11951
ZNF671,gene,11952
TFDP3,gene,11953
TMEM144,gene,11954
DEFB112,gene,11955
RND2,gene,11956
FPR1,gene,11957
ZNF865,gene,11958
AGTRAP,gene,11959
RNF130,gene,11960
YWHAH,gene,11961
DSCAML1,gene,11962
WAS,gene,11963
ADAM17,gene,11964
DLC1,gene,11965
ASF1B,gene,11966
PRSS48,gene,11967
EML6,gene,11968
GIMD1,gene,11969
EIF2S3B,gene,11970
MCM4,gene,11971
ZNF732,gene,11972
RPS2,gene,11973
TFAP4,gene,11974
CTDNEP1,gene,11975
MON1B,gene,11976
TNFSF12,gene,11977
DEFB109B,gene,11978
MBOAT7,gene,11979
CXCR4,gene,11980
FAM227A,gene,11981
XKR5,gene,11982
LUZP2,gene,11983
ANKRD30A,gene,11984
NKX2-1,gene,11985
ZNF782,gene,11986
KAZALD1,gene,11987
RNF167,gene,11988
BEGAIN,gene,11989
NOTCH2NLR,gene,11990
SERINC1,gene,11991
RPS28,gene,11992
YES1,gene,11993
B3GNT7,gene,11994
KLHL23,gene,11995
MEF2B,gene,11996
GMPR,gene,11997
AK1,gene,11998
NEK2,gene,11999
RBM20,gene,12000
FLT4,gene,12001
ST6GALNAC1,gene,12002
ZNF224,gene,12003
LINGO4,gene,12004
OR2AJ1,gene,12005
IGF2BP1,gene,12006
SOX12,gene,12007
COP1,gene,12008
CMPK2,gene,12009
TRAM1L1,gene,12010
H4C2,gene,12011
MAGEB5,gene,12012
GFPT1,gene,12013
CENPB,gene,12014
APOBEC3C,gene,12015
STRIP2,gene,12016
CDH3,gene,12017
NLRP11,gene,12018
CBARP,gene,12019
GPR55,gene,12020
CITED1,gene,12021
ASB7,gene,12022
EPHB2,gene,12023
PHACTR2,gene,12024
PRKCA,gene,12025
SIRT6,gene,12026
TRPV5,gene,12027
NDUFA4,gene,12028
SSU72,gene,12029
ZNF532,gene,12030
NLRP5,gene,12031
ZNF414,gene,12032
EMC8,gene,12033
C2orf68,gene,12034
SMIM3,gene,12035
LAMB1,gene,12036
MIOX,gene,12037
HHAT,gene,12038
MRPL40,gene,12039
DEGS1,gene,12040
CEP120,gene,12041
IDE,gene,12042
SNRNP27,gene,12043
UGT2B4,gene,12044
VKORC1,gene,12045
CFAP57,gene,12046
RMND5A,gene,12047
PSG5,gene,12048
ATP6V1E1,gene,12049
LCE1F,gene,12050
SPAG5,gene,12051
SLC38A9,gene,12052
HNRNPA1L2,gene,12053
ATPAF1,gene,12054
RALGDS,gene,12055
ADH5,gene,12056
COX4I2,gene,12057
DIS3,gene,12058
RNF225,gene,12059
SLC39A11,gene,12060
ZFYVE26,gene,12061
VWA2,gene,12062
MYBPC1,gene,12063
DKKL1,gene,12064
AGTR1,gene,12065
BLZF1,gene,12066
ENTREP3,gene,12067
PAEP,gene,12068
CT47C1,gene,12069
LAD1,gene,12070
PYGM,gene,12071
BLTP3B,gene,12072
ZBED3,gene,12073
CEACAM5,gene,12074
HK3,gene,12075
TIMM17B,gene,12076
TSR2,gene,12077
TP53INP2,gene,12078
CEACAM7,gene,12079
SLC27A1,gene,12080
DCTPP1,gene,12081
CYP7B1,gene,12082
UBE2N,gene,12083
FGF4,gene,12084
FBXO28,gene,12085
E2F7,gene,12086
VASN,gene,12087
GRIA2,gene,12088
SNORC,gene,12089
PSRC1,gene,12090
ZFP36L2,gene,12091
SCN1B,gene,12092
UGT2B11,gene,12093
CNOT6L,gene,12094
OR2A14,gene,12095
F7,gene,12096
SLC33A1,gene,12097
WDR59,gene,12098
RAB18,gene,12099
NLGN3,gene,12100
C8G,gene,12101
GNS,gene,12102
MYT1,gene,12103
MAIP1,gene,12104
MCM7,gene,12105
FHL5,gene,12106
TSC22D2,gene,12107
SPINT4,gene,12108
IGFL2,gene,12109
FKBP6,gene,12110
GPR180,gene,12111
STARD6,gene,12112
CKAP2L,gene,12113
SMR3A,gene,12114
STXBP3,gene,12115
KLF15,gene,12116
TPR,gene,12117
TSTD2,gene,12118
TEX13D,gene,12119
PKIG,gene,12120
EREG,gene,12121
ODAD2,gene,12122
OGFOD2,gene,12123
CARM1,gene,12124
ZFTA,gene,12125
CXCL13,gene,12126
RAPGEFL1,gene,12127
FNIP1,gene,12128
PLRG1,gene,12129
ZKSCAN2,gene,12130
CC2D2A,gene,12131
ANGPTL1,gene,12132
SYTL2,gene,12133
NOC2L,gene,12134
KRT17,gene,12135
KLF8,gene,12136
SMYD5,gene,12137
IGF2,gene,12138
TRPC1,gene,12139
HHLA2,gene,12140
CDK8,gene,12141
NLGN4X,gene,12142
NUDT16,gene,12143
LYSMD1,gene,12144
MRPS36,gene,12145
PNMA6A,gene,12146
ZNF140,gene,12147
CKLF,gene,12148
ITGA5,gene,12149
ZNF774,gene,12150
ELAVL1,gene,12151
NOB1,gene,12152
TRIM40,gene,12153
LYNX1,gene,12154
UCN3,gene,12155
ITGA11,gene,12156
XPA,gene,12157
ZNF729,gene,12158
HEXD,gene,12159
FRMD3,gene,12160
RPS11,gene,12161
PPP1R27,gene,12162
STXBP6,gene,12163
RAD23B,gene,12164
SDHD,gene,12165
CRYM,gene,12166
ARHGEF35,gene,12167
LIFR,gene,12168
NUBP2,gene,12169
CIR1,gene,12170
OR2T27,gene,12171
TSEN34,gene,12172
SLC5A4,gene,12173
FOXD3,gene,12174
KHK,gene,12175
LRRC14B,gene,12176
KRT80,gene,12177
METTL21C,gene,12178
PCDHA8,gene,12179
AKR1C1,gene,12180
CXCL12,gene,12181
TRNP1,gene,12182
KNL1,gene,12183
KRT15,gene,12184
HSPA1B,gene,12185
SLC6A17,gene,12186
CLCF1,gene,12187
ZNF155,gene,12188
C2orf80,gene,12189
DDR2,gene,12190
SPTBN2,gene,12191
OTOP2,gene,12192
PDE6C,gene,12193
INSRR,gene,12194
USH1C,gene,12195
WBP2,gene,12196
PSMA2,gene,12197
CRHR2,gene,12198
GAD1,gene,12199
E2F5,gene,12200
TNFRSF12A,gene,12201
SULT1B1,gene,12202
MYH2,gene,12203
SFR1,gene,12204
NINJ1,gene,12205
TSPAN7,gene,12206
SLC25A25,gene,12207
RNASE13,gene,12208
CDY1,gene,12209
BTF3,gene,12210
BMP6,gene,12211
UQCRHL,gene,12212
NIBAN2,gene,12213
PHLPP2,gene,12214
PIWIL3,gene,12215
HEPN1,gene,12216
OR1M1,gene,12217
TSPAN5,gene,12218
SFTPA1,gene,12219
BIVM-ERCC5,gene,12220
H3C15,gene,12221
ARX,gene,12222
NLRP8,gene,12223
SNX24,gene,12224
CXorf58,gene,12225
HDAC6,gene,12226
TMEM134,gene,12227
PPP2R2A,gene,12228
IGFL3,gene,12229
ZNF699,gene,12230
GAREM2,gene,12231
CROCC,gene,12232
NDUFA11,gene,12233
OBSL1,gene,12234
NMUR2,gene,12235
NPIPB2,gene,12236
BCL10,gene,12237
HYDIN,gene,12238
FGF11,gene,12239
PPT1,gene,12240
TECR,gene,12241
TAF9B,gene,12242
GPAT2,gene,12243
HERC5,gene,12244
TUBB6,gene,12245
AGR3,gene,12246
CEMIP2,gene,12247
OR51B6,gene,12248
SMIM10L1,gene,12249
KCNU1,gene,12250
FREM1,gene,12251
ZNF529,gene,12252
TMEM250,gene,12253
HDDC2,gene,12254
RPL14,gene,12255
SLC9B1,gene,12256
KCNMB1,gene,12257
THOC5,gene,12258
TEAD4,gene,12259
APOA2,gene,12260
C1GALT1C1,gene,12261
ASCL1,gene,12262
OR6K2,gene,12263
ERMP1,gene,12264
ARMH4,gene,12265
TAT,gene,12266
ACSBG2,gene,12267
VPS4A,gene,12268
DGKQ,gene,12269
DBF4,gene,12270
HSCB,gene,12271
ANOS1,gene,12272
PTDSS1,gene,12273
GPR84,gene,12274
UPK3A,gene,12275
TFCP2L1,gene,12276
OR8B8,gene,12277
CRYBA2,gene,12278
ITGA7,gene,12279
CEP128,gene,12280
GON4L,gene,12281
CNKSR1,gene,12282
SULT1C3,gene,12283
F8A1,gene,12284
SRGN,gene,12285
APLF,gene,12286
SPINK7,gene,12287
CYB5R3,gene,12288
OTOL1,gene,12289
SKP1,gene,12290
SAP130,gene,12291
ADGB,gene,12292
PUS3,gene,12293
CLBA1,gene,12294
PPP1R3B,gene,12295
TMDD1,gene,12296
MAFK,gene,12297
FBXO15,gene,12298
NMNAT2,gene,12299
BRD8,gene,12300
PRSS37,gene,12301
ZNF138,gene,12302
TMEM175,gene,12303
ATP6AP1,gene,12304
H2AC6,gene,12305
RO60,gene,12306
ZC2HC1A,gene,12307
DSTYK,gene,12308
FUT10,gene,12309
CA4,gene,12310
USP17L25,gene,12311
CDC5L,gene,12312
ALOXE3,gene,12313
GCHFR,gene,12314
ACSF3,gene,12315
CNKSR3,gene,12316
SHF,gene,12317
YAE1,gene,12318
ME2,gene,12319
TTF2,gene,12320
VCAN,gene,12321
AICDA,gene,12322
CHMP3,gene,12323
DEFB107B,gene,12324
SURF1,gene,12325
KCTD2,gene,12326
BTBD3,gene,12327
MED29,gene,12328
MYO6,gene,12329
SPATA19,gene,12330
MND1,gene,12331
HLA-DRB5,gene,12332
TP53I3,gene,12333
PTGIS,gene,12334
TMEM101,gene,12335
DEPDC5,gene,12336
CCNL1,gene,12337
CELF6,gene,12338
ALOX5,gene,12339
PGF,gene,12340
CDKN2C,gene,12341
SLCO4C1,gene,12342
HS6ST3,gene,12343
OR11A1,gene,12344
C1orf87,gene,12345
COA5,gene,12346
COL4A6,gene,12347
CCDC85B,gene,12348
PLEKHA1,gene,12349
NECAP1,gene,12350
RNF8,gene,12351
FLT1,gene,12352
SCFD1,gene,12353
MGAM,gene,12354
PXK,gene,12355
CBX8,gene,12356
CBLN4,gene,12357
DAZAP1,gene,12358
DGCR6,gene,12359
PMM1,gene,12360
PCDHGB6,gene,12361
TMEM14C,gene,12362
KATNIP,gene,12363
AP4B1,gene,12364
GPR137B,gene,12365
DHRS7,gene,12366
MUC16,gene,12367
TBXT,gene,12368
FASTKD3,gene,12369
BRAT1,gene,12370
GPR161,gene,12371
ATP5MK,gene,12372
GMCL2,gene,12373
PRR11,gene,12374
CD9,gene,12375
PTGS1,gene,12376
ABRA,gene,12377
COPZ2,gene,12378
ABCC4,gene,12379
NOP9,gene,12380
OR2L13,gene,12381
PABIR2,gene,12382
CDKN1B,gene,12383
RAI1,gene,12384
PDE7A,gene,12385
CCDC102A,gene,12386
KRTAP15-1,gene,12387
GLTP,gene,12388
VN1R1,gene,12389
IFI44L,gene,12390
LRGUK,gene,12391
ITGBL1,gene,12392
TMEM268,gene,12393
RNF217,gene,12394
SH3BP5L,gene,12395
NFATC3,gene,12396
FAM217B,gene,12397
FAM200A,gene,12398
ZKSCAN4,gene,12399
PTAR1,gene,12400
TJP2,gene,12401
FAM90A8,gene,12402
TMEM242,gene,12403
TMEM176A,gene,12404
HES7,gene,12405
PDK4,gene,12406
PDE7B,gene,12407
ZNF239,gene,12408
PHKG2,gene,12409
C1orf53,gene,12410
MBOAT1,gene,12411
CCL15,gene,12412
ZNF430,gene,12413
BARHL1,gene,12414
GMCL1,gene,12415
ERCC1,gene,12416
FASN,gene,12417
CFC1,gene,12418
ISCA2,gene,12419
SYTL3,gene,12420
GLUL,gene,12421
UGT2A2,gene,12422
SLC12A6,gene,12423
LRRCC1,gene,12424
TAF6L,gene,12425
ACTN3,gene,12426
ANKRD45,gene,12427
CAMSAP2,gene,12428
C2orf92,gene,12429
GNRHR,gene,12430
SLC35E3,gene,12431
TMEM208,gene,12432
SIPA1L2,gene,12433
GUCA2B,gene,12434
CAMKMT,gene,12435
PALD1,gene,12436
C4orf19,gene,12437
TH,gene,12438
AFAP1L2,gene,12439
EVPLL,gene,12440
OR4D9,gene,12441
CD300LD,gene,12442
AADACL2,gene,12443
PLS3,gene,12444
TECTB,gene,12445
THEM5,gene,12446
B3GALNT2,gene,12447
LMBR1L,gene,12448
IFNGR2,gene,12449
LAP3,gene,12450
POLR1D,gene,12451
POM121,gene,12452
ITLN2,gene,12453
USP37,gene,12454
SHISA6,gene,12455
XIRP1,gene,12456
PCDH10,gene,12457
PCNP,gene,12458
KIF14,gene,12459
PCDH1,gene,12460
GCLC,gene,12461
NREP,gene,12462
KLHL7,gene,12463
TEX46,gene,12464
NTSR1,gene,12465
U2AF1,gene,12466
PCDHGC5,gene,12467
SLC22A10,gene,12468
STIL,gene,12469
ARMC1,gene,12470
LENG1,gene,12471
ZNF639,gene,12472
ARHGEF18,gene,12473
DNAL1,gene,12474
PRXL2B,gene,12475
KBTBD8,gene,12476
SNRNP48,gene,12477
KATNBL1,gene,12478
RAB32,gene,12479
OCM2,gene,12480
HRC,gene,12481
TNFRSF10D,gene,12482
USP24,gene,12483
OR5AP2,gene,12484
CRYGS,gene,12485
ARL8A,gene,12486
UPF2,gene,12487
PPP1R15B,gene,12488
ZNF891,gene,12489
FAM110D,gene,12490
SLC30A1,gene,12491
ALS2,gene,12492
PLEKHO2,gene,12493
ENTPD8,gene,12494
VSTM1,gene,12495
PRR23C,gene,12496
ZRANB3,gene,12497
DNAJB11,gene,12498
PALS2,gene,12499
SPATA2,gene,12500
TCP11L2,gene,12501
RXFP2,gene,12502
ELOA,gene,12503
AFG3L2,gene,12504
PLPPR2,gene,12505
CASK,gene,12506
TMEM221,gene,12507
CDH17,gene,12508
IGF1,gene,12509
ANGPTL7,gene,12510
ZCRB1,gene,12511
SLURP1,gene,12512
FAM124A,gene,12513
RNASE9,gene,12514
OR4M2B,gene,12515
SPATA18,gene,12516
HSDL1,gene,12517
SKIC3,gene,12518
TMEM104,gene,12519
DSG2,gene,12520
POTEH,gene,12521
LST1,gene,12522
MTR,gene,12523
FNDC9,gene,12524
ATM,gene,12525
TCP10L,gene,12526
HORMAD2,gene,12527
HMGB2,gene,12528
PRKAR1B,gene,12529
CNOT11,gene,12530
PCLAF,gene,12531
CDON,gene,12532
APOA1,gene,12533
SCYGR1,gene,12534
PCID2,gene,12535
ZG16B,gene,12536
ACTL7A,gene,12537
TGFBR2,gene,12538
LYPD4,gene,12539
ZSCAN18,gene,12540
GPBP1,gene,12541
NHERF2,gene,12542
HGS,gene,12543
INCENP,gene,12544
SGPP1,gene,12545
GH1,gene,12546
SLC5A9,gene,12547
ANKRD66,gene,12548
PNPLA6,gene,12549
RPP25L,gene,12550
GSTM2,gene,12551
NKX3-1,gene,12552
TSPYL2,gene,12553
CPSF2,gene,12554
PEAK1,gene,12555
TRIM71,gene,12556
LACTB,gene,12557
ZNF595,gene,12558
BAD,gene,12559
KRT72,gene,12560
NKX2-4,gene,12561
TDRD7,gene,12562
USP9X,gene,12563
MSLN,gene,12564
STEAP1B,gene,12565
FUBP3,gene,12566
FAM237A,gene,12567
NUP107,gene,12568
KRTAP16-1,gene,12569
OR10T2,gene,12570
ZNF236,gene,12571
CHD1L,gene,12572
MDFI,gene,12573
CHD5,gene,12574
WASF1,gene,12575
WBP11,gene,12576
MUTYH,gene,12577
ICAM4,gene,12578
SLC25A40,gene,12579
ALPL,gene,12580
BRD3OS,gene,12581
CIPC,gene,12582
NFAT5,gene,12583
ANKRD36C,gene,12584
STAM,gene,12585
NAPB,gene,12586
COQ6,gene,12587
ARRB2,gene,12588
BCL9,gene,12589
PCDHGB1,gene,12590
FOXN4,gene,12591
MAPK13,gene,12592
SLC51A,gene,12593
NDUFV3,gene,12594
CPSF1,gene,12595
BCKDHB,gene,12596
SLIT1,gene,12597
HERC6,gene,12598
DNAJC5,gene,12599
MAP4K3,gene,12600
UBE2J1,gene,12601
PAX2,gene,12602
OR2T29,gene,12603
SERPINB2,gene,12604
FAM3B,gene,12605
PDE4B,gene,12606
DEFB130A,gene,12607
CRYBG2,gene,12608
IFNL1,gene,12609
LRRC75B,gene,12610
NDUFS3,gene,12611
IMPACT,gene,12612
THBS4,gene,12613
C6orf89,gene,12614
NLRP7,gene,12615
BRI3BP,gene,12616
LCE5A,gene,12617
ZNF235,gene,12618
MEIS3,gene,12619
STEEP1,gene,12620
NUDT12,gene,12621
OR5V1,gene,12622
MXRA5,gene,12623
ZNF816-ZNF321P,gene,12624
PSMA3,gene,12625
CD28,gene,12626
HMGCS1,gene,12627
TPPP,gene,12628
PLEC,gene,12629
HPSE2,gene,12630
SLX1A,gene,12631
PEX11B,gene,12632
AMDHD2,gene,12633
RGS19,gene,12634
MIEF1,gene,12635
KRTAP20-1,gene,12636
NEMP1,gene,12637
ZNF605,gene,12638
RASSF8,gene,12639
RGPD1,gene,12640
MED12,gene,12641
IER3IP1,gene,12642
AVPI1,gene,12643
PIGC,gene,12644
EIF1AX,gene,12645
OR5C1,gene,12646
CCDC15,gene,12647
PIP4K2C,gene,12648
NEIL2,gene,12649
SSMEM1,gene,12650
ELOF1,gene,12651
WNT16,gene,12652
TUBA1B,gene,12653
KLHL42,gene,12654
IL17D,gene,12655
SMIM2,gene,12656
SIX6,gene,12657
SLC3A2,gene,12658
POLG2,gene,12659
GPRIN3,gene,12660
PRIM1,gene,12661
PSG9,gene,12662
GOLGA8H,gene,12663
TRIR,gene,12664
PSMD2,gene,12665
NBPF6,gene,12666
DPYSL3,gene,12667
GOLGA6L7,gene,12668
OR10A6,gene,12669
MUCL1,gene,12670
GOLGA6L25,gene,12671
EDNRA,gene,12672
POLK,gene,12673
GAPVD1,gene,12674
INSYN1,gene,12675
CFHR1,gene,12676
WDFY3,gene,12677
OR51L1,gene,12678
SLC7A7,gene,12679
SEMA3B,gene,12680
ZNF408,gene,12681
KLK3,gene,12682
THAP3,gene,12683
ANKDD1A,gene,12684
MTHFSD,gene,12685
OR51I2,gene,12686
NTNG1,gene,12687
SEMA3F,gene,12688
DGAT2L6,gene,12689
CLU,gene,12690
PTGDR2,gene,12691
TMPRSS11F,gene,12692
PDIA4,gene,12693
HOXC8,gene,12694
PTH,gene,12695
SLC39A3,gene,12696
MAPK8IP2,gene,12697
FAM219A,gene,12698
GSTM4,gene,12699
SPTAN1,gene,12700
SESTD1,gene,12701
GPR4,gene,12702
SMCO3,gene,12703
DNASE2B,gene,12704
MRPL32,gene,12705
SLC26A5,gene,12706
NOS1AP,gene,12707
MAN1A2,gene,12708
MPO,gene,12709
RNF19A,gene,12710
CSK,gene,12711
MYOZ3,gene,12712
LSM14B,gene,12713
PSMB2,gene,12714
MCM2,gene,12715
OR10G9,gene,12716
KLF12,gene,12717
DCP1B,gene,12718
PPP2R1A,gene,12719
KLHDC3,gene,12720
APRT,gene,12721
RND3,gene,12722
ITGA1,gene,12723
CMTR2,gene,12724
IER2,gene,12725
OR7A17,gene,12726
RGS8,gene,12727
RECK,gene,12728
ABCD3,gene,12729
LMX1A,gene,12730
ZFP69B,gene,12731
COL26A1,gene,12732
BICRAL,gene,12733
KATNA1,gene,12734
GNG10,gene,12735
METTL13,gene,12736
NIPSNAP1,gene,12737
PCDHGA6,gene,12738
CGB8,gene,12739
KLRD1,gene,12740
SLC19A1,gene,12741
LIN28B,gene,12742
NXPE3,gene,12743
QTRT2,gene,12744
OR1L3,gene,12745
ATP4B,gene,12746
ANKS3,gene,12747
NARF,gene,12748
UBIAD1,gene,12749
SORCS2,gene,12750
GARIN1A,gene,12751
MVK,gene,12752
NPY,gene,12753
PABPC1L2B,gene,12754
TPI1,gene,12755
PASK,gene,12756
CEP126,gene,12757
CSN1S1,gene,12758
DIPK1B,gene,12759
SLC25A28,gene,12760
GZMM,gene,12761
ATP6V0D1,gene,12762
ANGPTL8,gene,12763
ZWILCH,gene,12764
ADGRE3,gene,12765
ARHGDIB,gene,12766
HMGB3,gene,12767
DUOX1,gene,12768
SSH1,gene,12769
FCGRT,gene,12770
DHX40,gene,12771
CLDN4,gene,12772
PCDHB1,gene,12773
TNPO1,gene,12774
TRIM14,gene,12775
HAP1,gene,12776
MYOD1,gene,12777
MSRB2,gene,12778
SDC1,gene,12779
CUEDC2,gene,12780
RCBTB1,gene,12781
PTPRJ,gene,12782
CPAMD8,gene,12783
ATXN1,gene,12784
COL6A1,gene,12785
CREBZF,gene,12786
NOL4,gene,12787
WDR47,gene,12788
TRIM48,gene,12789
KBTBD6,gene,12790
REXO4,gene,12791
OR11H6,gene,12792
FAM110A,gene,12793
ACOT9,gene,12794
HSP90AB1,gene,12795
SLC38A11,gene,12796
ZCCHC24,gene,12797
EML1,gene,12798
CAB39L,gene,12799
FRG1,gene,12800
ALX4,gene,12801
FKBP1A,gene,12802
S100A5,gene,12803
OR5H15,gene,12804
CRBN,gene,12805
SLAMF7,gene,12806
KIT,gene,12807
HAUS4,gene,12808
ZNF253,gene,12809
PLPBP,gene,12810
NFE2L2,gene,12811
SNX4,gene,12812
NDRG3,gene,12813
PHGDH,gene,12814
TDP1,gene,12815
CSRNP3,gene,12816
TREX2,gene,12817
OR2L5,gene,12818
LARS1,gene,12819
SH2D5,gene,12820
CA5A,gene,12821
SPDYE3,gene,12822
MAP2K3,gene,12823
CBR1,gene,12824
TRPV3,gene,12825
STAG1,gene,12826
VPS39,gene,12827
ADGRL3,gene,12828
PNMA6F,gene,12829
MLH1,gene,12830
TRIM56,gene,12831
KRTAP27-1,gene,12832
MFSD3,gene,12833
ZNF394,gene,12834
PDE3B,gene,12835
SSX2B,gene,12836
FAM83H,gene,12837
SAMM50,gene,12838
ESYT3,gene,12839
SYN2,gene,12840
IFNL2,gene,12841
CACNG3,gene,12842
ZDHHC12,gene,12843
POLD4,gene,12844
OR4A5,gene,12845
RNF113B,gene,12846
RABL2B,gene,12847
TSHR,gene,12848
SCO2,gene,12849
CD164,gene,12850
NAALAD2,gene,12851
SCGB1C2,gene,12852
PCSK1,gene,12853
ZNF367,gene,12854
PTPN20,gene,12855
ATP6V1G3,gene,12856
MIF,gene,12857
C12orf71,gene,12858
SLC39A6,gene,12859
EN1,gene,12860
GATAD1,gene,12861
ABCD2,gene,12862
DCC,gene,12863
CASP9,gene,12864
POLR1C,gene,12865
CCP110,gene,12866
GLRA3,gene,12867
KRT81,gene,12868
CSTF2,gene,12869
TSC22D4,gene,12870
OR5B21,gene,12871
KIF5B,gene,12872
PHTF2,gene,12873
DUSP18,gene,12874
SLC2A12,gene,12875
POM121C,gene,12876
NSMCE2,gene,12877
FBP2,gene,12878
PTPRR,gene,12879
MPP3,gene,12880
SPICE1,gene,12881
MMP8,gene,12882
NUTF2,gene,12883
THAP7,gene,12884
TMEM178A,gene,12885
VWA8,gene,12886
CC2D1B,gene,12887
CEP104,gene,12888
KRAS,gene,12889
TNNT2,gene,12890
H2BC26,gene,12891
RBMXL1,gene,12892
ZNF34,gene,12893
PALM,gene,12894
C5orf24,gene,12895
SCML1,gene,12896
PRKACA,gene,12897
CPNE6,gene,12898
PRR20B,gene,12899
RALBP1,gene,12900
SELE,gene,12901
MTFR2,gene,12902
FAM43B,gene,12903
AUH,gene,12904
MRPS35,gene,12905
DDX50,gene,12906
CNPY3,gene,12907
PIEZO2,gene,12908
CNNM2,gene,12909
RAB3IP,gene,12910
BMP3,gene,12911
HEATR3,gene,12912
TUBA3C,gene,12913
NPHS1,gene,12914
ELK4,gene,12915
SMAP1,gene,12916
DHTKD1,gene,12917
FBH1,gene,12918
UCK2,gene,12919
RUBCNL,gene,12920
ST8SIA5,gene,12921
NBL1,gene,12922
FAM153A,gene,12923
PRSS2,gene,12924
NUDT11,gene,12925
B3GALT2,gene,12926
RNF181,gene,12927
YPEL1,gene,12928
EOLA1,gene,12929
GGTLC2,gene,12930
NUDCD3,gene,12931
USP35,gene,12932
OR7G3,gene,12933
RGS6,gene,12934
KRT23,gene,12935
UCN,gene,12936
PCDHGA4,gene,12937
METTL4,gene,12938
RAX2,gene,12939
SLC10A4,gene,12940
CSNK2A3,gene,12941
ADCYAP1R1,gene,12942
SCAND1,gene,12943
NPPC,gene,12944
RMC1,gene,12945
DAZ2,gene,12946
SULF1,gene,12947
FGD3,gene,12948
PACS2,gene,12949
MSLNL,gene,12950
RIF1,gene,12951
PAK3,gene,12952
ACTR3B,gene,12953
RNF17,gene,12954
CSH1,gene,12955
TAAR8,gene,12956
SLC9C2,gene,12957
TRIM9,gene,12958
DACT1,gene,12959
DLGAP3,gene,12960
MTHFD2,gene,12961
SHISA9,gene,12962
CHRNB1,gene,12963
FAM178B,gene,12964
DSPP,gene,12965
NDUFAF3,gene,12966
LRRIQ4,gene,12967
GATM,gene,12968
RAB37,gene,12969
TXN2,gene,12970
PTPN22,gene,12971
CCR3,gene,12972
PROKR1,gene,12973
PSMD4,gene,12974
MS4A6A,gene,12975
MYO1G,gene,12976
AARSD1,gene,12977
GABRG2,gene,12978
MPI,gene,12979
FAM9A,gene,12980
ALYREF,gene,12981
HSPB7,gene,12982
EEF1AKMT4-ECE2,gene,12983
CAMK2B,gene,12984
HACE1,gene,12985
AGMO,gene,12986
TTI1,gene,12987
PDK1,gene,12988
C10orf95,gene,12989
CCNA1,gene,12990
TMEM207,gene,12991
UBTF,gene,12992
B4GALT6,gene,12993
YEATS2,gene,12994
PHIP,gene,12995
ZNF675,gene,12996
OR14I1,gene,12997
FITM2,gene,12998
ANKRD36,gene,12999
TEX44,gene,13000
LY6G6F,gene,13001
MAGEB18,gene,13002
NUTM2A,gene,13003
KLF14,gene,13004
PCIF1,gene,13005
GYPE,gene,13006
RPE65,gene,13007
OCSTAMP,gene,13008
PTTG1,gene,13009
OAT,gene,13010
SPTSSA,gene,13011
BZW1,gene,13012
TMEM232,gene,13013
VWA3B,gene,13014
RIPPLY2,gene,13015
ADAM9,gene,13016
ENTPD7,gene,13017
OR4C15,gene,13018
RAB5C,gene,13019
CDH6,gene,13020
ELMOD1,gene,13021
ZMAT1,gene,13022
KIAA1549L,gene,13023
ZNF112,gene,13024
SRY,gene,13025
APOBEC3G,gene,13026
TSPOAP1,gene,13027
KCNQ5,gene,13028
VCX,gene,13029
GYS2,gene,13030
MMAB,gene,13031
CLIC1,gene,13032
NPTX1,gene,13033
SIX2,gene,13034
RSRC1,gene,13035
PRR7,gene,13036
CDK4,gene,13037
CCND2,gene,13038
TMBIM4,gene,13039
HACD4,gene,13040
GARIN5B,gene,13041
MMP25,gene,13042
KCNK1,gene,13043
TMEM26,gene,13044
CNTN4,gene,13045
MYO5C,gene,13046
MTIF2,gene,13047
SPATA2L,gene,13048
LNPK,gene,13049
GAK,gene,13050
KIR3DL3,gene,13051
DBR1,gene,13052
ZNF287,gene,13053
SERTAD4,gene,13054
CHMP2A,gene,13055
TMC8,gene,13056
OTOF,gene,13057
PPBP,gene,13058
NIPAL2,gene,13059
OR4F6,gene,13060
OPHN1,gene,13061
TLCD5,gene,13062
PRKCG,gene,13063
RWDD2B,gene,13064
PARP15,gene,13065
CCT5,gene,13066
LRRC58,gene,13067
TRIM60,gene,13068
TMBIM6,gene,13069
SPAG8,gene,13070
IGF2BP3,gene,13071
ZBTB18,gene,13072
ORMDL2,gene,13073
JAKMIP1,gene,13074
SMS,gene,13075
ATP6V0E1,gene,13076
MOCS1,gene,13077
JAML,gene,13078
BAHD1,gene,13079
ABHD15,gene,13080
TAPT1,gene,13081
MRFAP1L2,gene,13082
OR5M1,gene,13083
RNASE11,gene,13084
DIABLO,gene,13085
COQ2,gene,13086
KIAA0825,gene,13087
ADAT2,gene,13088
CUL7,gene,13089
INSR,gene,13090
CACNA1B,gene,13091
NECAB2,gene,13092
CASZ1,gene,13093
NELFCD,gene,13094
FOXO4,gene,13095
TPRX1,gene,13096
CCNYL1B,gene,13097
UTS2,gene,13098
WRNIP1,gene,13099
KLHL5,gene,13100
ITPR2,gene,13101
ADRA2C,gene,13102
RBM27,gene,13103
TMEM128,gene,13104
CEP85L,gene,13105
CT47A1,gene,13106
OASL,gene,13107
ATL2,gene,13108
ATP5PB,gene,13109
CSNK1A1,gene,13110
AJM1,gene,13111
LAMP3,gene,13112
ZNF233,gene,13113
RDH8,gene,13114
WDR33,gene,13115
CLSTN3,gene,13116
A1BG,gene,13117
IMPG1,gene,13118
SPATS2,gene,13119
BRF1,gene,13120
GSTO1,gene,13121
FCGR1A,gene,13122
DMD,gene,13123
VCAM1,gene,13124
GK2,gene,13125
USP53,gene,13126
KDELR2,gene,13127
PSMC2,gene,13128
CAPS,gene,13129
KLHL13,gene,13130
FAM83A,gene,13131
DDX31,gene,13132
MED15,gene,13133
RGS2,gene,13134
SEPTIN11,gene,13135
EXPH5,gene,13136
PTH1R,gene,13137
CFI,gene,13138
H3C7,gene,13139
TRIM16,gene,13140
KIF22,gene,13141
TMEM219,gene,13142
HRH4,gene,13143
KLK6,gene,13144
MDGA2,gene,13145
KRT222,gene,13146
AKAP5,gene,13147
MROH6,gene,13148
NEFH,gene,13149
TTLL7,gene,13150
AK2,gene,13151
CACNG6,gene,13152
MRPL58,gene,13153
POLR2M,gene,13154
CTSW,gene,13155
NUTM2D,gene,13156
APBB3,gene,13157
GAL3ST4,gene,13158
C16orf46,gene,13159
MS4A10,gene,13160
TMEM200B,gene,13161
SLCO2A1,gene,13162
CT47A4,gene,13163
CGB2,gene,13164
VPS26C,gene,13165
C1R,gene,13166
OR13G1,gene,13167
OR4D10,gene,13168
UBR2,gene,13169
C8orf74,gene,13170
TMC4,gene,13171
CD86,gene,13172
HDAC7,gene,13173
GFPT2,gene,13174
OMP,gene,13175
WNT11,gene,13176
FUT4,gene,13177
ZNF429,gene,13178
GNB1L,gene,13179
ODF2,gene,13180
AK3,gene,13181
BRAF,gene,13182
AMZ2,gene,13183
GDF5,gene,13184
AK4,gene,13185
PRSS54,gene,13186
TENT4A,gene,13187
ADIPOQ,gene,13188
SLC6A7,gene,13189
POLA1,gene,13190
F2RL2,gene,13191
NPIPB7,gene,13192
PELP1,gene,13193
IL18,gene,13194
HAUS1,gene,13195
FKBP7,gene,13196
PRSS50,gene,13197
PCBP4,gene,13198
GRID2IP,gene,13199
CEP20,gene,13200
PPP1R1B,gene,13201
DHX58,gene,13202
LPP,gene,13203
ADAMDEC1,gene,13204
ADORA2B,gene,13205
FFAR3,gene,13206
RANBP17,gene,13207
PDCD2,gene,13208
TAS2R39,gene,13209
CACNA1S,gene,13210
PI4KA,gene,13211
FBXW8,gene,13212
MDH1B,gene,13213
GPX5,gene,13214
ADPRH,gene,13215
ZFP30,gene,13216
CTDSP1,gene,13217
SNX27,gene,13218
PTGES3L,gene,13219
APOC4,gene,13220
ATP7A,gene,13221
SPINK5,gene,13222
LAIR1,gene,13223
TMEM14B,gene,13224
NSMAF,gene,13225
CLIC3,gene,13226
MYL4,gene,13227
LARP6,gene,13228
ARSJ,gene,13229
KDM4B,gene,13230
POLQ,gene,13231
CEP85,gene,13232
SLC34A1,gene,13233
SNX30,gene,13234
CRISPLD2,gene,13235
AURKB,gene,13236
HMGXB4,gene,13237
PDE10A,gene,13238
OR4E2,gene,13239
FLACC1,gene,13240
C6orf62,gene,13241
AP5B1,gene,13242
CLRN2,gene,13243
SNRPB,gene,13244
CLDN14,gene,13245
KLK12,gene,13246
RPS15,gene,13247
IMMP2L,gene,13248
HARS1,gene,13249
FAM118B,gene,13250
TFB1M,gene,13251
TRIM37,gene,13252
POPDC3,gene,13253
NDUFA5,gene,13254
SLTM,gene,13255
NUDT9,gene,13256
PHACTR1,gene,13257
NIPBL,gene,13258
CYSLTR2,gene,13259
DUSP9,gene,13260
PRSS21,gene,13261
VSTM2B,gene,13262
KRT13,gene,13263
DCAF16,gene,13264
ESD,gene,13265
RGS21,gene,13266
ABCB5,gene,13267
PRR23D2,gene,13268
OR5D16,gene,13269
CTSE,gene,13270
FUS,gene,13271
PRKCB,gene,13272
GABARAP,gene,13273
TRAF6,gene,13274
ANKRD30B,gene,13275
CDIN1,gene,13276
LAMA5,gene,13277
MRPL27,gene,13278
MTCH2,gene,13279
MAGED2,gene,13280
ZNF585B,gene,13281
KXD1,gene,13282
MROH9,gene,13283
TMEM141,gene,13284
CDC42BPB,gene,13285
MRPS6,gene,13286
CEACAM1,gene,13287
RPL7A,gene,13288
RAMACL,gene,13289
TAFA1,gene,13290
FOXN1,gene,13291
VAMP7,gene,13292
AMER3,gene,13293
PGAM2,gene,13294
METTL3,gene,13295
PACRG,gene,13296
XAB2,gene,13297
SNRNP200,gene,13298
WDSUB1,gene,13299
MKRN2OS,gene,13300
HMBOX1,gene,13301
S100PBP,gene,13302
HPN,gene,13303
CD276,gene,13304
STX3,gene,13305
IL1R1,gene,13306
COL25A1,gene,13307
HLA-E,gene,13308
WDR87,gene,13309
OR1S1,gene,13310
BMP2K,gene,13311
TXNDC16,gene,13312
HSBP1L1,gene,13313
RNF41,gene,13314
ACADS,gene,13315
FOXL3,gene,13316
HAUS2,gene,13317
JTB,gene,13318
TLCD3A,gene,13319
CYP21A2,gene,13320
OPA1,gene,13321
KRT5,gene,13322
SYTL5,gene,13323
WEE2,gene,13324
PC,gene,13325
CCND1,gene,13326
SLC25A4,gene,13327
KLLN,gene,13328
CNOT1,gene,13329
C17orf100,gene,13330
ARHGAP6,gene,13331
JAG2,gene,13332
PTH2,gene,13333
ACOT1,gene,13334
FRS2,gene,13335
HIPK3,gene,13336
RNASE4,gene,13337
PNPLA3,gene,13338
GAD2,gene,13339
MEF2C,gene,13340
ITGAD,gene,13341
FZD3,gene,13342
C1orf174,gene,13343
TUBB2B,gene,13344
SCD5,gene,13345
HACD2,gene,13346
ATOX1,gene,13347
GPSM1,gene,13348
C11orf97,gene,13349
KRTAP19-2,gene,13350
PI4K2A,gene,13351
KRBOX5,gene,13352
DLGAP4,gene,13353
NTM,gene,13354
GJA5,gene,13355
PICALM,gene,13356
GLRX2,gene,13357
PRKG2,gene,13358
XAGE3,gene,13359
PRR36,gene,13360
MYO1C,gene,13361
ACP2,gene,13362
CARNS1,gene,13363
ALB,gene,13364
NOP16,gene,13365
HSPG2,gene,13366
CDCP1,gene,13367
RASSF6,gene,13368
RPL26,gene,13369
RPS14,gene,13370
ZNF624,gene,13371
UNC119,gene,13372
PCTP,gene,13373
HCAR1,gene,13374
SS18L1,gene,13375
SYNGAP1,gene,13376
VCY1B,gene,13377
UHMK1,gene,13378
MEST,gene,13379
DCAF12L1,gene,13380
ADO,gene,13381
EID1,gene,13382
NIT1,gene,13383
BHLHE40,gene,13384
VCPKMT,gene,13385
TMEM59,gene,13386
TERT,gene,13387
HLA-DMB,gene,13388
TM4SF20,gene,13389
OR5P3,gene,13390
GCSAML,gene,13391
CHD6,gene,13392
IFTAP,gene,13393
IDUA,gene,13394
MERTK,gene,13395
TESMIN,gene,13396
CNTRL,gene,13397
KRTAP2-4,gene,13398
SNRPD1,gene,13399
NKG7,gene,13400
TAFA2,gene,13401
PSMD14,gene,13402
TBX6,gene,13403
GPBP1L1,gene,13404
MR1,gene,13405
UGT1A6,gene,13406
SPATA1,gene,13407
PCDHB4,gene,13408
RXYLT1,gene,13409
GTF2B,gene,13410
CTNNA1,gene,13411
RPLP1,gene,13412
EIF2AK4,gene,13413
SLC25A42,gene,13414
ZFAND2B,gene,13415
PARS2,gene,13416
SLC25A48,gene,13417
HTR4,gene,13418
HOXC11,gene,13419
NDUFS4,gene,13420
RBBP7,gene,13421
RNF32,gene,13422
UQCRQ,gene,13423
ADRA2A,gene,13424
SNAP23,gene,13425
DBP,gene,13426
OSBPL6,gene,13427
TRIM52,gene,13428
OR4K14,gene,13429
SIGLEC5,gene,13430
NRBP1,gene,13431
ZFYVE16,gene,13432
KCNJ18,gene,13433
SLC1A4,gene,13434
DOCK7,gene,13435
ABHD12,gene,13436
CRYBB1,gene,13437
TBC1D13,gene,13438
PLA2G12A,gene,13439
PRAMEF10,gene,13440
AFP,gene,13441
MYH14,gene,13442
NRCAM,gene,13443
ADRA1B,gene,13444
ACTL8,gene,13445
CD58,gene,13446
MBD3L5,gene,13447
TCFL5,gene,13448
DMRTA1,gene,13449
VCY,gene,13450
SERPINE1,gene,13451
ERCC3,gene,13452
LZIC,gene,13453
TSHB,gene,13454
DLG1,gene,13455
SLC12A7,gene,13456
ST8SIA2,gene,13457
ZNF302,gene,13458
SOGA1,gene,13459
ZNF638,gene,13460
GNAI2,gene,13461
MAP3K9,gene,13462
IGF2R,gene,13463
GSC,gene,13464
SIGLEC11,gene,13465
RPUSD3,gene,13466
CHCHD1,gene,13467
OST4,gene,13468
GRB2,gene,13469
KIF15,gene,13470
MEAF6,gene,13471
GUCA1B,gene,13472
ATAT1,gene,13473
MEAK7,gene,13474
DOP1A,gene,13475
TRAT1,gene,13476
ENPP2,gene,13477
EDC3,gene,13478
PTGER3,gene,13479
CALHM3,gene,13480
SEPTIN9,gene,13481
PLPP4,gene,13482
LYZL6,gene,13483
RPL10L,gene,13484
PCM1,gene,13485
BTN3A3,gene,13486
CENPJ,gene,13487
WDR35,gene,13488
NPHP3,gene,13489
OPCML,gene,13490
ATP1A4,gene,13491
ERBB4,gene,13492
ALG5,gene,13493
SLC12A9,gene,13494
KANSL3,gene,13495
BRIX1,gene,13496
GLYCTK,gene,13497
ARMC10,gene,13498
AFM,gene,13499
STYX,gene,13500
ETV5,gene,13501
HIF1A,gene,13502
HS3ST3A1,gene,13503
ANKRD52,gene,13504
ARGLU1,gene,13505
SYNGR1,gene,13506
CREB3L1,gene,13507
RB1CC1,gene,13508
PRRG3,gene,13509
FCGR2B,gene,13510
ZNF619,gene,13511
ANKRD11,gene,13512
PRKCSH,gene,13513
MRPL35,gene,13514
LARP4B,gene,13515
KIF26A,gene,13516
ALDH3B2,gene,13517
GOLGA8K,gene,13518
INPP5A,gene,13519
ECHDC3,gene,13520
KCNJ10,gene,13521
DCP2,gene,13522
NT5DC2,gene,13523
ZNRF2,gene,13524
CD300LB,gene,13525
DYNC1LI2,gene,13526
TMEM35B,gene,13527
FAM193A,gene,13528
ZNF468,gene,13529
SLC25A16,gene,13530
POP4,gene,13531
C2orf49,gene,13532
PHB2,gene,13533
TNFRSF1A,gene,13534
SYS1,gene,13535
PCK1,gene,13536
POLGARF,gene,13537
SIX1,gene,13538
UGT1A3,gene,13539
RIMBP3,gene,13540
TMEM45B,gene,13541
PPP6R3,gene,13542
SS18L2,gene,13543
KRTAP2-1,gene,13544
CCK,gene,13545
RAP1GAP2,gene,13546
FAM221B,gene,13547
ID2,gene,13548
MARCHF7,gene,13549
IRAK2,gene,13550
CRACR2B,gene,13551
CEP89,gene,13552
DEFB125,gene,13553
HAPLN4,gene,13554
NOTCH2NLC,gene,13555
CIC,gene,13556
FBXO7,gene,13557
CYP4Z1,gene,13558
IKZF4,gene,13559
PSD2,gene,13560
FSTL3,gene,13561
MTHFD2L,gene,13562
SPCS3,gene,13563
SELENOV,gene,13564
ERV3-1,gene,13565
KDM8,gene,13566
MTDH,gene,13567
FHOD1,gene,13568
CWF19L1,gene,13569
ZNF14,gene,13570
SOD3,gene,13571
CHRDL2,gene,13572
NOPCHAP1,gene,13573
HERPUD1,gene,13574
CTSO,gene,13575
GGACT,gene,13576
SPPL2C,gene,13577
KRT36,gene,13578
SPIRE1,gene,13579
PSMD1,gene,13580
MPV17L2,gene,13581
TRPC3,gene,13582
CAPG,gene,13583
NLRP2B,gene,13584
NCOA6,gene,13585
CORO1C,gene,13586
CETN2,gene,13587
CINP,gene,13588
SLC39A8,gene,13589
TKT,gene,13590
NFIB,gene,13591
CHIC1,gene,13592
ARAP1,gene,13593
FICD,gene,13594
TMEM100,gene,13595
KIF4B,gene,13596
ABHD17B,gene,13597
OBP2B,gene,13598
MTSS2,gene,13599
KLK8,gene,13600
DCD,gene,13601
DACT2,gene,13602
DVL2,gene,13603
CCDC9,gene,13604
PDCD7,gene,13605
ASTE1,gene,13606
TBC1D4,gene,13607
CTNNB1,gene,13608
RASD1,gene,13609
RSPO3,gene,13610
ZRSR2,gene,13611
ECD,gene,13612
DIP2B,gene,13613
ENY2,gene,13614
NT5M,gene,13615
ZNF546,gene,13616
PHLDB2,gene,13617
ZNF517,gene,13618
POLE,gene,13619
EAPP,gene,13620
SEH1L,gene,13621
ZBTB38,gene,13622
GPR148,gene,13623
GNGT1,gene,13624
TIGD3,gene,13625
GAMT,gene,13626
C2orf69,gene,13627
SFXN2,gene,13628
CLEC18C,gene,13629
BRK1,gene,13630
C2orf42,gene,13631
MED28,gene,13632
LMBR1,gene,13633
GOLGA6L4,gene,13634
SLC26A7,gene,13635
SNX3,gene,13636
H1-4,gene,13637
STAT6,gene,13638
SLC41A3,gene,13639
CLCN4,gene,13640
CLN5,gene,13641
OR2L2,gene,13642
GNA12,gene,13643
MAF1,gene,13644
RAB39B,gene,13645
PINLYP,gene,13646
SOX2,gene,13647
S100A14,gene,13648
OR7D4,gene,13649
PPP4R4,gene,13650
HJV,gene,13651
ZNF792,gene,13652
TMEM229A,gene,13653
SLC30A4,gene,13654
OR10H1,gene,13655
GPR61,gene,13656
SPATA21,gene,13657
METTL14,gene,13658
HAVCR1,gene,13659
PHF6,gene,13660
COPRS,gene,13661
PLSCR5,gene,13662
TMEM179,gene,13663
DNAJA2,gene,13664
HCK,gene,13665
PHLDA1,gene,13666
TATDN3,gene,13667
MSC,gene,13668
CNOT2,gene,13669
KCNH3,gene,13670
IRX6,gene,13671
PI3,gene,13672
PRB4,gene,13673
PIM1,gene,13674
ZNF462,gene,13675
CCDC59,gene,13676
HIGD1B,gene,13677
FGF6,gene,13678
SLC26A6,gene,13679
SIL1,gene,13680
C8orf58,gene,13681
OR10Q1,gene,13682
AP3B2,gene,13683
KMT2E,gene,13684
MFGE8,gene,13685
TEX26,gene,13686
PCDHA11,gene,13687
EXD2,gene,13688
HNRNPCL3,gene,13689
PRAMEF5,gene,13690
EPCAM,gene,13691
BHLHE41,gene,13692
CREB5,gene,13693
RHOJ,gene,13694
KLHL11,gene,13695
CHRNA6,gene,13696
USP39,gene,13697
CTAG1B,gene,13698
ZNF79,gene,13699
ISG20,gene,13700
PPFIBP1,gene,13701
GTPBP4,gene,13702
TRPM5,gene,13703
PABPC1L,gene,13704
VAMP8,gene,13705
GM2A,gene,13706
MPLKIP,gene,13707
TM4SF5,gene,13708
SRXN1,gene,13709
CABLES1,gene,13710
OR14A16,gene,13711
PRRT2,gene,13712
C3orf49,gene,13713
NCR3,gene,13714
LSM5,gene,13715
DPYSL2,gene,13716
LNX2,gene,13717
GABRA6,gene,13718
ANXA8,gene,13719
UROC1,gene,13720
TOMM70,gene,13721
ASIC2,gene,13722
TUBB1,gene,13723
DNAJC14,gene,13724
SLC2A7,gene,13725
CENPVL2,gene,13726
RBM23,gene,13727
ABCB7,gene,13728
SLC35G2,gene,13729
NPRL3,gene,13730
EPHA10,gene,13731
VSIG10L,gene,13732
SCGB1D1,gene,13733
KRTAP5-3,gene,13734
SSBP4,gene,13735
VWC2L,gene,13736
ARL13B,gene,13737
LEP,gene,13738
KRBA2,gene,13739
ASDURF,gene,13740
MFSD14B,gene,13741
GIMAP6,gene,13742
LRP11,gene,13743
SIRPD,gene,13744
SLC45A3,gene,13745
GALNT15,gene,13746
KCNJ11,gene,13747
OR8B12,gene,13748
SSTR4,gene,13749
HNRNPUL2,gene,13750
SMARCC1,gene,13751
PCDH8,gene,13752
PCDHGA8,gene,13753
CD1D,gene,13754
CHST13,gene,13755
MKX,gene,13756
SPRING1,gene,13757
THUMPD3,gene,13758
MYBPC2,gene,13759
PHAF1,gene,13760
NRXN1,gene,13761
CHERP,gene,13762
DPP8,gene,13763
ZNF80,gene,13764
NEUROG2,gene,13765
GNL3,gene,13766
NPY4R2,gene,13767
METTL1,gene,13768
PTGER2,gene,13769
SP8,gene,13770
EEF2K,gene,13771
CYP24A1,gene,13772
EXOC6,gene,13773
CCDC68,gene,13774
ZNF630,gene,13775
BLOC1S1,gene,13776
PTER,gene,13777
PLIN4,gene,13778
DACT3,gene,13779
POU5F2,gene,13780
CTAGE4,gene,13781
LYZL4,gene,13782
CALCB,gene,13783
SOX6,gene,13784
KIF3A,gene,13785
ARID3B,gene,13786
PDZD2,gene,13787
PKMYT1,gene,13788
KRTAP8-1,gene,13789
NEXN,gene,13790
OR5T1,gene,13791
ZNF17,gene,13792
UBE2J2,gene,13793
CA8,gene,13794
SPMIP10,gene,13795
ATP6V1G1,gene,13796
TIGD7,gene,13797
KLHL38,gene,13798
ING2,gene,13799
SEPTIN3,gene,13800
MCHR2,gene,13801
TRIB3,gene,13802
ZNF43,gene,13803
PPIP5K1,gene,13804
TMEM47,gene,13805
FAM236A,gene,13806
SLC4A8,gene,13807
CXCL10,gene,13808
CACNG2,gene,13809
PKIA,gene,13810
CSRP1,gene,13811
ERC2,gene,13812
GUCA1A,gene,13813
MYOM2,gene,13814
FRMPD1,gene,13815
ITIH4,gene,13816
OR9Q1,gene,13817
DCN,gene,13818
DGKI,gene,13819
KLHDC4,gene,13820
KRTAP4-16,gene,13821
SGK1,gene,13822
SPTLC3,gene,13823
ZNF528,gene,13824
TMEM79,gene,13825
FAM210B,gene,13826
ZNF860,gene,13827
P2RY8,gene,13828
LAPTM5,gene,13829
ARF4,gene,13830
ZNF470,gene,13831
CKM,gene,13832
TAF12,gene,13833
XKRX,gene,13834
FAM180B,gene,13835
PSMC4,gene,13836
TCF20,gene,13837
ST3GAL2,gene,13838
HLA-DMA,gene,13839
KLK5,gene,13840
IPO9,gene,13841
SPDYE2B,gene,13842
OR52M1,gene,13843
CCDC7,gene,13844
TMEM117,gene,13845
CST4,gene,13846
SMIM35,gene,13847
NOA1,gene,13848
PCDHGA9,gene,13849
KRTAP1-3,gene,13850
SLC9C1,gene,13851
SLC35A5,gene,13852
BTAF1,gene,13853
RBL1,gene,13854
RPS29,gene,13855
ARIH2,gene,13856
CBX5,gene,13857
ARHGAP45,gene,13858
SNX9,gene,13859
OR6V1,gene,13860
LDLRAD1,gene,13861
CRISP3,gene,13862
IDO2,gene,13863
HNRNPA0,gene,13864
MRPS5,gene,13865
AFDN,gene,13866
H2BK1,gene,13867
HSPA8,gene,13868
SALL1,gene,13869
SBNO2,gene,13870
SKAP2,gene,13871
ASB15,gene,13872
RBM28,gene,13873
ZNF486,gene,13874
SLC35A4,gene,13875
UTF1,gene,13876
KRTAP5-4,gene,13877
CALHM4,gene,13878
ISOC1,gene,13879
PSPC1,gene,13880
FRMD6,gene,13881
ADAMTSL5,gene,13882
SLC38A5,gene,13883
TMEM132A,gene,13884
LIAS,gene,13885
MAP3K15,gene,13886
NME3,gene,13887
DPF1,gene,13888
ZSWIM9,gene,13889
RPL7L1,gene,13890
GASK1A,gene,13891
PLA2G10,gene,13892
CT47A8,gene,13893
SPATA31A3,gene,13894
ZNF2,gene,13895
NUP43,gene,13896
NACAD,gene,13897
ZNF506,gene,13898
CCL26,gene,13899
EXOSC1,gene,13900
UROS,gene,13901
RBM41,gene,13902
BEST4,gene,13903
COG5,gene,13904
CCL7,gene,13905
STXBP5L,gene,13906
MYOZ1,gene,13907
AIMP1,gene,13908
ZCCHC7,gene,13909
S100A1,gene,13910
LTA,gene,13911
TMEM164,gene,13912
CRY1,gene,13913
BCL2L13,gene,13914
STRIT1,gene,13915
ANKHD1-EIF4EBP3,gene,13916
LIN7A,gene,13917
MRAS,gene,13918
S100A7,gene,13919
GAB3,gene,13920
EVI2B,gene,13921
DTWD1,gene,13922
CCNB3,gene,13923
APOBR,gene,13924
AHI1,gene,13925
S100A6,gene,13926
BSN,gene,13927
KRTAP6-1,gene,13928
BMP15,gene,13929
BNC2,gene,13930
CELSR2,gene,13931
MORC3,gene,13932
TM4SF19,gene,13933
MTX3,gene,13934
XIAP,gene,13935
BBS12,gene,13936
SSU72L2,gene,13937
CDH10,gene,13938
MYCN,gene,13939
PFKFB2,gene,13940
TMEM238L,gene,13941
SLC4A7,gene,13942
ANKRD39,gene,13943
NBPF8,gene,13944
RIPK2,gene,13945
SPATA31C2,gene,13946
SAA4,gene,13947
HTRA1,gene,13948
SPEM1,gene,13949
TGM1,gene,13950
ARHGAP15,gene,13951
FKBP9,gene,13952
CYS1,gene,13953
DEFB134,gene,13954
GPR62,gene,13955
LCK,gene,13956
CCZ1B,gene,13957
DCTN6,gene,13958
GBA1,gene,13959
CLDN19,gene,13960
RNF183,gene,13961
GIPR,gene,13962
BIVM,gene,13963
NFIX,gene,13964
ICA1,gene,13965
CHODL,gene,13966
TMEM33,gene,13967
IL1F10,gene,13968
HES3,gene,13969
KIAA1586,gene,13970
TESC,gene,13971
STT3A,gene,13972
BRME1,gene,13973
EZR,gene,13974
MYO7B,gene,13975
EID3,gene,13976
ST6GALNAC2,gene,13977
ATG2A,gene,13978
EIF3F,gene,13979
RERG,gene,13980
TMEM263,gene,13981
RUFY3,gene,13982
SLC35F4,gene,13983
B2M,gene,13984
S100A8,gene,13985
LRTM1,gene,13986
IGFL1,gene,13987
RBMX2,gene,13988
ZCWPW2,gene,13989
INS,gene,13990
DLEC1,gene,13991
LAMTOR3,gene,13992
SGF29,gene,13993
BTN2A1,gene,13994
FARSA,gene,13995
BBS9,gene,13996
TACR2,gene,13997
PDS5A,gene,13998
SEBOX,gene,13999
PRNP,gene,14000
EGFL6,gene,14001
SPDYE15,gene,14002
FRG2B,gene,14003
PIGN,gene,14004
EMP1,gene,14005
RBMY1B,gene,14006
ELMO1,gene,14007
MAP4K4,gene,14008
GP1BA,gene,14009
MPC2,gene,14010
ZNF800,gene,14011
PRDM10,gene,14012
LMAN2L,gene,14013
TBC1D9B,gene,14014
SMIM38,gene,14015
PFKL,gene,14016
NMRK2,gene,14017
CH25H,gene,14018
GNAI3,gene,14019
FCRL2,gene,14020
PLAC9,gene,14021
CERCAM,gene,14022
IL10RA,gene,14023
MPHOSPH6,gene,14024
BUD13,gene,14025
RMDN2,gene,14026
VTI1B,gene,14027
ADCY3,gene,14028
DEFA5,gene,14029
ARFIP2,gene,14030
UGGT1,gene,14031
TRMT112,gene,14032
ADGRB2,gene,14033
RBM46,gene,14034
ANTKMT,gene,14035
COL10A1,gene,14036
SPDYE16,gene,14037
GPN1,gene,14038
S1PR5,gene,14039
TSPAN11,gene,14040
TBCEL-TECTA,gene,14041
COX8A,gene,14042
SERPINB12,gene,14043
AP1AR,gene,14044
PIP4K2A,gene,14045
MIEN1,gene,14046
NIPA1,gene,14047
LRRC75A,gene,14048
NGF,gene,14049
GALM,gene,14050
UBE2I,gene,14051
SLC7A4,gene,14052
AKT1S1,gene,14053
FIBCD1,gene,14054
OR51A4,gene,14055
ZNF705A,gene,14056
TMEM54,gene,14057
MRPS17,gene,14058
DNAH17,gene,14059
GORAB,gene,14060
NR6A1,gene,14061
SEMA4C,gene,14062
FOXD4L3,gene,14063
FAM199X,gene,14064
ARFIP1,gene,14065
MYL7,gene,14066
NECAB3,gene,14067
PGPEP1,gene,14068
CYP27A1,gene,14069
DMRT2,gene,14070
FOS,gene,14071
PLXNA1,gene,14072
MRFAP1,gene,14073
SLC26A3,gene,14074
GALNT18,gene,14075
CNR1,gene,14076
HELT,gene,14077
IRF3,gene,14078
BOD1L1,gene,14079
TTBK1,gene,14080
SIAE,gene,14081
CLEC16A,gene,14082
SCNN1B,gene,14083
CYBA,gene,14084
ACADVL,gene,14085
CMKLR2,gene,14086
EIF4A1,gene,14087
LMBRD1,gene,14088
FAM184B,gene,14089
SPECC1,gene,14090
KLHL26,gene,14091
LPAR1,gene,14092
PEX11G,gene,14093
STK10,gene,14094
FRMD4B,gene,14095
MIGA2,gene,14096
KRT77,gene,14097
RPS6KA3,gene,14098
RAD9A,gene,14099
MDM2,gene,14100
MAP3K2,gene,14101
LYG2,gene,14102
NEUROD2,gene,14103
CYP2A13,gene,14104
FAM25G,gene,14105
BOC,gene,14106
CNTN3,gene,14107
PRUNE2,gene,14108
RRAGC,gene,14109
AOC2,gene,14110
EIF2B5,gene,14111
KNSTRN,gene,14112
WDR91,gene,14113
HPF1,gene,14114
TAF1,gene,14115
AGPAT1,gene,14116
YIPF6,gene,14117
PABIR3,gene,14118
CCNB2,gene,14119
PLOD2,gene,14120
PPCDC,gene,14121
NNMT,gene,14122
MPIG6B,gene,14123
NAV2,gene,14124
MPZL3,gene,14125
DYNLRB1,gene,14126
NPBWR2,gene,14127
PLAC8,gene,14128
SMIM43,gene,14129
NSUN5,gene,14130
TFE3,gene,14131
COX5A,gene,14132
RLIM,gene,14133
CTSB,gene,14134
TLR4,gene,14135
RGS13,gene,14136
HMG20B,gene,14137
GPX3,gene,14138
PMCH,gene,14139
MAGEL2,gene,14140
SRCAP,gene,14141
MORC2,gene,14142
PPIL4,gene,14143
VEGFA,gene,14144
UBA3,gene,14145
GINM1,gene,14146
ARHGAP25,gene,14147
MAGEA6,gene,14148
C12orf57,gene,14149
NPIPB12,gene,14150
CABIN1,gene,14151
ASS1,gene,14152
IL21,gene,14153
STK24,gene,14154
ZNF101,gene,14155
HLA-F,gene,14156
SH2B3,gene,14157
TTC9B,gene,14158
FAAH,gene,14159
GRIPAP1,gene,14160
NTAN1,gene,14161
EDN2,gene,14162
MCF2L,gene,14163
OR3A2,gene,14164
TXNDC12,gene,14165
WFS1,gene,14166
MRPL21,gene,14167
PREB,gene,14168
MALSU1,gene,14169
AURKA,gene,14170
FOXD1,gene,14171
FRMPD2,gene,14172
SUMO4,gene,14173
ARL14EP,gene,14174
PSMB11,gene,14175
ZNF316,gene,14176
OR5BS1P,gene,14177
OR8A1,gene,14178
C12orf54,gene,14179
EVC,gene,14180
TNFRSF17,gene,14181
HUS1,gene,14182
METTL22,gene,14183
ZNF548,gene,14184
C2CD2,gene,14185
DPP4,gene,14186
GZMK,gene,14187
RPGRIP1,gene,14188
STN1,gene,14189
TTC21B,gene,14190
ZNF578,gene,14191
KRT38,gene,14192
DNAAF5,gene,14193
TRMU,gene,14194
ADGRB3,gene,14195
SCNN1A,gene,14196
GFM1,gene,14197
RRM2B,gene,14198
CCDC198,gene,14199
APOH,gene,14200
RAI14,gene,14201
DDX42,gene,14202
HOXB9,gene,14203
TADA2B,gene,14204
KIAA1549,gene,14205
SLC22A24,gene,14206
ADM,gene,14207
BTNL2,gene,14208
CTSV,gene,14209
PLK4,gene,14210
EIF2B2,gene,14211
C4orf36,gene,14212
TBXA2R,gene,14213
ANKRD49,gene,14214
GLYATL2,gene,14215
NACA,gene,14216
GJD2,gene,14217
STRN,gene,14218
KCNT1,gene,14219
SURF2,gene,14220
CHMP6,gene,14221
CLEC9A,gene,14222
TSPYL4,gene,14223
PSD4,gene,14224
ABCC5,gene,14225
FBXL19,gene,14226
HLA-A,gene,14227
IST1,gene,14228
TRAF3IP1,gene,14229
IL17RD,gene,14230
ZNF41,gene,14231
SERPINF2,gene,14232
RPS7,gene,14233
OR1E1,gene,14234
RBM39,gene,14235
TRMT11,gene,14236
MAP3K12,gene,14237
ERFE,gene,14238
TRIOBP,gene,14239
JMJD7,gene,14240
REELD1,gene,14241
LOXL4,gene,14242
OR2L8,gene,14243
SLC22A8,gene,14244
SLC52A3,gene,14245
RIT1,gene,14246
ANKRD31,gene,14247
MRPL51,gene,14248
GJD3,gene,14249
FGGY,gene,14250
TRIM75,gene,14251
URAD,gene,14252
GNG8,gene,14253
SLC66A2,gene,14254
FOXP3,gene,14255
ARMCX4,gene,14256
FRA10AC1,gene,14257
OTUD7B,gene,14258
ZBTB37,gene,14259
KCNA10,gene,14260
SLC25A24,gene,14261
SYCE3,gene,14262
NFATC2IP,gene,14263
COQ10B,gene,14264
UPB1,gene,14265
ZNF488,gene,14266
BCKDK,gene,14267
IQCK,gene,14268
RUVBL2,gene,14269
SLC38A6,gene,14270
ZDBF2,gene,14271
KIAA0513,gene,14272
KLHL18,gene,14273
RSPO2,gene,14274
CSAD,gene,14275
DEFB109C,gene,14276
XKR8,gene,14277
CDC42SE2,gene,14278
ZNF425,gene,14279
TCEANC,gene,14280
MAPK7,gene,14281
MFAP3,gene,14282
ZC2HC1B,gene,14283
HEY2,gene,14284
THY1,gene,14285
CRYBA4,gene,14286
TLR7,gene,14287
RPL12,gene,14288
COL23A1,gene,14289
CT45A3,gene,14290
EXO5,gene,14291
CENPS,gene,14292
ZFYVE19,gene,14293
EAF1,gene,14294
CPA5,gene,14295
PRKCH,gene,14296
OR6P1,gene,14297
TELO2,gene,14298
RTF1,gene,14299
ATG5,gene,14300
USP17L27,gene,14301
CLEC10A,gene,14302
LCNL1,gene,14303
SORBS2,gene,14304
TJP3,gene,14305
ELFN2,gene,14306
COG1,gene,14307
BCLAF1,gene,14308
MTRF1L,gene,14309
NPIPB3,gene,14310
USP32,gene,14311
CEP135,gene,14312
CDH15,gene,14313
RPL19,gene,14314
TBC1D26,gene,14315
BTG4,gene,14316
CLSTN2,gene,14317
IL26,gene,14318
CD300E,gene,14319
PCBP3,gene,14320
GSTT4,gene,14321
ZNF205,gene,14322
TLR2,gene,14323
SPATA16,gene,14324
TULP3,gene,14325
CCDC163,gene,14326
OR51M1,gene,14327
FASLG,gene,14328
CSTF2T,gene,14329
GTF2F1,gene,14330
HPRT1,gene,14331
BORCS7,gene,14332
KMT5A,gene,14333
SARM1,gene,14334
SMIM17,gene,14335
NT5DC4,gene,14336
ZNF593,gene,14337
FBXL13,gene,14338
PDZD7,gene,14339
TRIM13,gene,14340
ALOX15B,gene,14341
CHAF1B,gene,14342
OR1N2,gene,14343
FHIP1B,gene,14344
SPINT2,gene,14345
ADAM30,gene,14346
NLRP3,gene,14347
ZNF783,gene,14348
ASB3,gene,14349
ALK,gene,14350
EXT2,gene,14351
UQCC5,gene,14352
NIF3L1,gene,14353
FGFR1,gene,14354
ENDOD1,gene,14355
ANKRD26,gene,14356
POTEB2,gene,14357
SEMA7A,gene,14358
APCS,gene,14359
DNAJC8,gene,14360
BPIFC,gene,14361
TMEM239,gene,14362
CXCR5,gene,14363
HTATSF1,gene,14364
GLP2R,gene,14365
SETSIP,gene,14366
ZNF420,gene,14367
GALNT3,gene,14368
SPDYE5,gene,14369
PNO1,gene,14370
ZSWIM2,gene,14371
ZSCAN1,gene,14372
DHX37,gene,14373
IREB2,gene,14374
ALDH3A1,gene,14375
UBE2B,gene,14376
FKBP1B,gene,14377
SLC46A2,gene,14378
ST7L,gene,14379
MAGEA3,gene,14380
PRSS51,gene,14381
LCN15,gene,14382
YIF1A,gene,14383
SLC35C2,gene,14384
CDK15,gene,14385
TMED7,gene,14386
SOX8,gene,14387
MTMR4,gene,14388
SIGIRR,gene,14389
NXF2B,gene,14390
SPP2,gene,14391
ZNF141,gene,14392
KATNB1,gene,14393
MYO1B,gene,14394
NUFIP1,gene,14395
OGG1,gene,14396
OR11H12,gene,14397
HINFP,gene,14398
GJC3,gene,14399
KIF9,gene,14400
PKP3,gene,14401
SUN5,gene,14402
CADM3,gene,14403
EIF1B,gene,14404
SSRP1,gene,14405
CD200,gene,14406
ZFP28,gene,14407
ASB9,gene,14408
NDUFC1,gene,14409
RALA,gene,14410
DCAF13,gene,14411
WNT6,gene,14412
LPL,gene,14413
HS6ST1,gene,14414
PHKG1,gene,14415
PPP2R3B,gene,14416
CLEC11A,gene,14417
KDM4E,gene,14418
LRRC18,gene,14419
BPIFB6,gene,14420
NXNL1,gene,14421
DHRS7C,gene,14422
FAM246B,gene,14423
PEX11A,gene,14424
FUZ,gene,14425
LACTBL1,gene,14426
RHOXF1P3,gene,14427
ABCA5,gene,14428
FBXO46,gene,14429
UGT1A7,gene,14430
FRMPD3,gene,14431
CCR1,gene,14432
TMSB15C,gene,14433
ANKMY2,gene,14434
NCLN,gene,14435
XPNPEP3,gene,14436
CDKL3,gene,14437
OR51T1,gene,14438
KRT28,gene,14439
NUP54,gene,14440
MAGI2,gene,14441
ODAPH,gene,14442
SAP25,gene,14443
ERVV-1,gene,14444
KRCC1,gene,14445
RTP2,gene,14446
IL9,gene,14447
STBD1,gene,14448
NOX4,gene,14449
TAAR6,gene,14450
MBD1,gene,14451
EPN3,gene,14452
AMIGO3,gene,14453
MOSPD1,gene,14454
PHRF1,gene,14455
NEURL1B,gene,14456
PDF,gene,14457
SORL1,gene,14458
ITPKA,gene,14459
PCBP1,gene,14460
GET4,gene,14461
AGR2,gene,14462
RHBG,gene,14463
EZHIP,gene,14464
CDV3,gene,14465
DMAP1,gene,14466
EIF2D,gene,14467
PHF8,gene,14468
STARD10,gene,14469
MTFR1,gene,14470
GATC,gene,14471
GNG13,gene,14472
DSG3,gene,14473
PALLD,gene,14474
CCL11,gene,14475
SRSF7,gene,14476
TCF23,gene,14477
ANO6,gene,14478
FBXW11,gene,14479
TUG1,gene,14480
RAD51AP2,gene,14481
USP9Y,gene,14482
TCAF1,gene,14483
IFT52,gene,14484
SLC10A2,gene,14485
TSPAN13,gene,14486
BFAR,gene,14487
LRRTM4,gene,14488
SLC3A1,gene,14489
SLC9A4,gene,14490
MUL1,gene,14491
ARRDC3,gene,14492
PSG6,gene,14493
HSPE1,gene,14494
OPN1SW,gene,14495
SSX1,gene,14496
TEX54,gene,14497
RPP38,gene,14498
CHMP5,gene,14499
RNF31,gene,14500
OTOP1,gene,14501
GTF3C1,gene,14502
SLC5A2,gene,14503
MT1G,gene,14504
ACTR3,gene,14505
KCTD11,gene,14506
BLVRA,gene,14507
KLHL33,gene,14508
TOR2A,gene,14509
ARTN,gene,14510
GEN1,gene,14511
SNN,gene,14512
SPMIP11,gene,14513
TSSK6,gene,14514
TIMELESS,gene,14515
TLDC2,gene,14516
PPP1R2C,gene,14517
F12,gene,14518
MTERF4,gene,14519
PPIB,gene,14520
CCDC122,gene,14521
CELF2,gene,14522
ARMC6,gene,14523
REST,gene,14524
FIGN,gene,14525
TMEM236,gene,14526
YTHDC2,gene,14527
PLPP5,gene,14528
SDK1,gene,14529
MAL,gene,14530
MYOC,gene,14531
CLMN,gene,14532
DAAM1,gene,14533
SEC61A1,gene,14534
CYP2A7,gene,14535
ZFP69,gene,14536
XKR6,gene,14537
KRT27,gene,14538
DDX52,gene,14539
NCBP2L,gene,14540
USP26,gene,14541
KIRREL1,gene,14542
LGALS3,gene,14543
RASGEF1A,gene,14544
ZNF106,gene,14545
SCARB1,gene,14546
NEB,gene,14547
RBM38,gene,14548
PIP,gene,14549
ZC2HC1C,gene,14550
CDRT4,gene,14551
CNBD1,gene,14552
INHBC,gene,14553
PGAM5,gene,14554
L3MBTL2,gene,14555
GBP6,gene,14556
FOXE3,gene,14557
PCDHA5,gene,14558
MELK,gene,14559
C2CD2L,gene,14560
ZNF580,gene,14561
DCAF5,gene,14562
EFCAB6,gene,14563
MYMK,gene,14564
TCEAL5,gene,14565
ARPIN-AP3S2,gene,14566
PON1,gene,14567
PRSS33,gene,14568
HAGHL,gene,14569
KLHL9,gene,14570
SCGB1A1,gene,14571
MIURF,gene,14572
ATXN3L,gene,14573
ARID5B,gene,14574
RAB22A,gene,14575
RNF44,gene,14576
SARAF,gene,14577
HPSE,gene,14578
ZNF281,gene,14579
SOGA3,gene,14580
C4orf33,gene,14581
CAPZA3,gene,14582
TMX3,gene,14583
RBFA,gene,14584
B9D1,gene,14585
ABI3BP,gene,14586
SPAG7,gene,14587
C20orf204,gene,14588
CLDN9,gene,14589
FMO1,gene,14590
XPNPEP1,gene,14591
COLEC12,gene,14592
LDHA,gene,14593
TRIB1,gene,14594
SHANK3,gene,14595
HNRNPH2,gene,14596
UBA7,gene,14597
TMEM252,gene,14598
UNC93B1,gene,14599
CD300C,gene,14600
SIM2,gene,14601
TMEM74,gene,14602
C5,gene,14603
SMIM18,gene,14604
CIBAR2,gene,14605
PHLPP1,gene,14606
ZMIZ2,gene,14607
TAS2R10,gene,14608
GFRA4,gene,14609
ELAC2,gene,14610
SNAP47,gene,14611
PLAAT1,gene,14612
SCN3A,gene,14613
RNF4,gene,14614
DNAJC5B,gene,14615
GFUS,gene,14616
VMP1,gene,14617
SLC5A10,gene,14618
MEGF8,gene,14619
C1orf198,gene,14620
PDE6B,gene,14621
STON1,gene,14622
RHNO1,gene,14623
C16orf89,gene,14624
TFEB,gene,14625
TLCD4-RWDD3,gene,14626
TERF1,gene,14627
RAX,gene,14628
RPS6KC1,gene,14629
STEAP2,gene,14630
SELL,gene,14631
C2CD5,gene,14632
GHITM,gene,14633
SKIC8,gene,14634
OR12D2,gene,14635
BTNL3,gene,14636
REEP5,gene,14637
SIAH3,gene,14638
GABRA4,gene,14639
DDI1,gene,14640
PIKFYVE,gene,14641
DCDC1,gene,14642
SLC29A2,gene,14643
OR5M10,gene,14644
TMPRSS3,gene,14645
GMPPB,gene,14646
SDC2,gene,14647
FOXD4L4,gene,14648
POLR2D,gene,14649
IGFBP1,gene,14650
LSG1,gene,14651
CXCR6,gene,14652
BPNT2,gene,14653
SCAPER,gene,14654
CACNA1A,gene,14655
TNFRSF25,gene,14656
PRLHR,gene,14657
METTL2A,gene,14658
MIS18A,gene,14659
KRTAP23-1,gene,14660
TATDN1,gene,14661
LIPF,gene,14662
KIF21A,gene,14663
PIGH,gene,14664
PCMT1,gene,14665
ELAPOR2,gene,14666
PRAC1,gene,14667
SERPINF1,gene,14668
AKR1B15,gene,14669
NFE2,gene,14670
TEX2,gene,14671
PTCD2,gene,14672
ARHGAP10,gene,14673
CCL21,gene,14674
F10,gene,14675
C4orf50,gene,14676
RFX6,gene,14677
GTPBP3,gene,14678
TTLL1,gene,14679
GAB4,gene,14680
RAB11FIP5,gene,14681
FAM24A,gene,14682
TCF21,gene,14683
TNFAIP8L3,gene,14684
TCP1,gene,14685
KRT1,gene,14686
PSMB4,gene,14687
MAGEA2,gene,14688
ATOSB,gene,14689
NDUFA4L2,gene,14690
LMCD1,gene,14691
RAD9B,gene,14692
GOLGA8O,gene,14693
FBXO31,gene,14694
ITM2C,gene,14695
IDNK,gene,14696
PRCD,gene,14697
SMARCC2,gene,14698
RNF125,gene,14699
NRG3,gene,14700
ZNF91,gene,14701
RAP1GAP,gene,14702
HK2,gene,14703
SOS2,gene,14704
SERPINB5,gene,14705
ZGRF1,gene,14706
RTL5,gene,14707
HOXA11,gene,14708
PRSS8,gene,14709
IFI27L1,gene,14710
GGA2,gene,14711
LILRA4,gene,14712
STAMBP,gene,14713
ELOVL5,gene,14714
NUP153,gene,14715
MSMO1,gene,14716
FRS3,gene,14717
TFR2,gene,14718
KMT5B,gene,14719
TAS2R7,gene,14720
HBA1,gene,14721
B4GALT5,gene,14722
NDUFAF5,gene,14723
NRG2,gene,14724
SMG9,gene,14725
INTS6,gene,14726
MAPK6,gene,14727
ZNF471,gene,14728
RAB44,gene,14729
HSFX1,gene,14730
SRSF9,gene,14731
FREY1,gene,14732
STX7,gene,14733
RAB2B,gene,14734
FAM3C,gene,14735
ISX,gene,14736
SF3A1,gene,14737
LANCL3,gene,14738
SKA2,gene,14739
C17orf78,gene,14740
C1orf116,gene,14741
USP17L12,gene,14742
EIF4B,gene,14743
ABCA12,gene,14744
TOP3A,gene,14745
OR2M7,gene,14746
DDX4,gene,14747
FAM204A,gene,14748
HNRNPA3,gene,14749
RPL29,gene,14750
VPS37C,gene,14751
HARBI1,gene,14752
HOXB1,gene,14753
TMEM185B,gene,14754
DNPH1,gene,14755
DMBT1,gene,14756
QPRT,gene,14757
GCDH,gene,14758
CBLC,gene,14759
MAP1LC3A,gene,14760
PAFAH1B1,gene,14761
HSBP1,gene,14762
TADA3,gene,14763
JSRP1,gene,14764
IBTK,gene,14765
IFRD2,gene,14766
HSPA5,gene,14767
MIEF2,gene,14768
RTKN,gene,14769
FBXO41,gene,14770
PAX7,gene,14771
RNF11,gene,14772
LRRFIP2,gene,14773
PLA2G7,gene,14774
ARHGEF19,gene,14775
CEBPE,gene,14776
KIF2B,gene,14777
FOXP2,gene,14778
EBLN2,gene,14779
PARG,gene,14780
HMX2,gene,14781
PNMA8C,gene,14782
UBE4B,gene,14783
PRELID3A,gene,14784
ITPR3,gene,14785
SEC63,gene,14786
ZNF773,gene,14787
NOS2,gene,14788
KRTAP19-3,gene,14789
ERLEC1,gene,14790
C2orf73,gene,14791
LEFTY1,gene,14792
OR2T33,gene,14793
FXR2,gene,14794
SLC44A3,gene,14795
PTPN7,gene,14796
LINC02218,gene,14797
HYAL4,gene,14798
GTF3C5,gene,14799
PNLIPRP1,gene,14800
TMEM217,gene,14801
RBL2,gene,14802
ZNF836,gene,14803
SDC3,gene,14804
GNPDA1,gene,14805
STMN1,gene,14806
C9orf40,gene,14807
LCMT2,gene,14808
EPOR,gene,14809
WDR19,gene,14810
PRRC2A,gene,14811
KCNA2,gene,14812
PPP1R26,gene,14813
CHD8,gene,14814
GSDMD,gene,14815
SLC25A27,gene,14816
PTPRH,gene,14817
RER1,gene,14818
C1QL2,gene,14819
EGFL7,gene,14820
GIGYF2,gene,14821
DNPEP,gene,14822
CELF3,gene,14823
NADSYN1,gene,14824
WIPF2,gene,14825
IGSF21,gene,14826
KDM4D,gene,14827
CD3D,gene,14828
TSEN15,gene,14829
TSPO2,gene,14830
USH1G,gene,14831
PCDH20,gene,14832
PLA2G6,gene,14833
TUBA3FP,gene,14834
LMF1,gene,14835
METRN,gene,14836
C19orf18,gene,14837
ZNF527,gene,14838
PTBP2,gene,14839
CYP4F11,gene,14840
SETD4,gene,14841
ZFYVE27,gene,14842
SULT4A1,gene,14843
OR52E8,gene,14844
RFTN2,gene,14845
SH3BGRL3,gene,14846
FKBP2,gene,14847
PIPOX,gene,14848
TBC1D3L,gene,14849
DCLRE1B,gene,14850
ZNF662,gene,14851
GDAP2,gene,14852
FLT3,gene,14853
PAK1IP1,gene,14854
POU5F1,gene,14855
ST8SIA1,gene,14856
SCYGR5,gene,14857
RASGRF1,gene,14858
GRM1,gene,14859
CATIP,gene,14860
SGMS1,gene,14861
ATOSA,gene,14862
ARL6IP1,gene,14863
RIIAD1,gene,14864
ZNF485,gene,14865
A4GNT,gene,14866
LRRC49,gene,14867
CFAP61,gene,14868
MRGPRD,gene,14869
ZNF350,gene,14870
MROH1,gene,14871
DYNLT5,gene,14872
SCML2,gene,14873
P2RY4,gene,14874
ACLY,gene,14875
PIK3CD,gene,14876
KRT32,gene,14877
ABRAXAS1,gene,14878
C4A,gene,14879
TBCA,gene,14880
TMEM229B,gene,14881
ARSF,gene,14882
TRIP10,gene,14883
CHRM2,gene,14884
SLC38A10,gene,14885
LRRC2,gene,14886
MDGA1,gene,14887
FTCDNL1,gene,14888
PAQR8,gene,14889
FOXR2,gene,14890
MTMR8,gene,14891
ZSCAN29,gene,14892
HSFY2,gene,14893
SHISA2,gene,14894
TNNI3K,gene,14895
FRZB,gene,14896
CATSPER1,gene,14897
DIAPH1,gene,14898
GPR135,gene,14899
EPS8L3,gene,14900
PPL,gene,14901
MTF2,gene,14902
ZNF618,gene,14903
CHRM5,gene,14904
REL,gene,14905
LRRC73,gene,14906
LARGE2,gene,14907
PDZD11,gene,14908
TVP23B,gene,14909
DDIAS,gene,14910
KRTAP6-2,gene,14911
CD177,gene,14912
CCDC93,gene,14913
KCNK17,gene,14914
PIR,gene,14915
FITM1,gene,14916
HSPA12B,gene,14917
PGLYRP1,gene,14918
OR2AE1,gene,14919
GDF3,gene,14920
KCTD17,gene,14921
SRD5A2,gene,14922
NCKAP1L,gene,14923
SLC14A2,gene,14924
ASAP3,gene,14925
HPS5,gene,14926
TNFRSF13B,gene,14927
STAT5A,gene,14928
LAMB2,gene,14929
CGN,gene,14930
CTRB2,gene,14931
MID1,gene,14932
IKZF3,gene,14933
EXOG,gene,14934
LNPEP,gene,14935
PARK7,gene,14936
VGLL3,gene,14937
COL27A1,gene,14938
DENR,gene,14939
IL1RN,gene,14940
C8orf90,gene,14941
ULK2,gene,14942
OR10H4,gene,14943
JUN,gene,14944
MYADM,gene,14945
FPGT-TNNI3K,gene,14946
PKNOX1,gene,14947
ORMDL1,gene,14948
ADAMTS13,gene,14949
OLFML2B,gene,14950
C1orf74,gene,14951
BEND4,gene,14952
GPC2,gene,14953
PRR20D,gene,14954
C1QL1,gene,14955
DIDO1,gene,14956
CDC14B,gene,14957
MED17,gene,14958
GOSR1,gene,14959
DOCK3,gene,14960
CLEC4G,gene,14961
FIP1L1,gene,14962
CCR4,gene,14963
FGF12,gene,14964
ACCS,gene,14965
HUNK,gene,14966
OR2Y1,gene,14967
MFF,gene,14968
PRAMEF12,gene,14969
RNF133,gene,14970
WIPI2,gene,14971
THAP1,gene,14972
PPM1M,gene,14973
NT5C1B,gene,14974
ADCK2,gene,14975
CMKLR1,gene,14976
MAST4,gene,14977
TRIM33,gene,14978
CFAP65,gene,14979
MAVS,gene,14980
ZSCAN5C,gene,14981
ASPG,gene,14982
CPT1A,gene,14983
MORF4L1,gene,14984
CYREN,gene,14985
NXT1,gene,14986
SP4,gene,14987
C3orf80,gene,14988
TP53TG3D,gene,14989
ARRDC5,gene,14990
C15orf40,gene,14991
ANAPC13,gene,14992
ZNHIT2,gene,14993
MFAP2,gene,14994
FOXD4,gene,14995
ZP1,gene,14996
NABP2,gene,14997
SLC25A5,gene,14998
TMBIM1,gene,14999
CD14,gene,15000
TMEM240,gene,15001
GPI,gene,15002
CRELD2,gene,15003
KLC2,gene,15004
USP14,gene,15005
CLIC4,gene,15006
GRIK1,gene,15007
HS1BP3,gene,15008
SAMD1,gene,15009
GAB1,gene,15010
CFAP77,gene,15011
AP5Z1,gene,15012
C16orf78,gene,15013
UBE2C,gene,15014
CDC73,gene,15015
ADHFE1,gene,15016
FAM90A27P,gene,15017
IRF2BP1,gene,15018
MSRB3,gene,15019
PADI6,gene,15020
TXLNA,gene,15021
PFN2,gene,15022
ATP13A4,gene,15023
COMMD7,gene,15024
ZNF536,gene,15025
RTL6,gene,15026
FLVCR1,gene,15027
PAX9,gene,15028
AVEN,gene,15029
MED25,gene,15030
EHF,gene,15031
GHDC,gene,15032
C4BPB,gene,15033
USP49,gene,15034
SIDT1,gene,15035
PCDHB16,gene,15036
SIRT7,gene,15037
IPO13,gene,15038
KLHL30,gene,15039
SGSM2,gene,15040
PVALEF,gene,15041
PORCN,gene,15042
CEP112,gene,15043
IDI1,gene,15044
BLK,gene,15045
COL2A1,gene,15046
PPP2R5B,gene,15047
NUDT21,gene,15048
ADAM22,gene,15049
RAB34,gene,15050
KCMF1,gene,15051
ASGR2,gene,15052
NOTCH2NLB,gene,15053
PATE2,gene,15054
CCDC88B,gene,15055
MRPL15,gene,15056
HMSD,gene,15057
C12orf43,gene,15058
ZFR2,gene,15059
C5orf46,gene,15060
C2CD6,gene,15061
MBTPS1,gene,15062
INPP4A,gene,15063
CD300A,gene,15064
BPIFA3,gene,15065
SQSTM1,gene,15066
UST,gene,15067
DNAI4,gene,15068
RPS4X,gene,15069
TGIF2LX,gene,15070
XPO6,gene,15071
DOC2B,gene,15072
TBL1X,gene,15073
SEPTIN5,gene,15074
ENPP7,gene,15075
RGL4,gene,15076
B4GALT7,gene,15077
ZNF594,gene,15078
CHRND,gene,15079
CNTNAP3C,gene,15080
RABGGTB,gene,15081
CCDC54,gene,15082
ILRUN,gene,15083
H2AB1,gene,15084
NLRP10,gene,15085
TMSB4Y,gene,15086
SLC31A1,gene,15087
SLX9,gene,15088
SLC38A7,gene,15089
HAUS8,gene,15090
ACBD5,gene,15091
IL31RA,gene,15092
PPP4R1,gene,15093
TLR9,gene,15094
IHH,gene,15095
NYX,gene,15096
DYNLL1,gene,15097
RAD51D,gene,15098
PODXL,gene,15099
MMD2,gene,15100
ZNF107,gene,15101
OR1L1,gene,15102
FXYD4,gene,15103
USP15,gene,15104
PRM3,gene,15105
PPA2,gene,15106
AREL1,gene,15107
SUPT6H,gene,15108
TUBD1,gene,15109
FLNC,gene,15110
UTP4,gene,15111
S100A4,gene,15112
CYB5R1,gene,15113
TRABD2A,gene,15114
SNX10,gene,15115
F13B,gene,15116
KANSL1L,gene,15117
PRDX5,gene,15118
ISG15,gene,15119
RPS6KB2,gene,15120
MSX2,gene,15121
USHBP1,gene,15122
PPCS,gene,15123
EWSR1,gene,15124
SPSB4,gene,15125
PLGLB1,gene,15126
H2BW2,gene,15127
PPIC,gene,15128
FBXO2,gene,15129
SLC2A9,gene,15130
RNF149,gene,15131
DTX2,gene,15132
PAPLN,gene,15133
OR7G2,gene,15134
EBP,gene,15135
CXCL2,gene,15136
PNPLA5,gene,15137
KLHL22,gene,15138
YRDC,gene,15139
NIPSNAP3B,gene,15140
SLC25A12,gene,15141
GPR34,gene,15142
BTBD1,gene,15143
PPP1R3A,gene,15144
TLCD4,gene,15145
OR10A3,gene,15146
RTBDN,gene,15147
C22orf23,gene,15148
ACOT11,gene,15149
MAP3K1,gene,15150
SOX1,gene,15151
LIMK1,gene,15152
CDC42BPG,gene,15153
NUP155,gene,15154
KCNIP4,gene,15155
ALDH1A1,gene,15156
ASTL,gene,15157
SAXO1,gene,15158
TEFM,gene,15159
CCDC181,gene,15160
VAPB,gene,15161
SULT1A3,gene,15162
ATG13,gene,15163
TOR1AIP1,gene,15164
CMTM2,gene,15165
PSENEN,gene,15166
ETF1,gene,15167
DACH2,gene,15168
RAB3A,gene,15169
DYM,gene,15170
FBXO45,gene,15171
ATP5F1D,gene,15172
PIK3R3,gene,15173
FMO4,gene,15174
TPGS2,gene,15175
C10orf143,gene,15176
NDUFA8,gene,15177
FSTL1,gene,15178
WNK1,gene,15179
NFKBIA,gene,15180
ZNF649,gene,15181
B3GNT2,gene,15182
CCDC88A,gene,15183
SAMD8,gene,15184
CHP2,gene,15185
PANX2,gene,15186
PTOV1,gene,15187
TCF3,gene,15188
INSYN2A,gene,15189
ATP6V1G2,gene,15190
GNA11,gene,15191
PTTG1IP,gene,15192
ADCY7,gene,15193
WFDC8,gene,15194
INO80D,gene,15195
OR4P4,gene,15196
LRCH2,gene,15197
SOX11,gene,15198
SSBP2,gene,15199
BLM,gene,15200
ZNF182,gene,15201
LY9,gene,15202
FAM72C,gene,15203
SLC16A4,gene,15204
MARCO,gene,15205
ATG4C,gene,15206
NAT1,gene,15207
PCCB,gene,15208
TAP2,gene,15209
ANKRD18B,gene,15210
PRPH2,gene,15211
CMTM3,gene,15212
TIMP1,gene,15213
CDC42BPA,gene,15214
RFT1,gene,15215
TBX19,gene,15216
H2BC6,gene,15217
DENND11,gene,15218
CCIN,gene,15219
DCAF4,gene,15220
SIK3,gene,15221
HIVEP3,gene,15222
DNMBP,gene,15223
RPUSD2,gene,15224
NTN1,gene,15225
MT-ATP8,gene,15226
YOD1,gene,15227
POLR2J,gene,15228
FBLN7,gene,15229
C10orf62,gene,15230
ACTA2,gene,15231
C1QTNF6,gene,15232
OR10X1,gene,15233
IQCB1,gene,15234
ETV7,gene,15235
CCND3,gene,15236
SP5,gene,15237
TOX3,gene,15238
RARB,gene,15239
NT5C2,gene,15240
IL1R2,gene,15241
TANGO2,gene,15242
WDR81,gene,15243
ACO2,gene,15244
GLT6D1,gene,15245
MYL1,gene,15246
OR2B6,gene,15247
EPHB1,gene,15248
ZXDA,gene,15249
EIF3K,gene,15250
YKT6,gene,15251
SUSD6,gene,15252
PRR20A,gene,15253
OR4S2,gene,15254
MAGEB16,gene,15255
GRAMD4,gene,15256
FNBP1L,gene,15257
ZNF540,gene,15258
SNX11,gene,15259
DEFA6,gene,15260
RABL2A,gene,15261
DAO,gene,15262
FHL1,gene,15263
HTR5A,gene,15264
STAC,gene,15265
KCNB2,gene,15266
KRTAP11-1,gene,15267
CYP4A11,gene,15268
ABL2,gene,15269
BANP,gene,15270
CABS1,gene,15271
SCCPDH,gene,15272
H3C2,gene,15273
KIF20B,gene,15274
CCDC152,gene,15275
MYZAP,gene,15276
BHLHE23,gene,15277
ACVR1C,gene,15278
ZNF341,gene,15279
PSMC1,gene,15280
FSD2,gene,15281
C19orf47,gene,15282
SHC3,gene,15283
WDR55,gene,15284
WDR45,gene,15285
MDC1,gene,15286
C6orf52,gene,15287
TNK2,gene,15288
STMP1,gene,15289
KRTAP13-2,gene,15290
ZNF16,gene,15291
KRTAP10-12,gene,15292
SPANXD,gene,15293
RRAGB,gene,15294
ACP1,gene,15295
ZNF134,gene,15296
UNC5C,gene,15297
RTTN,gene,15298
UBE2L6,gene,15299
STK11IP,gene,15300
PCDH11X,gene,15301
IARS1,gene,15302
OR52I2,gene,15303
SIVA1,gene,15304
TVP23C,gene,15305
PARD6B,gene,15306
KIF3C,gene,15307
SDF4,gene,15308
ZSCAN23,gene,15309
SIK1,gene,15310
ATF4,gene,15311
TTC6,gene,15312
CACNA1G,gene,15313
ZNF587,gene,15314
DYNLRB2,gene,15315
DLEU7,gene,15316
EPHA6,gene,15317
TBKBP1,gene,15318
OR5AR1,gene,15319
SIGLECL1,gene,15320
METTL8,gene,15321
ARHGEF1,gene,15322
CADPS2,gene,15323
H4C4,gene,15324
TDRD6,gene,15325
RNPC3,gene,15326
OR2H1,gene,15327
SELPLG,gene,15328
ASMTL,gene,15329
MTCH1,gene,15330
MPV17,gene,15331
SYT12,gene,15332
SH3BP4,gene,15333
CFAP46,gene,15334
ULBP3,gene,15335
SLC25A29,gene,15336
GTF2F2,gene,15337
TMPRSS6,gene,15338
CYP4A22,gene,15339
VPS35,gene,15340
AAGAB,gene,15341
DCUN1D4,gene,15342
KANK4,gene,15343
BAK1,gene,15344
IL5RA,gene,15345
NEFM,gene,15346
NRAS,gene,15347
E2F6,gene,15348
INO80B,gene,15349
BDKRB2,gene,15350
RPS21,gene,15351
MYL12A,gene,15352
ST8SIA4,gene,15353
FAM186A,gene,15354
DOCK6,gene,15355
CACUL1,gene,15356
RFC4,gene,15357
RBM34,gene,15358
CIDEB,gene,15359
NACC1,gene,15360
MRAP,gene,15361
SBK2,gene,15362
PDLIM5,gene,15363
VMA21,gene,15364
LZTS1,gene,15365
CDC20B,gene,15366
OR14K1,gene,15367
AQR,gene,15368
UBE2D2,gene,15369
ZNF385C,gene,15370
ADARB1,gene,15371
ATP6V0C,gene,15372
TCIM,gene,15373
KEL,gene,15374
HMGB1,gene,15375
ZNRF4,gene,15376
PSIP1,gene,15377
RGPD3,gene,15378
CCNC,gene,15379
EFNA3,gene,15380
EVI2A,gene,15381
RARRES1,gene,15382
FAM133B,gene,15383
SLC16A1,gene,15384
TAF4,gene,15385
EXOC3L1,gene,15386
XK,gene,15387
ZNF561,gene,15388
EDDM13,gene,15389
KIDINS220,gene,15390
NCBP2AS2,gene,15391
CXCL8,gene,15392
HIVEP1,gene,15393
NPIPB4,gene,15394
TBC1D14,gene,15395
LIME1,gene,15396
DEFB135,gene,15397
PPP5C,gene,15398
XCR1,gene,15399
DHCR7,gene,15400
ATP6V0A4,gene,15401
NMI,gene,15402
DGKD,gene,15403
LRRC66,gene,15404
LRRN2,gene,15405
CFAP68,gene,15406
ADAP1,gene,15407
RITA1,gene,15408
C20orf173,gene,15409
MAGOHB,gene,15410
ANKRD44,gene,15411
JCAD,gene,15412
ELL,gene,15413
CRLS1,gene,15414
CD8B2,gene,15415
CYP4B1,gene,15416
MPPED2,gene,15417
PPP4R3C,gene,15418
CHURC1,gene,15419
CTNNA3,gene,15420
CCPG1,gene,15421
MED27,gene,15422
PRPS2,gene,15423
C9orf72,gene,15424
BICDL2,gene,15425
ZNF334,gene,15426
MMP17,gene,15427
SULT2A1,gene,15428
THEMIS,gene,15429
RB1,gene,15430
NETO2,gene,15431
SELENOO,gene,15432
PHYKPL,gene,15433
AGFG2,gene,15434
SAMD12,gene,15435
ANK1,gene,15436
SCARF1,gene,15437
TDP2,gene,15438
FBXO24,gene,15439
RNF135,gene,15440
MSANTD4,gene,15441
IDI2,gene,15442
EEF2,gene,15443
PAIP1,gene,15444
RPS10,gene,15445
RHBDF1,gene,15446
RFXANK,gene,15447
FAM236B,gene,15448
ZNF575,gene,15449
OTULINL,gene,15450
PRSS41,gene,15451
ABCC11,gene,15452
SNX14,gene,15453
PIK3CB,gene,15454
ING1,gene,15455
GPC1,gene,15456
LYRM7,gene,15457
SP110,gene,15458
PARP1,gene,15459
CCN1,gene,15460
WNT9B,gene,15461
C21orf62,gene,15462
CTSK,gene,15463
CCNL2,gene,15464
SPATA46,gene,15465
TRIM26,gene,15466
IBSP,gene,15467
SLC30A10,gene,15468
PON3,gene,15469
PDAP1,gene,15470
UNC5B,gene,15471
IRGM,gene,15472
DUSP1,gene,15473
GPX8,gene,15474
GDF7,gene,15475
LMAN2,gene,15476
H4C3,gene,15477
OR1L8,gene,15478
BAG6,gene,15479
PCMTD1,gene,15480
VPS11,gene,15481
PDE9A,gene,15482
KCNK3,gene,15483
CTTN,gene,15484
FBXL20,gene,15485
FSD1L,gene,15486
RPL34,gene,15487
PF4,gene,15488
TUT1,gene,15489
TPBGL,gene,15490
ASAH1,gene,15491
CXCL11,gene,15492
IRGQ,gene,15493
PBX2,gene,15494
EPPK1,gene,15495
ST3GAL1,gene,15496
KCNK10,gene,15497
TAAR1,gene,15498
LRRC4B,gene,15499
BTBD17,gene,15500
ANKRD20A1,gene,15501
BMP10,gene,15502
TBC1D5,gene,15503
DPY19L1,gene,15504
FBXO4,gene,15505
NDUFB2,gene,15506
CARS1,gene,15507
METTL25,gene,15508
CLN8,gene,15509
EPSTI1,gene,15510
NUDT7,gene,15511
CD1B,gene,15512
CRYGA,gene,15513
AGO3,gene,15514
HAND1,gene,15515
CTAG2,gene,15516
CCDC62,gene,15517
EEF1A2,gene,15518
TOMM22,gene,15519
SH3PXD2A,gene,15520
CMAS,gene,15521
ZNF446,gene,15522
ABCG1,gene,15523
RAB40AL,gene,15524
GTF3C2,gene,15525
TRADD,gene,15526
MIX23,gene,15527
DHRS13,gene,15528
ASXL1,gene,15529
SH3D19,gene,15530
OSBP,gene,15531
TMEM121,gene,15532
ZAP70,gene,15533
WAC,gene,15534
MILR1,gene,15535
ISYNA1,gene,15536
AKTIP,gene,15537
ZWINT,gene,15538
PCSK4,gene,15539
LAMTOR4,gene,15540
NUAK1,gene,15541
OR2Z1,gene,15542
CCDC192,gene,15543
IFNA21,gene,15544
GRAMD2B,gene,15545
BCAT2,gene,15546
UBE2W,gene,15547
CLK2,gene,15548
KDM5A,gene,15549
CADPS,gene,15550
DCST2,gene,15551
UNC79,gene,15552
UGT2A3,gene,15553
PHLDA3,gene,15554
LYZL2,gene,15555
SLC25A19,gene,15556
GSC2,gene,15557
MAD2L1BP,gene,15558
FBXO6,gene,15559
CLEC18B,gene,15560
DNAJC17,gene,15561
ATAD2B,gene,15562
LY6G6D,gene,15563
COLQ,gene,15564
PRRC1,gene,15565
NLRX1,gene,15566
RPIA,gene,15567
NAA20,gene,15568
CAPN5,gene,15569
GCC1,gene,15570
KDM4C,gene,15571
MAP1LC3C,gene,15572
DNAJB5,gene,15573
PIGA,gene,15574
TPTE2,gene,15575
ZNF391,gene,15576
WDR45B,gene,15577
FAM120C,gene,15578
CPA6,gene,15579
CALCOCO2,gene,15580
DENND2B,gene,15581
SEPTIN10,gene,15582
AADACL3,gene,15583
ZNF524,gene,15584
THAP12,gene,15585
CACNA2D2,gene,15586
KLHL36,gene,15587
GEMIN4,gene,15588
PPIE,gene,15589
SPOCK3,gene,15590
DZIP1L,gene,15591
DCAF8L1,gene,15592
SAP30L,gene,15593
INTS4,gene,15594
SENP1,gene,15595
RBPMS,gene,15596
AMMECR1,gene,15597
TPM4,gene,15598
CFD,gene,15599
TOP1,gene,15600
PCDH19,gene,15601
UBXN2B,gene,15602
EML3,gene,15603
PTPRB,gene,15604
TFCP2,gene,15605
OR6T1,gene,15606
TCF15,gene,15607
RANGRF,gene,15608
CYP2D6,gene,15609
TLK2,gene,15610
FKBP5,gene,15611
H2BC14,gene,15612
CLDN8,gene,15613
SLITRK4,gene,15614
PELO,gene,15615
DPPA5,gene,15616
EBPL,gene,15617
TP53TG5,gene,15618
CTCF,gene,15619
CCDC148,gene,15620
ALG11,gene,15621
AKAP8L,gene,15622
AURKAIP1,gene,15623
ZSWIM1,gene,15624
CAST,gene,15625
PRKAG3,gene,15626
SOX13,gene,15627
TLCD1,gene,15628
ZSCAN21,gene,15629
RPA4,gene,15630
G6PD,gene,15631
ENDOV,gene,15632
NANOS3,gene,15633
POLR2K,gene,15634
PLPP3,gene,15635
CTDP1,gene,15636
PLAAT5,gene,15637
CR1L,gene,15638
ESS2,gene,15639
QRSL1,gene,15640
C8A,gene,15641
EMSY,gene,15642
KYNU,gene,15643
ARFGAP1,gene,15644
GDE1,gene,15645
GMNN,gene,15646
ANKRD13D,gene,15647
CCDC38,gene,15648
NDUFA12,gene,15649
NT5DC3,gene,15650
DPH6,gene,15651
TEDC1,gene,15652
AKR1A1,gene,15653
ANKFY1,gene,15654
ZNF280C,gene,15655
DEFB106A,gene,15656
CABP4,gene,15657
NUDT15,gene,15658
IRX3,gene,15659
TXNL1,gene,15660
ZNF646,gene,15661
ICE1,gene,15662
ZNF74,gene,15663
TNFRSF14,gene,15664
SLC27A6,gene,15665
AREG,gene,15666
DCDC2B,gene,15667
USP21,gene,15668
DEFB132,gene,15669
PGAP4,gene,15670
DDX39A,gene,15671
UBLCP1,gene,15672
APEX1,gene,15673
B3GALT6,gene,15674
DRC7,gene,15675
WDR24,gene,15676
CYSRT1,gene,15677
PAQR3,gene,15678
DBN1,gene,15679
TMEM45A,gene,15680
NHLH1,gene,15681
TMOD2,gene,15682
COL1A2,gene,15683
FBXO5,gene,15684
MAFG,gene,15685
CLPP,gene,15686
BCAT1,gene,15687
PCDHB12,gene,15688
GABARAPL2,gene,15689
HTRA4,gene,15690
MOB1A,gene,15691
LDAH,gene,15692
NR1I3,gene,15693
C2CD4C,gene,15694
SMIM30,gene,15695
SYNJ2BP,gene,15696
KCNE1,gene,15697
RWDD3,gene,15698
AQP1,gene,15699
PACSIN3,gene,15700
SLC2A4RG,gene,15701
CIRBP,gene,15702
ACE,gene,15703
ZNF573,gene,15704
PIWIL1,gene,15705
SMAD5,gene,15706
SLC5A7,gene,15707
WNT1,gene,15708
USP36,gene,15709
HOOK2,gene,15710
BTN3A1,gene,15711
EPB41L4B,gene,15712
RPL26L1,gene,15713
PAQR4,gene,15714
HDGFL1,gene,15715
RCVRN,gene,15716
C6orf15,gene,15717
MAP10,gene,15718
SCAND3,gene,15719
ZNF700,gene,15720
RAD54B,gene,15721
COA7,gene,15722
GLUD1,gene,15723
SENP3,gene,15724
HDLBP,gene,15725
EFHD2,gene,15726
CDC6,gene,15727
AMY1A,gene,15728
ST6GAL1,gene,15729
SFRP5,gene,15730
NEK9,gene,15731
KRTAP9-4,gene,15732
CHAF1A,gene,15733
KCNC2,gene,15734
GPR137,gene,15735
GBF1,gene,15736
KIF23,gene,15737
GLRB,gene,15738
SNRNP70,gene,15739
ERP29,gene,15740
MIER2,gene,15741
OR4C16,gene,15742
NHERF4,gene,15743
FUCA1,gene,15744
VAMP3,gene,15745
CNR2,gene,15746
ATP6V1A,gene,15747
HMGCS2,gene,15748
PRR35,gene,15749
H2AC21,gene,15750
GAGE12J,gene,15751
TAP1,gene,15752
CAB39,gene,15753
RNF216,gene,15754
KDM7A,gene,15755
PGM1,gene,15756
LGR4,gene,15757
MS4A2,gene,15758
GABRE,gene,15759
SCGB1C1,gene,15760
SLC25A20,gene,15761
PTPN23,gene,15762
RNF139,gene,15763
WNT3A,gene,15764
PIP5K1B,gene,15765
ZC3H7B,gene,15766
VPREB1,gene,15767
JOSD1,gene,15768
SLC35E4,gene,15769
OR51E2,gene,15770
AMPD1,gene,15771
TAS2R31,gene,15772
GPR21,gene,15773
KCNAB2,gene,15774
SLC35A1,gene,15775
YY2,gene,15776
PSKH1,gene,15777
TRIP13,gene,15778
LLPH,gene,15779
UCHL5,gene,15780
ERVMER34-1,gene,15781
MAP3K3,gene,15782
TBC1D9,gene,15783
PHETA1,gene,15784
CHCHD5,gene,15785
ZNF121,gene,15786
FGFBP1,gene,15787
CALB2,gene,15788
POTEI,gene,15789
RASGEF1C,gene,15790
DEFA3,gene,15791
FKBP8,gene,15792
CALML5,gene,15793
AMDHD1,gene,15794
SPRYD7,gene,15795
HPGDS,gene,15796
OR6Q1,gene,15797
DMRTC2,gene,15798
TCP11X1,gene,15799
MAPK12,gene,15800
SLC30A5,gene,15801
FOXJ3,gene,15802
ALDH5A1,gene,15803
LYN,gene,15804
DCUN1D2,gene,15805
SPATA9,gene,15806
NRK,gene,15807
SCN2B,gene,15808
RNASEK,gene,15809
DNAAF9,gene,15810
PNMA8B,gene,15811
ZNF534,gene,15812
SEPTIN2,gene,15813
SLC27A4,gene,15814
SANBR,gene,15815
POLDIP2,gene,15816
EPS8L2,gene,15817
KCNJ8,gene,15818
TMEM260,gene,15819
RNF103,gene,15820
ATP2C1,gene,15821
FGFRL1,gene,15822
SOX5,gene,15823
SLC7A5,gene,15824
MAB21L4,gene,15825
MAB21L2,gene,15826
DRG2,gene,15827
SIAH2,gene,15828
OR13A1,gene,15829
LIPM,gene,15830
ZNF747,gene,15831
PRSS56,gene,15832
DRP2,gene,15833
SCAF1,gene,15834
PAXX,gene,15835
VPS26A,gene,15836
GAGE1,gene,15837
HEPH,gene,15838
NUTM2B,gene,15839
TPPP3,gene,15840
PHF5A,gene,15841
CNTN2,gene,15842
ENKD1,gene,15843
TAF5,gene,15844
RUVBL1,gene,15845
CPA1,gene,15846
OR52D1,gene,15847
CHAC1,gene,15848
BEND2,gene,15849
LRRK1,gene,15850
CSAG2,gene,15851
CBX4,gene,15852
WDR83,gene,15853
SCEL,gene,15854
ZNF44,gene,15855
VWA7,gene,15856
SOD2,gene,15857
SLITRK2,gene,15858
SULT1A2,gene,15859
CT45A8,gene,15860
OR10A4,gene,15861
FAM162B,gene,15862
NFKBIE,gene,15863
C2orf74,gene,15864
CLEC2L,gene,15865
C16orf82,gene,15866
PTPRM,gene,15867
LRRC41,gene,15868
DET1,gene,15869
OR2D3,gene,15870
KIFC3,gene,15871
IFI16,gene,15872
ZNF592,gene,15873
ZSCAN32,gene,15874
DNAJB14,gene,15875
KRTCAP3,gene,15876
MRGPRX1,gene,15877
PIK3R5,gene,15878
SEMA4B,gene,15879
AFG1L,gene,15880
NUP42,gene,15881
INA,gene,15882
OVCA2,gene,15883
BCL2L2-PABPN1,gene,15884
FAM9B,gene,15885
DDX53,gene,15886
OR51F2,gene,15887
PRAMEF20,gene,15888
ZNF614,gene,15889
YIPF5,gene,15890
FAM90A18,gene,15891
ANKRD36B,gene,15892
SCYGR6,gene,15893
ZNF648,gene,15894
SLC9A6,gene,15895
NRARP,gene,15896
DMPK,gene,15897
CAPZA1,gene,15898
HECW1,gene,15899
TP53TG3B,gene,15900
NAA80,gene,15901
CHIA,gene,15902
GREM2,gene,15903
APOBEC3H,gene,15904
CA1,gene,15905
WDR25,gene,15906
ZDHHC22,gene,15907
CHAC2,gene,15908
COL3A1,gene,15909
ARMC8,gene,15910
HSPA1A,gene,15911
TRIM63,gene,15912
ZIK1,gene,15913
PTGR1,gene,15914
RGS18,gene,15915
IGFN1,gene,15916
GALNT17,gene,15917
RPL27A,gene,15918
PECAM1,gene,15919
RNASE10,gene,15920
NENF,gene,15921
CD99,gene,15922
FMNL1,gene,15923
PRPSAP2,gene,15924
TRIM17,gene,15925
GTPBP10,gene,15926
MCTP1,gene,15927
LCN9,gene,15928
NPIPB5,gene,15929
RPL10A,gene,15930
PTBP3,gene,15931
ANKS4B,gene,15932
SNAP29,gene,15933
MAP3K21,gene,15934
RPL9,gene,15935
RSPH10B,gene,15936
NAPA,gene,15937
H3-4,gene,15938
DYRK1B,gene,15939
PSTPIP1,gene,15940
IZUMO3,gene,15941
ZNF273,gene,15942
MEI4,gene,15943
C1S,gene,15944
CD81,gene,15945
SLC37A4,gene,15946
CRISPLD1,gene,15947
WT1,gene,15948
ZFAND4,gene,15949
NSMCE4A,gene,15950
UBXN11,gene,15951
MLLT11,gene,15952
PRCP,gene,15953
KCTD13,gene,15954
SPATA17,gene,15955
MYLK4,gene,15956
FAM168A,gene,15957
CREM,gene,15958
REEP1,gene,15959
RAPSN,gene,15960
CT45A7,gene,15961
TMEM116,gene,15962
TMEM199,gene,15963
PRICKLE4,gene,15964
NKRF,gene,15965
TRAPPC10,gene,15966
SMIM36,gene,15967
UBE2G2,gene,15968
MTF1,gene,15969
OR2T6,gene,15970
FKBP11,gene,15971
APH1B,gene,15972
SYNE1,gene,15973
SCRT2,gene,15974
BRD9,gene,15975
CLEC4D,gene,15976
EMC9,gene,15977
TREX1,gene,15978
CCDC40,gene,15979
KDM1A,gene,15980
OTUD1,gene,15981
THAP8,gene,15982
HECW2,gene,15983
SAMD5,gene,15984
CFL1,gene,15985
SERPINC1,gene,15986
NDUFB7,gene,15987
ZNG1A,gene,15988
THRA,gene,15989
DCXR,gene,15990
C2orf76,gene,15991
BTD,gene,15992
TXNRD2,gene,15993
IGLON5,gene,15994
TMEM17,gene,15995
GSX2,gene,15996
CNOT9,gene,15997
FARS2,gene,15998
ATXN7L1,gene,15999
ZXDB,gene,16000
ZNF735,gene,16001
NLRP6,gene,16002
ACSM2B,gene,16003
DHX38,gene,16004
IL21R,gene,16005
PIK3IP1,gene,16006
LAMTOR2,gene,16007
CNTN5,gene,16008
FXYD3,gene,16009
CST7,gene,16010
P2RY11,gene,16011
GOLGA7B,gene,16012
RTKN2,gene,16013
CAPN7,gene,16014
HYCC2,gene,16015
CFAP107,gene,16016
HIBADH,gene,16017
CRYGB,gene,16018
NRBP2,gene,16019
PSMB3,gene,16020
LIX1,gene,16021
CD247,gene,16022
GTF2H2,gene,16023
COL4A5,gene,16024
LY96,gene,16025
FAT3,gene,16026
DIAPH2,gene,16027
SLC8B1,gene,16028
ESRP1,gene,16029
TMEM67,gene,16030
CD4,gene,16031
CD70,gene,16032
ACTMAP,gene,16033
CBX7,gene,16034
ACTN4,gene,16035
MUC4,gene,16036
MT-ND5,gene,16037
CCDC89,gene,16038
SV2C,gene,16039
PNLDC1,gene,16040
LRIT1,gene,16041
EVX1,gene,16042
CCDC6,gene,16043
MAPT,gene,16044
TNNI1,gene,16045
CCL5,gene,16046
C11orf96,gene,16047
APOF,gene,16048
CTTNBP2,gene,16049
SNX5,gene,16050
PDE1A,gene,16051
CCDC42,gene,16052
ENOX1,gene,16053
CYB5D1,gene,16054
CSMD3,gene,16055
TEX12,gene,16056
MYH4,gene,16057
CNGA3,gene,16058
TRAPPC2L,gene,16059
PHACTR4,gene,16060
ZNF324,gene,16061
AGTR2,gene,16062
HRCT1,gene,16063
SAA2,gene,16064
EIF5AL1,gene,16065
PFAS,gene,16066
CNBD2,gene,16067
ACSS2,gene,16068
SLCO3A1,gene,16069
NRIP1,gene,16070
SDK2,gene,16071
AP4M1,gene,16072
FCRLB,gene,16073
KCNJ5,gene,16074
ERN1,gene,16075
TMCO4,gene,16076
OR5H2,gene,16077
MRPL38,gene,16078
SMC6,gene,16079
TCF24,gene,16080
ARL6IP6,gene,16081
CT45A2,gene,16082
H2AC7,gene,16083
C9orf78,gene,16084
KLF16,gene,16085
TSGA13,gene,16086
EXO1,gene,16087
TNFRSF4,gene,16088
ZNF257,gene,16089
CYRIA,gene,16090
DCLK3,gene,16091
ZKSCAN5,gene,16092
ZDHHC9,gene,16093
AMY1B,gene,16094
SLC39A9,gene,16095
PYCR3,gene,16096
NOP10,gene,16097
ZNF223,gene,16098
IQCN,gene,16099
FAM161B,gene,16100
MTERF3,gene,16101
SMARCD3,gene,16102
PFKFB1,gene,16103
OSCAR,gene,16104
TM9SF4,gene,16105
UBE2G1,gene,16106
CARD19,gene,16107
NUDT10,gene,16108
APOL2,gene,16109
GRIA1,gene,16110
ECI1,gene,16111
ZBTB22,gene,16112
BNC1,gene,16113
EPO,gene,16114
KLHDC7B,gene,16115
SLC16A8,gene,16116
VAV3,gene,16117
ESR1,gene,16118
ITGAL,gene,16119
PRICKLE1,gene,16120
ZNF503,gene,16121
DLG4,gene,16122
UBXN4,gene,16123
KLHL29,gene,16124
GEM,gene,16125
HBP1,gene,16126
FAM117B,gene,16127
NKX6-3,gene,16128
RDX,gene,16129
DLST,gene,16130
FAM118A,gene,16131
NOL7,gene,16132
MYLK3,gene,16133
PPDPF,gene,16134
DCAF1,gene,16135
MPP1,gene,16136
EYA3,gene,16137
OR2AG2,gene,16138
LTB,gene,16139
GPATCH2L,gene,16140
CHRM3,gene,16141
TTLL5,gene,16142
GK,gene,16143
LZTS2,gene,16144
IARS2,gene,16145
ZXDC,gene,16146
ELF2,gene,16147
MEPE,gene,16148
MROH2B,gene,16149
MLLT10,gene,16150
RAD51,gene,16151
TUBGCP4,gene,16152
PPFIA3,gene,16153
LAT2,gene,16154
TMEM35A,gene,16155
TEX53,gene,16156
PAF1,gene,16157
DRICH1,gene,16158
IGSF3,gene,16159
LBX2,gene,16160
OR6X1,gene,16161
ELOVL6,gene,16162
CHST5,gene,16163
TOMT,gene,16164
ATP6V1D,gene,16165
AP3M1,gene,16166
TIGAR,gene,16167
MIPOL1,gene,16168
DEXI,gene,16169
EML4,gene,16170
SCYGR8,gene,16171
SRA1,gene,16172
RPL35,gene,16173
MARK2,gene,16174
GPNMB,gene,16175
ACTRT3,gene,16176
SFXN1,gene,16177
DPH1,gene,16178
CYP2A6,gene,16179
CCDC8,gene,16180
ERMAP,gene,16181
IZUMO4,gene,16182
PYY,gene,16183
THSD4,gene,16184
TTC19,gene,16185
POLE3,gene,16186
SLC29A3,gene,16187
RBM14-RBM4,gene,16188
RRH,gene,16189
C10orf71,gene,16190
TMEM225B,gene,16191
IP6K3,gene,16192
DEDD2,gene,16193
CCDC174,gene,16194
RNASE3,gene,16195
XRCC6,gene,16196
RAMP3,gene,16197
BFSP2,gene,16198
FSCN3,gene,16199
KLHL2,gene,16200
ZNF142,gene,16201
RBM10,gene,16202
IDH3B,gene,16203
CMA1,gene,16204
ACY3,gene,16205
HSD17B11,gene,16206
FGF17,gene,16207
NSG2,gene,16208
PAM,gene,16209
IGSF1,gene,16210
H2AC1,gene,16211
RHAG,gene,16212
RP2,gene,16213
SHROOM4,gene,16214
ZNF232,gene,16215
INSL6,gene,16216
CLEC19A,gene,16217
ALLC,gene,16218
GYPC,gene,16219
UTP14A,gene,16220
APOD,gene,16221
SNCG,gene,16222
WNT8B,gene,16223
MIP,gene,16224
CYP11A1,gene,16225
ATP6V1F,gene,16226
PPP1R3D,gene,16227
EIF2B1,gene,16228
SNCAIP,gene,16229
TTC3,gene,16230
RHOV,gene,16231
MFNG,gene,16232
ADGRG2,gene,16233
BEX2,gene,16234
FAM229A,gene,16235
TMEM245,gene,16236
PRELP,gene,16237
PROX2,gene,16238
FBXO8,gene,16239
OSTF1,gene,16240
RNASE2,gene,16241
CARNMT1,gene,16242
SPANXA1,gene,16243
LILRA2,gene,16244
USP17L18,gene,16245
IFNAR2-IL10RB,gene,16246
CXorf38,gene,16247
GLCE,gene,16248
TAB2,gene,16249
CAMK1D,gene,16250
LEPROTL1,gene,16251
ZNF611,gene,16252
TSPAN17,gene,16253
ZHX1,gene,16254
CLDN1,gene,16255
RASAL2,gene,16256
KRTAP1-4,gene,16257
GLYR1,gene,16258
FBXO21,gene,16259
LAMB3,gene,16260
ZC3H15,gene,16261
RAB1A,gene,16262
BCR,gene,16263
C3orf85,gene,16264
SYNJ2BP-COX16,gene,16265
ARL13A,gene,16266
TMEM131L,gene,16267
PLXNB1,gene,16268
DYDC1,gene,16269
IRF8,gene,16270
FBN1,gene,16271
SSBP3,gene,16272
PPP1R9B,gene,16273
SLFN5,gene,16274
ADORA2A,gene,16275
TIMM8B,gene,16276
APOL6,gene,16277
ARHGAP21,gene,16278
NDUFB1,gene,16279
PDLIM4,gene,16280
CCDC138,gene,16281
CNGA2,gene,16282
MPZ,gene,16283
TRAIP,gene,16284
RUNX2,gene,16285
OPLAH,gene,16286
NFKB1,gene,16287
OR2S2,gene,16288
PDRG1,gene,16289
ZCCHC13,gene,16290
KRTAP4-7,gene,16291
EDA,gene,16292
AP5M1,gene,16293
ZNF3,gene,16294
PBX4,gene,16295
RBM11,gene,16296
IFI44,gene,16297
LARS2,gene,16298
RAB28,gene,16299
ZFYVE28,gene,16300
RIPPLY1,gene,16301
SLC30A3,gene,16302
RANBP6,gene,16303
BIN2,gene,16304
ZNF484,gene,16305
ASCL4,gene,16306
HERC1,gene,16307
PCDHGA10,gene,16308
TENT5B,gene,16309
TNFAIP3,gene,16310
KCNK5,gene,16311
OTX2,gene,16312
NFILZ,gene,16313
DEFB136,gene,16314
COL14A1,gene,16315
SETD6,gene,16316
PAK5,gene,16317
LGALS1,gene,16318
PARN,gene,16319
BMPR2,gene,16320
UBE2H,gene,16321
STARD7,gene,16322
DHX36,gene,16323
CD180,gene,16324
CREB1,gene,16325
KLHDC1,gene,16326
ANK2,gene,16327
KRTAP29-1,gene,16328
AKR1B10,gene,16329
PAGE3,gene,16330
CCDC28B,gene,16331
RAD17,gene,16332
TRIM38,gene,16333
FCRL1,gene,16334
KLC4,gene,16335
POLA2,gene,16336
ZNF454,gene,16337
TRIM72,gene,16338
PATL2,gene,16339
DHX8,gene,16340
OR2H2,gene,16341
IFIH1,gene,16342
HUS1B,gene,16343
SLIT2,gene,16344
TBXAS1,gene,16345
ATL1,gene,16346
AMN,gene,16347
SIMC1,gene,16348
SCUBE3,gene,16349
TAS2R5,gene,16350
RPL24,gene,16351
CTNS,gene,16352
MTA2,gene,16353
C5orf34,gene,16354
NTRK1,gene,16355
SUPT7L,gene,16356
KRTAP10-10,gene,16357
FHL2,gene,16358
HESX1,gene,16359
SLC22A6,gene,16360
RIMS4,gene,16361
NSG1,gene,16362
LRRC46,gene,16363
ACAP2,gene,16364
NELL1,gene,16365
PTPRE,gene,16366
SHMT1,gene,16367
CENPK,gene,16368
FASTKD2,gene,16369
BOP1,gene,16370
OR51E1,gene,16371
FNDC11,gene,16372
SPTBN4,gene,16373
PPP1R42,gene,16374
GDI2,gene,16375
RNF185,gene,16376
XCL2,gene,16377
SPATA33,gene,16378
TMEM98,gene,16379
CEACAM19,gene,16380
PCDHGC4,gene,16381
PDP1,gene,16382
ZNF687,gene,16383
DTX3,gene,16384
ORC4,gene,16385
ZDHHC6,gene,16386
ZNFX1,gene,16387
HTD2,gene,16388
MAP3K4,gene,16389
STAT2,gene,16390
OARD1,gene,16391
NXPH2,gene,16392
GJC2,gene,16393
NEK3,gene,16394
ZSCAN31,gene,16395
PMP2,gene,16396
NUTM2F,gene,16397
MUS81,gene,16398
GOLGA8M,gene,16399
CEP192,gene,16400
TIMM50,gene,16401
TRAPPC6A,gene,16402
RBP7,gene,16403
AKR7A3,gene,16404
GSTCD,gene,16405
ACSL6,gene,16406
KIF18B,gene,16407
RGS7BP,gene,16408
COX19,gene,16409
RFTN1,gene,16410
STRC,gene,16411
EID2B,gene,16412
DMWD,gene,16413
OR2A25,gene,16414
NAALADL2,gene,16415
PSMD12,gene,16416
ASZ1,gene,16417
MCAT,gene,16418
PDGFB,gene,16419
WTAP,gene,16420
ALDH1A3,gene,16421
PAMR1,gene,16422
FGF5,gene,16423
POU6F2,gene,16424
GATA4,gene,16425
CDC23,gene,16426
PKHD1,gene,16427
GANAB,gene,16428
NDNF,gene,16429
BRWD1,gene,16430
TNP2,gene,16431
AKIRIN2,gene,16432
ZDHHC20,gene,16433
NEK6,gene,16434
MDP1,gene,16435
OR4A15,gene,16436
OVCH1,gene,16437
MINPP1,gene,16438
TRIM51G,gene,16439
ZNF813,gene,16440
RASGEF1B,gene,16441
SRSF6,gene,16442
RPL18,gene,16443
CUL4A,gene,16444
WDR75,gene,16445
KPNB1,gene,16446
PAK6,gene,16447
ADGRL4,gene,16448
KMT5C,gene,16449
FGA,gene,16450
EFHB,gene,16451
ZFP62,gene,16452
C2orf50,gene,16453
CHST7,gene,16454
E2F8,gene,16455
PEX10,gene,16456
PLK2,gene,16457
ANGPTL2,gene,16458
DYNLT2B,gene,16459
GOLM2,gene,16460
ZNF610,gene,16461
RALGPS2,gene,16462
MRPL37,gene,16463
SLFN11,gene,16464
UCP1,gene,16465
ELN,gene,16466
CTAGE9,gene,16467
NDUFAF1,gene,16468
OXLD1,gene,16469
KPNA5,gene,16470
COG2,gene,16471
SPCS2,gene,16472
CCL1,gene,16473
FOXS1,gene,16474
ZNF669,gene,16475
GKAP1,gene,16476
KRT12,gene,16477
IL11,gene,16478
AHNAK2,gene,16479
PNPLA2,gene,16480
ZNF75A,gene,16481
UBA6,gene,16482
C21orf140,gene,16483
ZBTB9,gene,16484
MALRD1,gene,16485
C11orf42,gene,16486
LXN,gene,16487
GFI1,gene,16488
RPS5,gene,16489
BBS7,gene,16490
KIAA2026,gene,16491
GPR68,gene,16492
METTL23,gene,16493
ABCF2-H2BK1,gene,16494
C1orf131,gene,16495
CHRNA1,gene,16496
DMAC1,gene,16497
PSMD13,gene,16498
DEDD,gene,16499
SDHA,gene,16500
TMEM184C,gene,16501
ARFGEF2,gene,16502
UPF3B,gene,16503
ZNF644,gene,16504
CCT6A,gene,16505
VWCE,gene,16506
MYEOV,gene,16507
ADNP,gene,16508
MRPS18C,gene,16509
TAL2,gene,16510
C14orf119,gene,16511
PDHB,gene,16512
IGFBP4,gene,16513
NOM1,gene,16514
MRM1,gene,16515
IFNB1,gene,16516
PDE4DIP,gene,16517
KCTD5,gene,16518
ARMCX1,gene,16519
ZNF436,gene,16520
TMEM97,gene,16521
ZNF574,gene,16522
APOC1,gene,16523
CD24,gene,16524
NSUN4,gene,16525
TOMM20,gene,16526
RARS1,gene,16527
MTCL1,gene,16528
FBXW10B,gene,16529
ASB4,gene,16530
CALML6,gene,16531
CENPT,gene,16532
RPS19BP1,gene,16533
DEUP1,gene,16534
LRFN2,gene,16535
PKN3,gene,16536
TCHP,gene,16537
ATP5PO,gene,16538
SUSD5,gene,16539
REV3L,gene,16540
CASQ1,gene,16541
ALG10,gene,16542
STARD13,gene,16543
STOML3,gene,16544
N4BP2L2,gene,16545
ARHGEF15,gene,16546
BOD1L2,gene,16547
COLEC10,gene,16548
HDAC2,gene,16549
C16orf92,gene,16550
DAP3,gene,16551
CBY1,gene,16552
KIF27,gene,16553
SEMG2,gene,16554
C20orf144,gene,16555
OLIG1,gene,16556
MCF2L2,gene,16557
SLC22A23,gene,16558
ODAD4,gene,16559
ZBTB5,gene,16560
CBLIF,gene,16561
PIWIL2,gene,16562
MRPS14,gene,16563
NPM2,gene,16564
PHF21A,gene,16565
PEPD,gene,16566
TCL1B,gene,16567
CFAP157,gene,16568
C19orf44,gene,16569
CFAP97D1,gene,16570
AP3S2,gene,16571
ACSL1,gene,16572
SAFB,gene,16573
IFT74,gene,16574
SH3RF2,gene,16575
ATP2A2,gene,16576
NEPRO,gene,16577
PGAP3,gene,16578
HBG2,gene,16579
ZNF621,gene,16580
MYL12B,gene,16581
HES2,gene,16582
YWHAG,gene,16583
ERG28,gene,16584
TAX1BP3,gene,16585
CDKN2AIP,gene,16586
CTHRC1,gene,16587
ADORA3,gene,16588
H2BW1,gene,16589
IGF2BP2,gene,16590
NQO2,gene,16591
APTX,gene,16592
INIP,gene,16593
BPIFB3,gene,16594
TMEM203,gene,16595
CPSF4L,gene,16596
PCP4,gene,16597
ZNF880,gene,16598
B3GALT1,gene,16599
UBE2S,gene,16600
RILP,gene,16601
GLDC,gene,16602
TMEM39A,gene,16603
LYRM9,gene,16604
KIFC1,gene,16605
ADGRE5,gene,16606
SART1,gene,16607
RBM7,gene,16608
ENTPD5,gene,16609
DEFB129,gene,16610
RSPH6A,gene,16611
PSG8,gene,16612
INAVA,gene,16613
ZNF677,gene,16614
RHOBTB2,gene,16615
ANKRD35,gene,16616
SVBP,gene,16617
GCKR,gene,16618
OTOG,gene,16619
ADAMTSL2,gene,16620
ZNF570,gene,16621
SLC29A4,gene,16622
OR2AK2,gene,16623
MAP6D1,gene,16624
MC5R,gene,16625
GART,gene,16626
ENPP4,gene,16627
IVNS1ABP,gene,16628
SLC12A8,gene,16629
KCTD12,gene,16630
ELMO3,gene,16631
C6orf47,gene,16632
CYB561,gene,16633
OR2V1,gene,16634
SDSL,gene,16635
STK17B,gene,16636
WIPI1,gene,16637
EZH1,gene,16638
CHRNB4,gene,16639
SGSM1,gene,16640
SCTR,gene,16641
RAP2C,gene,16642
OR2AT4,gene,16643
ZSCAN22,gene,16644
RNF138,gene,16645
GPR146,gene,16646
C15orf48,gene,16647
CLIC6,gene,16648
RBPJ,gene,16649
KHDC1L,gene,16650
TOR1AIP2,gene,16651
RPL11,gene,16652
TMED7-TICAM2,gene,16653
AIF1,gene,16654
LRCH4,gene,16655
DCAF10,gene,16656
LRRC45,gene,16657
KRTAP5-10,gene,16658
DXO,gene,16659
SRP9,gene,16660
RMND1,gene,16661
HRAS,gene,16662
METTL18,gene,16663
IQCH,gene,16664
OCA2,gene,16665
AKIRIN1,gene,16666
AMER1,gene,16667
SDHAF2,gene,16668
MROH7,gene,16669
OR2L3,gene,16670
MORN4,gene,16671
CD55,gene,16672
USP3,gene,16673
PLA2G4B,gene,16674
TARBP2,gene,16675
ZSWIM5,gene,16676
ADRB3,gene,16677
LPAR6,gene,16678
RETREG2,gene,16679
MAGT1,gene,16680
HNRNPH1,gene,16681
DRD5,gene,16682
DGAT1,gene,16683
NUDT4B,gene,16684
RAB30,gene,16685
MED4,gene,16686
KCNA6,gene,16687
LGI2,gene,16688
SGK3,gene,16689
ATP6V1H,gene,16690
SNAPC5,gene,16691
ARHGAP44,gene,16692
DUX4,gene,16693
H1-1,gene,16694
EPB41L3,gene,16695
STIMATE-MUSTN1,gene,16696
TTC32,gene,16697
DEFB105A,gene,16698
SLAMF6,gene,16699
LEMD3,gene,16700
AMY2A,gene,16701
SLC20A2,gene,16702
ROPN1B,gene,16703
CDK20,gene,16704
RAMP2,gene,16705
ZBTB7C,gene,16706
CCDC194,gene,16707
KANK1,gene,16708
AKIP1,gene,16709
TIA1,gene,16710
USP28,gene,16711
HNRNPA2B1,gene,16712
DEFB106B,gene,16713
ARID1B,gene,16714
RBIS,gene,16715
PER2,gene,16716
FAM114A2,gene,16717
RNASEL,gene,16718
CCDC60,gene,16719
NUP98,gene,16720
RGPD5,gene,16721
TMEM109,gene,16722
RALGAPA1,gene,16723
QRFPR,gene,16724
ARID4A,gene,16725
DHRS7B,gene,16726
BTBD9,gene,16727
SLC40A1,gene,16728
GALE,gene,16729
OR51F1,gene,16730
EGR2,gene,16731
FAT1,gene,16732
SLC25A31,gene,16733
DLX6,gene,16734
ADGRG6,gene,16735
SERPINB1,gene,16736
OR2M4,gene,16737
MOBP,gene,16738
NBAS,gene,16739
RFC3,gene,16740
ZBTB2,gene,16741
SLC25A21,gene,16742
IL2RB,gene,16743
BTBD10,gene,16744
SNX1,gene,16745
AKAIN1,gene,16746
PGAP6,gene,16747
SLC26A9,gene,16748
MAP6,gene,16749
TCERG1L,gene,16750
STMN2,gene,16751
KCNA3,gene,16752
GRIK2,gene,16753
FAU,gene,16754
PPP1R21,gene,16755
ATOH8,gene,16756
MOS,gene,16757
PCDHB13,gene,16758
HEBP2,gene,16759
TMEM272,gene,16760
DSN1,gene,16761
CORIN,gene,16762
ATP1B2,gene,16763
KRTAP10-2,gene,16764
MATK,gene,16765
CTH,gene,16766
SMG6,gene,16767
LYAR,gene,16768
ZKSCAN7,gene,16769
CCNY,gene,16770
KIAA1217,gene,16771
PGBD2,gene,16772
CFAP210,gene,16773
THUMPD1,gene,16774
CALHM1,gene,16775
ATF7IP,gene,16776
GLRA1,gene,16777
NAT14,gene,16778
NAF1,gene,16779
CAPZA2,gene,16780
PPIA,gene,16781
GOPC,gene,16782
YIPF4,gene,16783
ZNF45,gene,16784
PGLYRP3,gene,16785
ADD3,gene,16786
KLF7,gene,16787
DPYSL5,gene,16788
ASB5,gene,16789
OTUD4,gene,16790
ZKSCAN8P1,gene,16791
FAM135B,gene,16792
LTBP2,gene,16793
NPLOC4,gene,16794
NRSN2,gene,16795
LACC1,gene,16796
SNX2,gene,16797
ZBTB32,gene,16798
RBM19,gene,16799
ARMCX5-GPRASP2,gene,16800
TGIF2,gene,16801
HORMAD1,gene,16802
MAP4K1,gene,16803
AKNA,gene,16804
LAMC1,gene,16805
NTSR2,gene,16806
SPMIP8,gene,16807
GPATCH1,gene,16808
CLEC14A,gene,16809
VTCN1,gene,16810
ADAM8,gene,16811
OPN1MW,gene,16812
KAT2A,gene,16813
GNG5B,gene,16814
CFAP54,gene,16815
GUCA1C,gene,16816
ZNF844,gene,16817
H3C14,gene,16818
C5orf58,gene,16819
VSTM2L,gene,16820
TMEM131,gene,16821
GABRB2,gene,16822
MRI1,gene,16823
PDE2A,gene,16824
IGDCC4,gene,16825
RNF150,gene,16826
GPR107,gene,16827
GAPDHS,gene,16828
VIPR1,gene,16829
LIG4,gene,16830
ERLIN2,gene,16831
PRSS53,gene,16832
CAPSL,gene,16833
LPIN3,gene,16834
RBM4B,gene,16835
NOXRED1,gene,16836
TRIP4,gene,16837
LIPN,gene,16838
HS3ST3B1,gene,16839
RYBP,gene,16840
S1PR3,gene,16841
CERT1,gene,16842
TAF4B,gene,16843
OSBPL10,gene,16844
AK5,gene,16845
PPP1CB,gene,16846
TBC1D1,gene,16847
ANKRD13B,gene,16848
KLK14,gene,16849
MRTFA,gene,16850
KCNQ3,gene,16851
TANGO6,gene,16852
CELA2B,gene,16853
OR6B3,gene,16854
ZKSCAN1,gene,16855
IL4R,gene,16856
HOXB6,gene,16857
AGBL4,gene,16858
UAP1L1,gene,16859
RPL21,gene,16860
FAM13B,gene,16861
MGA,gene,16862
OR56B4,gene,16863
STX12,gene,16864
ROCK2,gene,16865
SPINK9,gene,16866
OR4A16,gene,16867
VAMP4,gene,16868
RDH13,gene,16869
GATD1,gene,16870
NALCN,gene,16871
WBP1,gene,16872
H2BC18,gene,16873
TGS1,gene,16874
TCEAL3,gene,16875
CCN3,gene,16876
PABPN1,gene,16877
DCPS,gene,16878
FOXP4,gene,16879
DEF8,gene,16880
DDIT4L,gene,16881
ARMCX5,gene,16882
DEFB123,gene,16883
TBC1D10C,gene,16884
ACSL5,gene,16885
SYCN,gene,16886
NSL1,gene,16887
APOB,gene,16888
ARHGAP31,gene,16889
CPEB4,gene,16890
UBASH3B,gene,16891
PRRG1,gene,16892
RBMS3,gene,16893
TRMT1,gene,16894
ITGAX,gene,16895
TRPC5OS,gene,16896
UCHL3,gene,16897
XCL1,gene,16898
RBM12B,gene,16899
RPL30,gene,16900
CCDC168,gene,16901
CHST14,gene,16902
RPL28,gene,16903
ZNF587B,gene,16904
MOCS2,gene,16905
SMU1,gene,16906
TK1,gene,16907
WDFY4,gene,16908
DEFB4A,gene,16909
ELANE,gene,16910
CHMP1B,gene,16911
PPP1R14D,gene,16912
PPP1R2,gene,16913
SGK2,gene,16914
SCGB1D4,gene,16915
PPIG,gene,16916
ARMC7,gene,16917
SPHK2,gene,16918
FSTL4,gene,16919
CRIP1,gene,16920
GLIS3,gene,16921
DDX43,gene,16922
ATPAF2,gene,16923
STX8,gene,16924
DENND1C,gene,16925
SFRP4,gene,16926
IRF9,gene,16927
SERHL2,gene,16928
ZFC3H1,gene,16929
RIBC1,gene,16930
CD302,gene,16931
MRFAP1L1,gene,16932
PILRA,gene,16933
FANCL,gene,16934
ANAPC7,gene,16935
PLET1,gene,16936
CYP2U1,gene,16937
EDDM3B,gene,16938
FAM83C,gene,16939
ARIH1,gene,16940
ORC6,gene,16941
JAM3,gene,16942
RBM17,gene,16943
MAP2,gene,16944
MAP2K1,gene,16945
FGF3,gene,16946
H3-3B,gene,16947
LITAF,gene,16948
TTC4,gene,16949
MOB4,gene,16950
BEND7,gene,16951
THEMIS2,gene,16952
NXF3,gene,16953
ZNF850,gene,16954
TGM6,gene,16955
TDG,gene,16956
NDUFS7,gene,16957
SFI1,gene,16958
SEMA6D,gene,16959
CENPO,gene,16960
PSG1,gene,16961
EIF6,gene,16962
OR4F29,gene,16963
TKFC,gene,16964
THRB,gene,16965
ECM2,gene,16966
ZC3H3,gene,16967
GBGT1,gene,16968
AMOT,gene,16969
PTGER1,gene,16970
MADCAM1,gene,16971
SMIM9,gene,16972
PIERCE1,gene,16973
AQP7,gene,16974
TEDDM1,gene,16975
PIGO,gene,16976
ZNF655,gene,16977
IPPK,gene,16978
SLC4A5,gene,16979
ZNG1F,gene,16980
FLG,gene,16981
RBPJL,gene,16982
ZNF229,gene,16983
POU3F4,gene,16984
MRPL24,gene,16985
SPRY3,gene,16986
CYP46A1,gene,16987
PWWP4,gene,16988
RRP15,gene,16989
AASDHPPT,gene,16990
TIMMDC1,gene,16991
ACKR1,gene,16992
GALR3,gene,16993
NCDN,gene,16994
UGT2B10,gene,16995
KCNT2,gene,16996
NCF1,gene,16997
LIPK,gene,16998
GFER,gene,16999
OR10H3,gene,17000
TNNT1,gene,17001
TRIM23,gene,17002
TF,gene,17003
GPAT4,gene,17004
ENTREP2,gene,17005
GALNT16,gene,17006
MFAP3L,gene,17007
PRR13,gene,17008
RPL17-C18orf32,gene,17009
MYO16,gene,17010
MT1X,gene,17011
SRPX,gene,17012
APOLD1,gene,17013
PXMP4,gene,17014
RAB11B,gene,17015
LCN2,gene,17016
HPS1,gene,17017
FABP4,gene,17018
FAM25A,gene,17019
HSPE1-MOB4,gene,17020
TENT5A,gene,17021
CD36,gene,17022
ADRA1A,gene,17023
OC90,gene,17024
PSMA1,gene,17025
ATP5ME,gene,17026
RPAP3,gene,17027
ZNF71,gene,17028
TYK2,gene,17029
CCDC74A,gene,17030
NIBAN3,gene,17031
TRIM39-RPP21,gene,17032
R3HCC1,gene,17033
ARHGEF11,gene,17034
CEP70,gene,17035
AHNAK,gene,17036
CLEC1B,gene,17037
MYL6B,gene,17038
RARA,gene,17039
NTN4,gene,17040
ZNF497,gene,17041
CHCHD6,gene,17042
MKRN2,gene,17043
ENPP3,gene,17044
RAB9B,gene,17045
TTPA,gene,17046
TBX1,gene,17047
LIX1L,gene,17048
BRWD3,gene,17049
SLC6A20,gene,17050
ARHGAP9,gene,17051
UPF3A,gene,17052
PRMT2,gene,17053
NCL,gene,17054
C12orf42,gene,17055
ZBED5,gene,17056
GUK1,gene,17057
TDO2,gene,17058
MAGEB6,gene,17059
SBSN,gene,17060
UGCG,gene,17061
ZNF558,gene,17062
U2SURP,gene,17063
PSEN1,gene,17064
H4C1,gene,17065
SAMD13,gene,17066
MYH6,gene,17067
MZB1,gene,17068
TNIP1,gene,17069
SSC4D,gene,17070
DNAJA3,gene,17071
PCDHGB4,gene,17072
OR51V1,gene,17073
KRTAP5-8,gene,17074
ASPH,gene,17075
EEF1AKMT3,gene,17076
ZNF564,gene,17077
TMEM63A,gene,17078
CARD8,gene,17079
CLDN5,gene,17080
RC3H2,gene,17081
ISY1-RAB43,gene,17082
PROZ,gene,17083
PRM2,gene,17084
NUDT8,gene,17085
ATCAY,gene,17086
TP53BP1,gene,17087
MED11,gene,17088
CXXC5,gene,17089
SBSPON,gene,17090
REG1A,gene,17091
DKK2,gene,17092
TBC1D3B,gene,17093
RTL4,gene,17094
TAF1D,gene,17095
GTF2A1,gene,17096
PPP1R9A,gene,17097
ZBTB7A,gene,17098
ANKRD1,gene,17099
TOX2,gene,17100
RBM26,gene,17101
SAMD9,gene,17102
GSKIP,gene,17103
GOLGA6D,gene,17104
GIGYF1,gene,17105
TAGAP,gene,17106
TKTL2,gene,17107
MRPL16,gene,17108
ANKRD63,gene,17109
RETN,gene,17110
UBA52,gene,17111
HOXC9,gene,17112
LIMD1,gene,17113
CFAP298-TCP10L,gene,17114
TEN1,gene,17115
NXF1,gene,17116
NAA60,gene,17117
HOXC13,gene,17118
KDM5B,gene,17119
DHX15,gene,17120
TNFSF4,gene,17121
CLASP2,gene,17122
SGCG,gene,17123
SNW1,gene,17124
REG1B,gene,17125
MAGEF1,gene,17126
ACAA2,gene,17127
AKAP4,gene,17128
EID2,gene,17129
TTLL9,gene,17130
HMGCLL1,gene,17131
STRAP,gene,17132
MEP1B,gene,17133
SEC14L2,gene,17134
OSCP1,gene,17135
ARC,gene,17136
GJA10,gene,17137
GABRR2,gene,17138
FAM53A,gene,17139
GUSB,gene,17140
CHRDL1,gene,17141
TMED9,gene,17142
PRKAB2,gene,17143
SLC22A15,gene,17144
GLI3,gene,17145
MRGPRX4,gene,17146
PSTK,gene,17147
EIF2S1,gene,17148
TGIF1,gene,17149
ZNF417,gene,17150
GPM6A,gene,17151
GRM2,gene,17152
TEP1,gene,17153
ZNF366,gene,17154
ACTR1B,gene,17155
TUBB4A,gene,17156
MPV17L,gene,17157
ERGIC1,gene,17158
PRAMEF9,gene,17159
NMS,gene,17160
STXBP2,gene,17161
ADGRG5,gene,17162
NANOS1,gene,17163
GPR3,gene,17164
FAM135A,gene,17165
NEURL3,gene,17166
GIN1,gene,17167
POLM,gene,17168
TRIM21,gene,17169
SRRM1,gene,17170
ZBTB47,gene,17171
RNF182,gene,17172
FOXM1,gene,17173
TMEM63C,gene,17174
ZMPSTE24,gene,17175
ABLIM3,gene,17176
ORC5,gene,17177
ARHGEF10,gene,17178
OPN4,gene,17179
EBNA1BP2,gene,17180
CARMIL1,gene,17181
IFNW1,gene,17182
SERPINA12,gene,17183
RAD52,gene,17184
CLEC18A,gene,17185
NPFFR2,gene,17186
OR52L1,gene,17187
AIFM3,gene,17188
USP4,gene,17189
NELFA,gene,17190
LILRA6,gene,17191
MRNIP,gene,17192
N6AMT1,gene,17193
TBC1D3H,gene,17194
CSRNP2,gene,17195
TGM3,gene,17196
BAX,gene,17197
DHX33,gene,17198
DAW1,gene,17199
PNPLA7,gene,17200
ABHD16A,gene,17201
PAGR1,gene,17202
CCDC159,gene,17203
QARS1,gene,17204
HDAC11,gene,17205
IL17RB,gene,17206
EBF1,gene,17207
COPS6,gene,17208
GOLGA3,gene,17209
ZFAND6,gene,17210
LRRC4C,gene,17211
LGI1,gene,17212
DPPA4,gene,17213
ZNF479,gene,17214
SERPINA9,gene,17215
ZNF48,gene,17216
PYCR1,gene,17217
C21orf91,gene,17218
HYAL3,gene,17219
EVI5L,gene,17220
POU2AF1,gene,17221
MATR3,gene,17222
FOXRED2,gene,17223
UBXN2A,gene,17224
GREP1,gene,17225
POTEB3,gene,17226
ZNF160,gene,17227
HBE1,gene,17228
GZMH,gene,17229
SIGLEC14,gene,17230
TOB2,gene,17231
ERCC6,gene,17232
ASPRV1,gene,17233
DYRK2,gene,17234
RIN1,gene,17235
YBX2,gene,17236
REM1,gene,17237
ZPBP,gene,17238
ZBTB26,gene,17239
TMEM91,gene,17240
MAU2,gene,17241
RHBDD2,gene,17242
SLC6A14,gene,17243
TBC1D3D,gene,17244
SLC35F6,gene,17245
CD82,gene,17246
LASP1,gene,17247
PCSK1N,gene,17248
SLCO2B1,gene,17249
SH3GLB2,gene,17250
EIF4E,gene,17251
PFKP,gene,17252
GALNT9,gene,17253
ST3GAL3,gene,17254
NBEAL2,gene,17255
DCAF11,gene,17256
TENT4B,gene,17257
PRY2,gene,17258
RAMAC,gene,17259
LKAAEAR1,gene,17260
ELK1,gene,17261
SH2D6,gene,17262
IQCJ,gene,17263
KRTAP19-6,gene,17264
DUOXA1,gene,17265
CXCL17,gene,17266
KRTAP21-3,gene,17267
ARL2,gene,17268
TSPEAR,gene,17269
NTAQ1,gene,17270
CDY2A,gene,17271
ZNF154,gene,17272
C17orf107,gene,17273
ZNF57,gene,17274
CPLX1,gene,17275
PLXNC1,gene,17276
PRR20G,gene,17277
GPR88,gene,17278
TMEM192,gene,17279
GBP4,gene,17280
KLHL8,gene,17281
CHKA,gene,17282
ACSM4,gene,17283
LIPG,gene,17284
EXOC1L,gene,17285
CISH,gene,17286
DNA2,gene,17287
RBCK1,gene,17288
ZNF347,gene,17289
GOLGA7,gene,17290
NPIPA5,gene,17291
DUSP29,gene,17292
ZNF385A,gene,17293
ZNF843,gene,17294
PLP2,gene,17295
SMAGP,gene,17296
LSM6,gene,17297
KCNH7,gene,17298
TMF1,gene,17299
LHX9,gene,17300
ETDA,gene,17301
OR4C11,gene,17302
CLTA,gene,17303
MYEF2,gene,17304
LRRC14,gene,17305
LHFPL2,gene,17306
GAGE12G,gene,17307
FBXL16,gene,17308
ADAM20,gene,17309
SLC18B1,gene,17310
CASP7,gene,17311
DOCK8,gene,17312
OR10AG1,gene,17313
SMIM42,gene,17314
SELENBP1,gene,17315
NRDE2,gene,17316
KANK3,gene,17317
NBPF20,gene,17318
LCE4A,gene,17319
SOAT2,gene,17320
MAGEB10,gene,17321
HSDL2,gene,17322
LCMT1,gene,17323
IRF7,gene,17324
RWDD2A,gene,17325
MGAT4B,gene,17326
ERLIN1,gene,17327
ARHGEF5,gene,17328
ROR2,gene,17329
EFCAB3,gene,17330
LRRC42,gene,17331
GPRIN1,gene,17332
SCLT1,gene,17333
R3HDM2,gene,17334
ALG1,gene,17335
ZNF567,gene,17336
WDR48,gene,17337
NIFK,gene,17338
NDUFAF8,gene,17339
ADAM2,gene,17340
AZU1,gene,17341
LRP1B,gene,17342
PYROXD1,gene,17343
UPK3BL2,gene,17344
RPS6KA6,gene,17345
MRPS25,gene,17346
SEC31A,gene,17347
SSR3,gene,17348
PLA2G15,gene,17349
LCE1A,gene,17350
ATP8B2,gene,17351
SETMAR,gene,17352
PSMC6,gene,17353
KRTAP19-5,gene,17354
PIM2,gene,17355
LHX8,gene,17356
GOLIM4,gene,17357
KCNJ12,gene,17358
CCN5,gene,17359
WTIP,gene,17360
SCAMP4,gene,17361
TRIM49B,gene,17362
NCF4,gene,17363
RPL22,gene,17364
OLFM1,gene,17365
ALCAM,gene,17366
ELSPBP1,gene,17367
PARP9,gene,17368
PLD3,gene,17369
MYL11,gene,17370
RAB10,gene,17371
SPDYE11,gene,17372
SPATA31F1,gene,17373
CIMAP2,gene,17374
FCHSD2,gene,17375
HMG20A,gene,17376
ABCA6,gene,17377
FAM187A,gene,17378
OSTN,gene,17379
DYNLT3,gene,17380
SAT2,gene,17381
SRSF5,gene,17382
DCAF6,gene,17383
RHO,gene,17384
C1QTNF3,gene,17385
THSD8,gene,17386
CLCN6,gene,17387
MFSD4B,gene,17388
MIDN,gene,17389
POP1,gene,17390
PRORP,gene,17391
RBAK,gene,17392
MRPL3,gene,17393
OR2D2,gene,17394
UTP25,gene,17395
SCX,gene,17396
GJC1,gene,17397
VIM,gene,17398
NLK,gene,17399
LUC7L2,gene,17400
CLUL1,gene,17401
DNAJC27,gene,17402
JPH1,gene,17403
ADAD2,gene,17404
MAN1A1,gene,17405
KHDRBS1,gene,17406
GCNT2,gene,17407
ABCC9,gene,17408
PCMTD2,gene,17409
NLRP13,gene,17410
CCDC200,gene,17411
IFI35,gene,17412
COPG1,gene,17413
CHST3,gene,17414
CLPSL1,gene,17415
LYPLA1,gene,17416
UBQLN3,gene,17417
ZNF737,gene,17418
CTTNBP2NL,gene,17419
ASH2L,gene,17420
SPDYE10,gene,17421
DMXL2,gene,17422
MRPS27,gene,17423
CD209,gene,17424
RRP12,gene,17425
RNLS,gene,17426
RHOBTB3,gene,17427
CALML3,gene,17428
NPAS3,gene,17429
TGFB1I1,gene,17430
RANGAP1,gene,17431
SORT1,gene,17432
HACD1,gene,17433
SLURP2,gene,17434
TTLL10,gene,17435
L3HYPDH,gene,17436
ZNF213,gene,17437
NOCT,gene,17438
STX18,gene,17439
SLA,gene,17440
MSH6,gene,17441
CES4A,gene,17442
TOP3B,gene,17443
CEP57L1,gene,17444
BABAM2,gene,17445
LAX1,gene,17446
P2RX7,gene,17447
IKZF1,gene,17448
DIS3L2,gene,17449
GLMP,gene,17450
STAU2,gene,17451
EIF5B,gene,17452
SLC10A1,gene,17453
CIB3,gene,17454
MSANTD1,gene,17455
RCC1L,gene,17456
IFNE,gene,17457
ARMC3,gene,17458
NPC1,gene,17459
NTNG2,gene,17460
PTCRA,gene,17461
FAM107A,gene,17462
IQCJ-SCHIP1,gene,17463
IER5,gene,17464
ADH6,gene,17465
SZT2,gene,17466
PARM1,gene,17467
CSNK2B,gene,17468
TRMT13,gene,17469
PCDHB5,gene,17470
IKBKE,gene,17471
MCTS2,gene,17472
PDC,gene,17473
ST3GAL5,gene,17474
ZNF222,gene,17475
SRM,gene,17476
KPNA4,gene,17477
NDEL1,gene,17478
KRTAP9-2,gene,17479
DNASE2,gene,17480
ZNF285,gene,17481
RGPD2,gene,17482
BCL2L2,gene,17483
SFPQ,gene,17484
INTS3,gene,17485
HAVCR2,gene,17486
MSH3,gene,17487
ST3GAL4,gene,17488
NAGK,gene,17489
P2RY2,gene,17490
DENND2D,gene,17491
TRIP11,gene,17492
SOCS1,gene,17493
OR5A2,gene,17494
DTD1,gene,17495
RCOR3,gene,17496
DPRX,gene,17497
ZC3H8,gene,17498
ZNF469,gene,17499
CHML,gene,17500
TMEM59L,gene,17501
RBM45,gene,17502
COPS9,gene,17503
TWF2,gene,17504
ICOSLG,gene,17505
PHOSPHO1,gene,17506
LCN1,gene,17507
ATP5F1C,gene,17508
ZNF398,gene,17509
ZFP91,gene,17510
PARP16,gene,17511
LHFPL3,gene,17512
CORO7,gene,17513
HHATL,gene,17514
CES5A,gene,17515
ACTB,gene,17516
ATP5MG,gene,17517
WDFY1,gene,17518
GUCY1B1,gene,17519
MAN2C1,gene,17520
HDHD5,gene,17521
PWWP3B,gene,17522
FAM90A20P,gene,17523
YPEL2,gene,17524
PFKFB4,gene,17525
TYW3,gene,17526
MEGF11,gene,17527
HPS3,gene,17528
BIRC2,gene,17529
WRAP73,gene,17530
MICU2,gene,17531
SPON2,gene,17532
GOLGA8A,gene,17533
C16orf90,gene,17534
GALNT1,gene,17535
PARP3,gene,17536
WDR72,gene,17537
BET1,gene,17538
PRKCI,gene,17539
RDH16,gene,17540
MOCS3,gene,17541
PGK2,gene,17542
RIPK1,gene,17543
SPHKAP,gene,17544
BCHE,gene,17545
ST6GALNAC4,gene,17546
KIAA0232,gene,17547
DCTN4,gene,17548
DMAC2L,gene,17549
ZNF625,gene,17550
NSRP1,gene,17551
PPFIA2,gene,17552
EIF5,gene,17553
MYF6,gene,17554
TCEAL2,gene,17555
CSNK1G2,gene,17556
COX14,gene,17557
C4orf51,gene,17558
SMURF1,gene,17559
VGLL4,gene,17560
CLEC5A,gene,17561
GTF2A1L,gene,17562
JAM2,gene,17563
MORC4,gene,17564
RPP40,gene,17565
OR51Q1,gene,17566
HSPA12A,gene,17567
NMT2,gene,17568
TAS2R46,gene,17569
H2AC16,gene,17570
TEX15,gene,17571
C17orf114,gene,17572
LETM2,gene,17573
MTG2,gene,17574
BATF,gene,17575
CLIP2,gene,17576
HMMR,gene,17577
SLC39A4,gene,17578
ACOT4,gene,17579
ACR,gene,17580
CYP3A5,gene,17581
HSPA1L,gene,17582
RFC1,gene,17583
ANKRD53,gene,17584
SPINT1,gene,17585
CTSC,gene,17586
SERTM1,gene,17587
RPS13,gene,17588
NEK4,gene,17589
GJB7,gene,17590
CCM2L,gene,17591
FXR1,gene,17592
NPNT,gene,17593
H2AC8,gene,17594
LZTS3,gene,17595
MED31,gene,17596
TRHR,gene,17597
CYP2C19,gene,17598
KRT2,gene,17599
SHCBP1L,gene,17600
SPANXN2,gene,17601
PRAMEF1,gene,17602
PMF1,gene,17603
LTV1,gene,17604
LEFTY2,gene,17605
TNF,gene,17606
RTL8B,gene,17607
C11orf98,gene,17608
C20orf141,gene,17609
NPRL2,gene,17610
COL9A2,gene,17611
VWA5A,gene,17612
SOX18,gene,17613
MRPL22,gene,17614
UBE2E2,gene,17615
LPIN1,gene,17616
TMEM248,gene,17617
POR,gene,17618
NCBP2,gene,17619
LRAT,gene,17620
SYNGR2,gene,17621
ZNF552,gene,17622
IZUMO2,gene,17623
GAPDH,gene,17624
RSKR,gene,17625
CCNT2,gene,17626
C1QA,gene,17627
CILP2,gene,17628
ZNF585A,gene,17629
DHRS1,gene,17630
ARHGAP28,gene,17631
GSTM3,gene,17632
PCDHGB3,gene,17633
DNAAF6,gene,17634
OR6B2,gene,17635
STK35,gene,17636
DERL1,gene,17637
TAS2R30,gene,17638
TMEM205,gene,17639
PDCD6,gene,17640
TMEM258,gene,17641
CDK17,gene,17642
SMARCAL1,gene,17643
PCDHA1,gene,17644
TMEM81,gene,17645
FSHB,gene,17646
ADGRG7,gene,17647
HCAR2,gene,17648
OR4K15,gene,17649
ANKRD29,gene,17650
PCNX2,gene,17651
LYSMD3,gene,17652
SLC66A1,gene,17653
MDK,gene,17654
SOX3,gene,17655
C1orf56,gene,17656
TEX11,gene,17657
GJD4,gene,17658
SDR42E2,gene,17659
SLFN12L,gene,17660
SESN1,gene,17661
FAM83D,gene,17662
PCED1A,gene,17663
ESCO2,gene,17664
CCDC175,gene,17665
C12orf76,gene,17666
FANCA,gene,17667
PPIL2,gene,17668
STXBP5,gene,17669
ZGPAT,gene,17670
GATD3,gene,17671
DAPL1,gene,17672
POT1,gene,17673
CYGB,gene,17674
NEK7,gene,17675
GIT1,gene,17676
GTF2IRD2,gene,17677
ALS2CL,gene,17678
PADI1,gene,17679
HNRNPCL4,gene,17680
IFT122,gene,17681
IL12A,gene,17682
TMEM71,gene,17683
MRRF,gene,17684
RPS6,gene,17685
GP2,gene,17686
PNPO,gene,17687
MPDZ,gene,17688
LRRTM1,gene,17689
CARD16,gene,17690
DDX55,gene,17691
TCF12,gene,17692
LVRN,gene,17693
TAF11L11,gene,17694
APBA1,gene,17695
TAL1,gene,17696
SLC25A41,gene,17697
OR52N1,gene,17698
OR4D5,gene,17699
ZNF197,gene,17700
GPD1L,gene,17701
SCGB2B2,gene,17702
CLDN7,gene,17703
NSUN2,gene,17704
AKAP17A,gene,17705
RHOH,gene,17706
RAB9A,gene,17707
SRGAP2C,gene,17708
PRKCE,gene,17709
ECE2,gene,17710
ZNF174,gene,17711
CAMTA2,gene,17712
OSBPL2,gene,17713
BTLA,gene,17714
SPIN1,gene,17715
ZNF185,gene,17716
C3orf84,gene,17717
VSIR,gene,17718
DEFB121,gene,17719
FGFR4,gene,17720
SMN2,gene,17721
DOCK5,gene,17722
SLC35F1,gene,17723
PLAAT2,gene,17724
EIF4G2,gene,17725
SCARA5,gene,17726
SCRN2,gene,17727
MAD1L1,gene,17728
KLK11,gene,17729
CCDC27,gene,17730
EIF3I,gene,17731
CHDH,gene,17732
CYP39A1,gene,17733
SLC5A5,gene,17734
CFAP276,gene,17735
PPY,gene,17736
DBX1,gene,17737
SAP18,gene,17738
ARL2BP,gene,17739
PRDX2,gene,17740
BOD1,gene,17741
LUZP1,gene,17742
LFNG,gene,17743
SERP2,gene,17744
MAGEC3,gene,17745
TSPAN31,gene,17746
MICAL1,gene,17747
ASPHD1,gene,17748
MTFMT,gene,17749
ZNF706,gene,17750
CHEK2,gene,17751
BECN2,gene,17752
POLD1,gene,17753
TRUB1,gene,17754
IFRD1,gene,17755
KL,gene,17756
ZNF831,gene,17757
FSCN2,gene,17758
MYDGF,gene,17759
CD33,gene,17760
NDUFA9,gene,17761
THAP11,gene,17762
ZNF416,gene,17763
TMEM167A,gene,17764
DAAM2,gene,17765
PRKAR2B,gene,17766
CRTC3,gene,17767
MON1A,gene,17768
PDLIM7,gene,17769
SPRR2F,gene,17770
KAT8,gene,17771
MAT1A,gene,17772
H3C3,gene,17773
TACR3,gene,17774
MED8,gene,17775
CTSG,gene,17776
SKOR1,gene,17777
MTSS1,gene,17778
AGAP5,gene,17779
KLF11,gene,17780
STRADA,gene,17781
TMEM200C,gene,17782
RBM3,gene,17783
SCARF2,gene,17784
SENP7,gene,17785
SLC35D1,gene,17786
DNAJC18,gene,17787
GPR31,gene,17788
VEGFB,gene,17789
TMC3,gene,17790
GRAMD1A,gene,17791
CFAP45,gene,17792
G3BP2,gene,17793
SS18,gene,17794
NOP53,gene,17795
TTLL12,gene,17796
HHLA1,gene,17797
RXRB,gene,17798
MYSM1,gene,17799
POU4F3,gene,17800
MMP10,gene,17801
TGFB1,gene,17802
LIF,gene,17803
DAD1,gene,17804
SUPT3H,gene,17805
CCDC33,gene,17806
PPP2R1B,gene,17807
ACTA1,gene,17808
RGS4,gene,17809
CKB,gene,17810
POLR3F,gene,17811
SLC25A52,gene,17812
RPL23A,gene,17813
DUSP23,gene,17814
MACIR,gene,17815
KCNJ2,gene,17816
LIMCH1,gene,17817
IFI30,gene,17818
TAC1,gene,17819
EEIG2,gene,17820
PRAMEF4,gene,17821
COL8A2,gene,17822
MUC20,gene,17823
VGLL2,gene,17824
NEURL1,gene,17825
GRIP1,gene,17826
IKBKB,gene,17827
POLN,gene,17828
HR,gene,17829
ADGRF3,gene,17830
GPER1,gene,17831
ZNF136,gene,17832
GORASP1,gene,17833
DARS2,gene,17834
RHOC,gene,17835
THAP4,gene,17836
SPECC1L,gene,17837
ASXL2,gene,17838
NHLH2,gene,17839
TES,gene,17840
GAGE13,gene,17841
CPA4,gene,17842
NPVF,gene,17843
GRM8,gene,17844
NIP7,gene,17845
RUNDC3A,gene,17846
TMEM50B,gene,17847
OR52I1,gene,17848
NAPEPLD,gene,17849
KRTAP3-1,gene,17850
PRX,gene,17851
DDT,gene,17852
SLC2A5,gene,17853
NOTCH4,gene,17854
RPN1,gene,17855
CDA,gene,17856
NUDT2,gene,17857
CMYA5,gene,17858
ZNF608,gene,17859
CLIP1,gene,17860
GPD2,gene,17861
HEMK1,gene,17862
KCNJ3,gene,17863
PMS1,gene,17864
TOLLIP,gene,17865
HSD17B6,gene,17866
PDIA3,gene,17867
PEDS1-UBE2V1,gene,17868
CPXM1,gene,17869
RNF126,gene,17870
OR51G1,gene,17871
KDM6A,gene,17872
MARK3,gene,17873
MFSD11,gene,17874
PLEKHA6,gene,17875
TIMM21,gene,17876
RPP21,gene,17877
ZNF710,gene,17878
ZNF75D,gene,17879
USP20,gene,17880
CRTC1,gene,17881
CIART,gene,17882
PHF10,gene,17883
MLPH,gene,17884
OR52N2,gene,17885
CCER2,gene,17886
APOL1,gene,17887
CDY1B,gene,17888
N4BP2,gene,17889
PRLR,gene,17890
TLX3,gene,17891
ENGASE,gene,17892
MESD,gene,17893
FSHR,gene,17894
PHF3,gene,17895
PLPPR4,gene,17896
PROC,gene,17897
CSPG5,gene,17898
TMEM38B,gene,17899
ASRGL1,gene,17900
GRIA4,gene,17901
PLCD4,gene,17902
UBQLN1,gene,17903
TCHH,gene,17904
KCTD19,gene,17905
NKX1-2,gene,17906
KCNS3,gene,17907
CUBN,gene,17908
CD59,gene,17909
VPS37B,gene,17910
ZC3H14,gene,17911
F8A2,gene,17912
PNMA5,gene,17913
CEP97,gene,17914
PRPF4,gene,17915
LRRC27,gene,17916
ENO2,gene,17917
CCDC87,gene,17918
ZNF30,gene,17919
S100A12,gene,17920
NAIF1,gene,17921
KAT5,gene,17922
LAMC2,gene,17923
HNRNPAB,gene,17924
ALX3,gene,17925
ZAR1L,gene,17926
RPL3L,gene,17927
ZMYM1,gene,17928
ZBTB24,gene,17929
RARRES2,gene,17930
IL19,gene,17931
CEP83,gene,17932
ADCY5,gene,17933
TBCE,gene,17934
SLC2A8,gene,17935
RAC3,gene,17936
USF3,gene,17937
MLF1,gene,17938
CRELD1,gene,17939
SDAD1,gene,17940
BHLHA15,gene,17941
ZMYND11,gene,17942
ALKBH3,gene,17943
POLR3A,gene,17944
TMEM269,gene,17945
SYT11,gene,17946
MSGN1,gene,17947
ASCC1,gene,17948
GALK2,gene,17949
DHODH,gene,17950
INTS11,gene,17951
GRAPL,gene,17952
PTGS2,gene,17953
DZANK1,gene,17954
GRIK5,gene,17955
CBR3,gene,17956
NXPH3,gene,17957
STING1,gene,17958
RSRC2,gene,17959
OXER1,gene,17960
NUP35,gene,17961
NAA40,gene,17962
TIGD6,gene,17963
MYPN,gene,17964
GRHL2,gene,17965
JMY,gene,17966
CASTOR2,gene,17967
OR10W1,gene,17968
FOXJ2,gene,17969
TRAPPC5,gene,17970
PXT1,gene,17971
TFAP2C,gene,17972
OSBP2,gene,17973
CFAP97,gene,17974
RUNX3,gene,17975
STT3B,gene,17976
OGT,gene,17977
ZNF616,gene,17978
GSTA4,gene,17979
SPINK8,gene,17980
CCT7,gene,17981
SERF1B,gene,17982
SLIRP,gene,17983
SAGSIN1,gene,17984
ALDOB,gene,17985
CDKAL1,gene,17986
UBE2D4,gene,17987
SRBD1,gene,17988
SLC44A2,gene,17989
MAGOH,gene,17990
AAK1,gene,17991
MCOLN3,gene,17992
TYSND1,gene,17993
ABI2,gene,17994
PEX26,gene,17995
CEACAM4,gene,17996
HYCC1,gene,17997
CFAP161,gene,17998
C10orf120,gene,17999
EPPIN-WFDC6,gene,18000
ACOT12,gene,18001
ZNF440,gene,18002
CAP2,gene,18003
F2,gene,18004
PDS5B,gene,18005
ADGRF5,gene,18006
L3MBTL1,gene,18007
LSMEM2,gene,18008
CLCN5,gene,18009
TRPC7,gene,18010
SAGE1,gene,18011
RHOA,gene,18012
NOL6,gene,18013
DNAJC11,gene,18014
OR5B12,gene,18015
DIS3L,gene,18016
GDA,gene,18017
CCDC180,gene,18018
KIR2DL4,gene,18019
ZBTB8B,gene,18020
CTCFL,gene,18021
TSPAN8,gene,18022
CCR6,gene,18023
EGFLAM,gene,18024
MGAT1,gene,18025
MT1E,gene,18026
MBD3L4,gene,18027
PTPN2,gene,18028
IL17C,gene,18029
ZBTB25,gene,18030
NOP58,gene,18031
ZNF559-ZNF177,gene,18032
KIAA1328,gene,18033
RAPGEF3,gene,18034
USP17L20,gene,18035
NINJ2,gene,18036
CCL3,gene,18037
TTC38,gene,18038
TSC2,gene,18039
MRPL28,gene,18040
CBLL1,gene,18041
SMARCAD1,gene,18042
KPTN,gene,18043
H2AC15,gene,18044
CPE,gene,18045
DCAF15,gene,18046
HDAC1,gene,18047
RAB3GAP2,gene,18048
GPR78,gene,18049
CENPV,gene,18050
ANP32D,gene,18051
OR4F21,gene,18052
EXOC7,gene,18053
EIF1AY,gene,18054
COA6,gene,18055
HLA-DOB,gene,18056
CLDN34,gene,18057
ONECUT3,gene,18058
PTPRQ,gene,18059
IFNA2,gene,18060
BLTP1,gene,18061
ETNK2,gene,18062
INHBA,gene,18063
BCCIP,gene,18064
S1PR2,gene,18065
ARFGAP2,gene,18066
FOXN3,gene,18067
OR5D3P,gene,18068
PAQR7,gene,18069
UBE2E3,gene,18070
TSSK4,gene,18071
RGS1,gene,18072
RAB4A,gene,18073
CFAP58,gene,18074
MAPK11,gene,18075
MYL3,gene,18076
PTPN18,gene,18077
BAG5,gene,18078
CYB561D1,gene,18079
CLCN3,gene,18080
BLCAP,gene,18081
COX10,gene,18082
SNRPA,gene,18083
FCN1,gene,18084
THSD7B,gene,18085
ST7,gene,18086
FAM163B,gene,18087
USP7,gene,18088
IFI27,gene,18089
MTMR10,gene,18090
GALNS,gene,18091
CHCHD2,gene,18092
OR8H2,gene,18093
IL27,gene,18094
RALB,gene,18095
GPIHBP1,gene,18096
CATSPER3,gene,18097
KLHL3,gene,18098
PET117,gene,18099
ZFPL1,gene,18100
PTGDR,gene,18101
CACNB4,gene,18102
APOE,gene,18103
REV1,gene,18104
VRK1,gene,18105
TP53I11,gene,18106
MAD2L1,gene,18107
IFT56,gene,18108
ACTL9,gene,18109
PHF14,gene,18110
KRTAP25-1,gene,18111
IQSEC3,gene,18112
GJB6,gene,18113
TXNDC5,gene,18114
TPH2,gene,18115
PLPPR5,gene,18116
GNLY,gene,18117
PRDM13,gene,18118
SEC16B,gene,18119
AHCYL2,gene,18120
WNT9A,gene,18121
ABHD3,gene,18122
LYVE1,gene,18123
SRPK2,gene,18124
RNF144A,gene,18125
HYLS1,gene,18126
EPRS1,gene,18127
CIST1,gene,18128
SUV39H2,gene,18129
ICAM2,gene,18130
KRT37,gene,18131
HRURF,gene,18132
SPANXA2,gene,18133
GOLGA6L10,gene,18134
SPEF1,gene,18135
SLC25A3,gene,18136
C5AR1,gene,18137
DCAF4L2,gene,18138
ADM5,gene,18139
NDRG4,gene,18140
MAGEA4,gene,18141
COX7A2,gene,18142
TSTD1,gene,18143
SFXN3,gene,18144
TTYH1,gene,18145
VRK3,gene,18146
COX5B,gene,18147
TRDN,gene,18148
DNAJC4,gene,18149
LRRC61,gene,18150
MARCHF2,gene,18151
SLC1A5,gene,18152
LDHD,gene,18153
CTDSPL,gene,18154
CKLF-CMTM1,gene,18155
BAG2,gene,18156
TBC1D21,gene,18157
ATF7,gene,18158
METTL21A,gene,18159
CAND2,gene,18160
BUD31,gene,18161
MRPL14,gene,18162
COQ10A,gene,18163
OXSM,gene,18164
BRSK2,gene,18165
PITPNC1,gene,18166
DLGAP2,gene,18167
OGFRL1,gene,18168
LILRB1,gene,18169
TSPY3,gene,18170
CASP1,gene,18171
ARHGEF38,gene,18172
MYL6,gene,18173
ALKBH8,gene,18174
ZNF76,gene,18175
PRRX1,gene,18176
ARHGEF25,gene,18177
BMP4,gene,18178
MEF2A,gene,18179
TWSG1,gene,18180
AANAT,gene,18181
PSME2,gene,18182
OR8D1,gene,18183
UBXN8,gene,18184
CPLX3,gene,18185
LSM12,gene,18186
CHKB,gene,18187
TRMT9B,gene,18188
ETFDH,gene,18189
HTR1F,gene,18190
SPAG1,gene,18191
C11orf54,gene,18192
SIM1,gene,18193
FAM120AOS,gene,18194
TOPORS,gene,18195
RSAD2,gene,18196
PEX6,gene,18197
ARL4A,gene,18198
MBLAC1,gene,18199
FGFBP3,gene,18200
MPEG1,gene,18201
BMP5,gene,18202
UBTD1,gene,18203
GPD1,gene,18204
SUMF2,gene,18205
USF1,gene,18206
ZNF195,gene,18207
AMN1,gene,18208
NME1,gene,18209
DNAAF3,gene,18210
TNS1,gene,18211
RBM44,gene,18212
MSTN,gene,18213
HDC,gene,18214
YIPF3,gene,18215
SF3A3,gene,18216
MRPL1,gene,18217
CHSY1,gene,18218
NPL,gene,18219
PRRT3,gene,18220
SPZ1,gene,18221
PATJ,gene,18222
SLAMF9,gene,18223
BTK,gene,18224
BARX2,gene,18225
STX5,gene,18226
LHPP,gene,18227
POP5,gene,18228
KCTD10,gene,18229
TFF3,gene,18230
HOXA9,gene,18231
ATG9B,gene,18232
FAM13A,gene,18233
AQP7B,gene,18234
KIAA1210,gene,18235
CORT,gene,18236
NR2F2,gene,18237
INTS2,gene,18238
MUC12,gene,18239
ECT2L,gene,18240
CXorf65,gene,18241
ZNF566,gene,18242
ORC2,gene,18243
OR4F3,gene,18244
ANGPT2,gene,18245
CCDC61,gene,18246
PAPPA2,gene,18247
GPRASP3,gene,18248
FKBP4,gene,18249
SLC26A11,gene,18250
GREB1,gene,18251
SUN1,gene,18252
WDR13,gene,18253
NFYC,gene,18254
GLG1,gene,18255
CCDC116,gene,18256
ZNF547,gene,18257
IAH1,gene,18258
GTF2IRD2B,gene,18259
TMEM94,gene,18260
INO80E,gene,18261
CST9L,gene,18262
SOWAHD,gene,18263
TMEFF1,gene,18264
CENPN,gene,18265
PSG11,gene,18266
PNLIPRP3,gene,18267
LCE3D,gene,18268
NHEJ1,gene,18269
NRN1,gene,18270
HCST,gene,18271
MAP1LC3B,gene,18272
SHD,gene,18273
PLA2G2C,gene,18274
DOCK1,gene,18275
CRB1,gene,18276
SLC49A4,gene,18277
MOB3C,gene,18278
PFDN1,gene,18279
SAMHD1,gene,18280
BARD1,gene,18281
PTTG2,gene,18282
ABHD11,gene,18283
B3GNT3,gene,18284
ZNF615,gene,18285
RCHY1,gene,18286
PRR18,gene,18287
CUL5,gene,18288
DUSP10,gene,18289
MRPL19,gene,18290
RAB3C,gene,18291
RCAN3,gene,18292
EVX2,gene,18293
GPR158,gene,18294
PELI2,gene,18295
OTOR,gene,18296
TSGA10IP,gene,18297
KRTAP9-9,gene,18298
AKAP8,gene,18299
SNX8,gene,18300
CST8,gene,18301
NALF1,gene,18302
SULT1A1,gene,18303
SEPTIN7,gene,18304
HLA-DRA,gene,18305
DPYS,gene,18306
STIM2,gene,18307
NCOR2,gene,18308
UCK1,gene,18309
MRPL13,gene,18310
PPP1R14C,gene,18311
SERPINA10,gene,18312
SLC35G5,gene,18313
MISP3,gene,18314
PCNX1,gene,18315
CPPED1,gene,18316
TERF2,gene,18317
RTL10,gene,18318
BACE1,gene,18319
NPS,gene,18320
PIGK,gene,18321
RASL11A,gene,18322
CLMP,gene,18323
SPRED3,gene,18324
NODAL,gene,18325
GMFB,gene,18326
CLDN23,gene,18327
NBEA,gene,18328
ATP5MC1,gene,18329
H1-5,gene,18330
PAPSS1,gene,18331
LY6K,gene,18332
TRUB2,gene,18333
FAM222B,gene,18334
CLDN17,gene,18335
ZNF572,gene,18336
HOXD1,gene,18337
NANOGNB,gene,18338
RASGRP1,gene,18339
PANK1,gene,18340
RELL2,gene,18341
SLC22A2,gene,18342
RUFY4,gene,18343
DAG1,gene,18344
RPS18,gene,18345
PATE3,gene,18346
SEC31B,gene,18347
SYAP1,gene,18348
ARFGEF3,gene,18349
FCAMR,gene,18350
BPIFB4,gene,18351
ACAT1,gene,18352
TRAPPC8,gene,18353
CHRNB2,gene,18354
ABHD14A,gene,18355
FBXO3,gene,18356
BMS1,gene,18357
NKX2-8,gene,18358
FOXF1,gene,18359
GSG1L,gene,18360
LRP2,gene,18361
ANKRD37,gene,18362
SHPRH,gene,18363
CCDC146,gene,18364
ACER1,gene,18365
RALY,gene,18366
KPNA1,gene,18367
EIF2B3,gene,18368
NLRP12,gene,18369
ATXN7,gene,18370
SOX4,gene,18371
NECTIN1,gene,18372
PSMG4,gene,18373
C12orf75,gene,18374
GNGT2,gene,18375
BTC,gene,18376
DDX3Y,gene,18377
GABRA1,gene,18378
FNDC3A,gene,18379
FAM81A,gene,18380
CLCA2,gene,18381
PHC2,gene,18382
AKT2,gene,18383
FBXO42,gene,18384
TMEM37,gene,18385
NECTIN2,gene,18386
PPP2R2B,gene,18387
OAF,gene,18388
LRCH1,gene,18389
RPL5,gene,18390
HMBS,gene,18391
ACVRL1,gene,18392
CENPS-CORT,gene,18393
H4C7,gene,18394
DDR1,gene,18395
ETFRF1,gene,18396
HELLS,gene,18397
MBD4,gene,18398
TPRX2,gene,18399
PIAS2,gene,18400
CBX1,gene,18401
TENM1,gene,18402
MYBPHL,gene,18403
TYMP,gene,18404
ZNF267,gene,18405
TOP2B,gene,18406
SPR,gene,18407
CD207,gene,18408
ABCD4,gene,18409
STH,gene,18410
NOTUM,gene,18411
HSD17B13,gene,18412
TDRKH,gene,18413
UGT2B17,gene,18414
TTC9,gene,18415
ZNF382,gene,18416
UGT1A8,gene,18417
GRSF1,gene,18418
CCRL2,gene,18419
RDH10,gene,18420
CT47A6,gene,18421
CERS1,gene,18422
ETV3L,gene,18423
ELF4,gene,18424
PLXNA2,gene,18425
SELENOF,gene,18426
OR2A4,gene,18427
FRMPD4,gene,18428
COG3,gene,18429
TMTC2,gene,18430
CAVIN1,gene,18431
SLC1A3,gene,18432
SPRR1A,gene,18433
DNASE1L2,gene,18434
VASP,gene,18435
MMACHC,gene,18436
CHST4,gene,18437
PADI2,gene,18438
PPIAL4A,gene,18439
ELFN1,gene,18440
ABHD8,gene,18441
TRIM65,gene,18442
JARID2,gene,18443
OR8G5,gene,18444
CPED1,gene,18445
ADAM15,gene,18446
RPS10-NUDT3,gene,18447
PNLIP,gene,18448
FGF7,gene,18449
B3GNT9,gene,18450
FCRL3,gene,18451
ALPG,gene,18452
HABP4,gene,18453
ATF1,gene,18454
SYT10,gene,18455
SLC9A2,gene,18456
MAMLD1,gene,18457
CLNS1A,gene,18458
USP17L28,gene,18459
STK16,gene,18460
RPL35A,gene,18461
YTHDC1,gene,18462
KCNN2,gene,18463
EFNB1,gene,18464
KRTAP17-1,gene,18465
SBF2,gene,18466
U2AF1L4,gene,18467
ASIC4,gene,18468
TTC13,gene,18469
COL5A3,gene,18470
ONECUT1,gene,18471
RNF25,gene,18472
HOXD4,gene,18473
INSYN2B,gene,18474
ZBTB42,gene,18475
ZFP1,gene,18476
PMEPA1,gene,18477
PPARG,gene,18478
MGAM2,gene,18479
SPANXN4,gene,18480
IL12B,gene,18481
ABCC6,gene,18482
ACTRT2,gene,18483
GPAA1,gene,18484
METRNL,gene,18485
TPD52L1,gene,18486
STRA8,gene,18487
MSI2,gene,18488
TSPY4,gene,18489
SYT13,gene,18490
MED9,gene,18491
RNF19B,gene,18492
SDF2,gene,18493
SEC23A,gene,18494
FSD1,gene,18495
P4HTM,gene,18496
CHRNA2,gene,18497
INPP5F,gene,18498
SWI5,gene,18499
ITM2B,gene,18500
CRP,gene,18501
OR5B3,gene,18502
ZNF266,gene,18503
DHDH,gene,18504
CYCS,gene,18505
CLIC2,gene,18506
PCDHB15,gene,18507
TUNAR,gene,18508
H2AJ,gene,18509
SKP2,gene,18510
TNK1,gene,18511
SCG2,gene,18512
GPR26,gene,18513
WARS2,gene,18514
TEX47,gene,18515
VGLL1,gene,18516
IQGAP1,gene,18517
PYCARD,gene,18518
SMG8,gene,18519
MTMR7,gene,18520
CXXC4,gene,18521
ATXN7L3B,gene,18522
NPAS2,gene,18523
GRIK3,gene,18524
MGLL,gene,18525
IGSF22,gene,18526
LSM2,gene,18527
RAB21,gene,18528
AGTPBP1,gene,18529
TMPRSS13,gene,18530
DNAJC12,gene,18531
SLC35B1,gene,18532
RLIG1,gene,18533
SPTBN1,gene,18534
MPHOSPH10,gene,18535
TRIM11,gene,18536
CLDN11,gene,18537
SMG1,gene,18538
SMDT1,gene,18539
FAM172A,gene,18540
OR5H1,gene,18541
PDHA1,gene,18542
TIE1,gene,18543
RAB4B,gene,18544
CLDN3,gene,18545
ITGB1BP2,gene,18546
HOPX,gene,18547
LRTOMT,gene,18548
CAMLG,gene,18549
AXL,gene,18550
TMEM184A,gene,18551
PCCA,gene,18552
SLC41A2,gene,18553
PBDC1,gene,18554
DRD4,gene,18555
MAML3,gene,18556
CYRIB,gene,18557
CLCA4,gene,18558
TMEM161A,gene,18559
UQCRH,gene,18560
NR1D2,gene,18561
DENND4B,gene,18562
FOXF2,gene,18563
HLA-DPB1,gene,18564
SEMA5A,gene,18565
SH2B2,gene,18566
ANKRD65,gene,18567
TRAPPC9,gene,18568
CDYL2,gene,18569
TBC1D20,gene,18570
NECAP2,gene,18571
LRRN4,gene,18572
MAP2K4,gene,18573
CTNND2,gene,18574
EPC1,gene,18575
USP6,gene,18576
SPAG6,gene,18577
PRKN,gene,18578
CENPVL1,gene,18579
ITGB7,gene,18580
CHRNA3,gene,18581
GAS8,gene,18582
ALG13,gene,18583
ELOA2,gene,18584
STX16,gene,18585
HSPA13,gene,18586
RETNLB,gene,18587
RFPL4AL1,gene,18588
CA11,gene,18589
SEMA3E,gene,18590
ATP1A3,gene,18591
RASSF4,gene,18592
AK7,gene,18593
DNAJC6,gene,18594
PPP6C,gene,18595
SHPK,gene,18596
EEF1E1,gene,18597
NCR3LG1,gene,18598
TAF7,gene,18599
TBCEL,gene,18600
FMR1,gene,18601
B3GALT9,gene,18602
TSPAN33,gene,18603
PDCL2,gene,18604
MAGEH1,gene,18605
TTLL11,gene,18606
LILRB4,gene,18607
CACTIN,gene,18608
NACC2,gene,18609
RPRD2,gene,18610
PNMA2,gene,18611
CBY2,gene,18612
BBOX1,gene,18613
CCNT1,gene,18614
HNRNPF,gene,18615
ESX1,gene,18616
AASDH,gene,18617
GPR182,gene,18618
CTXN2,gene,18619
NOXO1,gene,18620
CDS2,gene,18621
STAU1,gene,18622
CLVS1,gene,18623
RAD51C,gene,18624
RAB13,gene,18625
ZNF581,gene,18626
DCTD,gene,18627
MAP7,gene,18628
TAF11L6,gene,18629
MRO,gene,18630
NFASC,gene,18631
FBXL6,gene,18632
HPR,gene,18633
RETSAT,gene,18634
SMIM15,gene,18635
PITX1,gene,18636
LIPA,gene,18637
EZH2,gene,18638
GNAL,gene,18639
STYXL2,gene,18640
RABGAP1,gene,18641
RBM8A,gene,18642
SNX29,gene,18643
C19orf73,gene,18644
SMPD3,gene,18645
CDK5RAP2,gene,18646
TTC1,gene,18647
NPIPA9,gene,18648
RFPL2,gene,18649
COPE,gene,18650
PSMG1,gene,18651
RIOX2,gene,18652
RFLNB,gene,18653
TDGF1,gene,18654
GALNT4,gene,18655
MAST3,gene,18656
PRR5-ARHGAP8,gene,18657
CIMIP4,gene,18658
PGPEP1L,gene,18659
MATN1,gene,18660
DYNLT1,gene,18661
OTC,gene,18662
MRGPRE,gene,18663
BTBD18,gene,18664
ZBTB12,gene,18665
STARD3NL,gene,18666
SHANK2,gene,18667
CYP17A1,gene,18668
FAM227B,gene,18669
ZNF787,gene,18670
PICK1,gene,18671
TFF1,gene,18672
LMOD3,gene,18673
ETFB,gene,18674
SMURF2,gene,18675
MED16,gene,18676
HSD17B12,gene,18677
EEF1B2,gene,18678
UNC93A,gene,18679
TMPRSS15,gene,18680
GCAT,gene,18681
DDX27,gene,18682
RTL1,gene,18683
SESN2,gene,18684
ECSCR,gene,18685
PRKRIP1,gene,18686
GALNTL5,gene,18687
SPACA7,gene,18688
NEIL1,gene,18689
F2RL1,gene,18690
ACTN2,gene,18691
GLOD5,gene,18692
LMAN1,gene,18693
TMEM253,gene,18694
CRTC2,gene,18695
SIKE1,gene,18696
ERMARD,gene,18697
HLA-DQA2,gene,18698
TSGA10,gene,18699
INO80C,gene,18700
GPATCH2,gene,18701
CRYBA1,gene,18702
TNFAIP8L1,gene,18703
FAM131C,gene,18704
RAPGEF5,gene,18705
NLE1,gene,18706
CA3,gene,18707
TIGD2,gene,18708
BRCA1,gene,18709
SPIN3,gene,18710
CA10,gene,18711
ONECUT2,gene,18712
POTEF,gene,18713
MRPS18A,gene,18714
TEX52,gene,18715
PRTN3,gene,18716
COL21A1,gene,18717
RRAS2,gene,18718
ZC3H11B,gene,18719
SLC35E1,gene,18720
CCDC106,gene,18721
SF1,gene,18722
RAB8B,gene,18723
WWTR1,gene,18724
ARL4C,gene,18725
SRPRB,gene,18726
OTULIN,gene,18727
DBNDD2,gene,18728
MED13,gene,18729
PLPPR1,gene,18730
ERI2,gene,18731
ADAMTS18,gene,18732
SYT17,gene,18733
C18orf63,gene,18734
ADAM12,gene,18735
SPON1,gene,18736
CYB5R2,gene,18737
ROMO1,gene,18738
PRR27,gene,18739
IMMT,gene,18740
RAB5IF,gene,18741
ACVR2A,gene,18742
PAX1,gene,18743
BEX4,gene,18744
PRKAR2A,gene,18745
TFF2,gene,18746
AIF1L,gene,18747
CCL13,gene,18748
COL6A5,gene,18749
C7orf33,gene,18750
C12orf56,gene,18751
LMBRD2,gene,18752
CDHR4,gene,18753
TIGIT,gene,18754
HIGD2B,gene,18755
LRP6,gene,18756
PIGBOS1,gene,18757
ZNF544,gene,18758
POLR2E,gene,18759
DUSP13A,gene,18760
PLCB1,gene,18761
SLC17A3,gene,18762
CYP26A1,gene,18763
RAB27A,gene,18764
VAT1L,gene,18765
C21orf58,gene,18766
HP1BP3,gene,18767
UNC13B,gene,18768
KIFBP,gene,18769
SMAD7,gene,18770
ENTPD2,gene,18771
VSIG8,gene,18772
FOXI3,gene,18773
TRIM61,gene,18774
SCGB3A2,gene,18775
NSA2,gene,18776
RPL39L,gene,18777
MPP7,gene,18778
RIC8A,gene,18779
ZNHIT6,gene,18780
FAM110B,gene,18781
IRS2,gene,18782
CPB2,gene,18783
CCZ1,gene,18784
PTGES3L-AARSD1,gene,18785
ZBTB44,gene,18786
IRAG2,gene,18787
GAR1,gene,18788
APPL1,gene,18789
SKIC2,gene,18790
KRI1,gene,18791
ADSS2,gene,18792
PATE4,gene,18793
JPH3,gene,18794
PYURF,gene,18795
RHOT1,gene,18796
ZNF225,gene,18797
CCDC3,gene,18798
ZW10,gene,18799
ABHD18,gene,18800
GAS7,gene,18801
GPR75,gene,18802
PHF2,gene,18803
MAP3K19,gene,18804
CRH,gene,18805
CT45A9,gene,18806
HLA-DQB2,gene,18807
RPS16,gene,18808
EDRF1,gene,18809
CFAP206,gene,18810
SMARCB1,gene,18811
NAT8L,gene,18812
RSL24D1,gene,18813
MRPL10,gene,18814
UNC13D,gene,18815
NAT9,gene,18816
MT-ND4,gene,18817
H2BN1,gene,18818
ZC3H11A,gene,18819
FHIT,gene,18820
POM121L12,gene,18821
HERPUD2,gene,18822
GLYATL1B,gene,18823
SMIM12,gene,18824
CCDC195,gene,18825
LRRC70,gene,18826
ARSK,gene,18827
CNIH1,gene,18828
CACNG7,gene,18829
H2AC11,gene,18830
MFSD2A,gene,18831
SOHLH1,gene,18832
BTBD16,gene,18833
R3HDM1,gene,18834
FABP6,gene,18835
CDK11B,gene,18836
GALNT10,gene,18837
UGP2,gene,18838
ELP3,gene,18839
SSU72L4,gene,18840
POMT2,gene,18841
GADD45GIP1,gene,18842
CTXND1,gene,18843
BICD2,gene,18844
CPNE1,gene,18845
EIF3E,gene,18846
PRAMEF27,gene,18847
SLC43A1,gene,18848
ZSCAN30,gene,18849
MC1R,gene,18850
ZNRF3,gene,18851
ZDHHC18,gene,18852
HOOK1,gene,18853
CLEC2D,gene,18854
RIPOR2,gene,18855
EPYC,gene,18856
IGDCC3,gene,18857
TEX35,gene,18858
NCKAP5,gene,18859
ARPC5L,gene,18860
NOVA1,gene,18861
XKR7,gene,18862
ACTL6B,gene,18863
FMN1,gene,18864
SCNN1G,gene,18865
ZNF217,gene,18866
EXD1,gene,18867
ZNF208,gene,18868
TATDN2,gene,18869
NFATC2,gene,18870
GGN,gene,18871
SLC22A31,gene,18872
SLC25A37,gene,18873
B4GALT4,gene,18874
GOLGA4,gene,18875
STAR,gene,18876
RANBP1,gene,18877
DUS4L,gene,18878
GOLGA8G,gene,18879
TMEM11,gene,18880
DENND5B,gene,18881
MITD1,gene,18882
FLG2,gene,18883
LYRM4,gene,18884
GABRA5,gene,18885
BMP8B,gene,18886
RNF145,gene,18887
C20orf96,gene,18888
FNTA,gene,18889
HECTD4,gene,18890
SLFNL1,gene,18891
MREG,gene,18892
TNC,gene,18893
RDH14,gene,18894
ANP32B,gene,18895
HMGN3,gene,18896
RPUSD1,gene,18897
NAAA,gene,18898
FAH,gene,18899
CD38,gene,18900
CTNNBIP1,gene,18901
RNF111,gene,18902
PGM5,gene,18903
LOXL3,gene,18904
SMIM40,gene,18905
TRIM31,gene,18906
KLHDC2,gene,18907
ADIPOR1,gene,18908
EMP2,gene,18909
KLRF2,gene,18910
FZD5,gene,18911
PSD,gene,18912
GPR42,gene,18913
ULK4,gene,18914
ZNF385D,gene,18915
TBC1D3E,gene,18916
OR51I1,gene,18917
CYP4F22,gene,18918
MAPK15,gene,18919
P2RX6,gene,18920
TM6SF1,gene,18921
ANKRD42,gene,18922
MAGEB3,gene,18923
TRIM49D2,gene,18924
HOXC6,gene,18925
ZNF277,gene,18926
CHPF,gene,18927
PLXNB3,gene,18928
TMEFF2,gene,18929
XKR3,gene,18930
PLCH1,gene,18931
TUSC2,gene,18932
CGNL1,gene,18933
SERPINB3,gene,18934
PCDHGA7,gene,18935
RHEBL1,gene,18936
HIRIP3,gene,18937
PGBD4,gene,18938
KCNG1,gene,18939
KCNB1,gene,18940
DEPTOR,gene,18941
CHCT1,gene,18942
COLEC11,gene,18943
NDUFB6,gene,18944
NPC1L1,gene,18945
CRYAA,gene,18946
RBM43,gene,18947
LIPJ,gene,18948
SRSF1,gene,18949
NAP1L1,gene,18950
BASP1,gene,18951
TTR,gene,18952
ZDHHC8,gene,18953
CRAMP1,gene,18954
C22orf42,gene,18955
MFSD13A,gene,18956
CNOT8,gene,18957
FAM241B,gene,18958
ALG1L2,gene,18959
PIAS4,gene,18960
CABLES2,gene,18961
MGMT,gene,18962
FAM90A9,gene,18963
WFDC2,gene,18964
TRABD,gene,18965
HS3ST4,gene,18966
PPARA,gene,18967
TSNAX,gene,18968
PTK2B,gene,18969
CD99L2,gene,18970
KDM4A,gene,18971
GPR143,gene,18972
CDCP2,gene,18973
APOBEC4,gene,18974
CIMAP3,gene,18975
SLC48A1,gene,18976
TMEM191B,gene,18977
TNFSF10,gene,18978
ANGEL1,gene,18979
DCK,gene,18980
NSD1,gene,18981
FYB1,gene,18982
INPP5B,gene,18983
LYRM2,gene,18984
MAP1LC3B2,gene,18985
TM9SF3,gene,18986
ABL1,gene,18987
RNF5,gene,18988
ANKIB1,gene,18989
PTMS,gene,18990
PCDHA13,gene,18991
EFCAB2,gene,18992
CDK6,gene,18993
NEUROD4,gene,18994
CCDC196,gene,18995
SPAST,gene,18996
GTSE1,gene,18997
NT5C1B-RDH14,gene,18998
TPD52L3,gene,18999
CNOT6,gene,19000
IPCEF1,gene,19001
TMEM30B,gene,19002
DAB2,gene,19003
ZIC3,gene,19004
RPS19,gene,19005
COMMD8,gene,19006
SCOC,gene,19007
MMS22L,gene,19008
HIPK4,gene,19009
HTT,gene,19010
PDHA2,gene,19011
AQP12A,gene,19012
HOXD9,gene,19013
MTO1,gene,19014
ALDH18A1,gene,19015
SUPT16H,gene,19016
SNAI2,gene,19017
DUS3L,gene,19018
HS3ST6,gene,19019
B4GALT3,gene,19020
DEFB127,gene,19021
NUP88,gene,19022
PIBF1,gene,19023
GARNL3,gene,19024
PATE1,gene,19025
POF1B,gene,19026
OR10A5,gene,19027
SLC25A18,gene,19028
CLIP4,gene,19029
MYRFL,gene,19030
CADM2,gene,19031
TWF1,gene,19032
TP53TG3E,gene,19033
HSD17B1,gene,19034
C4orf54,gene,19035
TMUB1,gene,19036
IRF1,gene,19037
TRIM29,gene,19038
TRMT1L,gene,19039
SYCE1,gene,19040
MEOX1,gene,19041
CIMAP1B,gene,19042
FAM131A,gene,19043
GINS2,gene,19044
OR1Q1,gene,19045
AUNIP,gene,19046
GPR83,gene,19047
NKAP,gene,19048
TXNDC2,gene,19049
HEXA,gene,19050
NHLRC1,gene,19051
DNMT3B,gene,19052
SLC17A5,gene,19053
DFFA,gene,19054
GABRA3,gene,19055
CFAP300,gene,19056
KLRG1,gene,19057
TM2D3,gene,19058
NFATC4,gene,19059
OGFR,gene,19060
TRMT10C,gene,19061
ATXN7L3,gene,19062
CD2BP2,gene,19063
MAOA,gene,19064
VSIG1,gene,19065
NPEPPS,gene,19066
KPNA3,gene,19067
SH3GL1,gene,19068
TBC1D22A,gene,19069
ZNF384,gene,19070
IL13,gene,19071
CLCNKA,gene,19072
ZNF322,gene,19073
MMP26,gene,19074
OR4M1,gene,19075
DHRSX,gene,19076
TIMM10,gene,19077
COX7B2,gene,19078
GRIA3,gene,19079
CDCA4,gene,19080
MCTP2,gene,19081
MRPL34,gene,19082
KITLG,gene,19083
FLII,gene,19084
NCMAP,gene,19085
MIA,gene,19086
COX20,gene,19087
RMI1,gene,19088
ARHGAP17,gene,19089
METTL24,gene,19090
DDX3X,gene,19091
PSMD6,gene,19092
OR5D13,gene,19093
CDK11A,gene,19094
LGALS14,gene,19095
AKR1C2,gene,19096
CD74,gene,19097
CSF2RA,gene,19098
CCDC179,gene,19099
TEX36,gene,19100
PLA2G2A,gene,19101
NCBP3,gene,19102
CTRB1,gene,19103
HEATR4,gene,19104
PALMD,gene,19105
MOXD1,gene,19106
CDCA7L,gene,19107
KIAA0040,gene,19108
TMA7,gene,19109
OTOA,gene,19110
PLSCR2,gene,19111
CPNE5,gene,19112
PLA2G1B,gene,19113
TUFT1,gene,19114
GCLM,gene,19115
FOXQ1,gene,19116
IFNA6,gene,19117
TBRG4,gene,19118
MANSC1,gene,19119
JUND,gene,19120
EPHX1,gene,19121
NAV3,gene,19122
PTGFR,gene,19123
PLEK2,gene,19124
TEKT5,gene,19125
ZFP92,gene,19126
AQP4,gene,19127
TFAP2B,gene,19128
KRT34,gene,19129
KCNIP1,gene,19130
BRD3,gene,19131
AGAP4,gene,19132
BSND,gene,19133
PLEKHO1,gene,19134
FAM98A,gene,19135
ALMS1,gene,19136
SYN1,gene,19137
PEX1,gene,19138
MOB3A,gene,19139
CSNK1G1,gene,19140
MYH10,gene,19141
RBBP8NL,gene,19142
BBOF1,gene,19143
CNNM1,gene,19144
TPMT,gene,19145
SLC38A3,gene,19146
MS4A14,gene,19147
RAD54L2,gene,19148
SPRY2,gene,19149
CCDC153,gene,19150
IGSF6,gene,19151
SPHK1,gene,19152
CHRNE,gene,19153
CCL17,gene,19154
ANKRD54,gene,19155
TMEM132D,gene,19156
VPS54,gene,19157
TARBP1,gene,19158
HSPBAP1,gene,19159
PPIP5K2,gene,19160
TIMM23,gene,19161
STYK1,gene,19162
ZNF740,gene,19163
CHST2,gene,19164
OR5B17,gene,19165
TAS2R8,gene,19166
CCDC9B,gene,19167
PRKAA2,gene,19168
DEFB110,gene,19169
KLRK1,gene,19170
VBP1,gene,19171
IVL,gene,19172
DHRS11,gene,19173
DOK5,gene,19174
PRDM4,gene,19175
MYOG,gene,19176
SACS,gene,19177
NUBP1,gene,19178
RAMP1,gene,19179
RAVER2,gene,19180
ATP11B,gene,19181
FBLN2,gene,19182
PGM3,gene,19183
GXYLT2,gene,19184
MAGI3,gene,19185
CLRN1,gene,19186
FANCE,gene,19187
PIDD1,gene,19188
ZC3H12A,gene,19189
RFX2,gene,19190
CGB1,gene,19191
CABP7,gene,19192
ZMYND8,gene,19193
PTPRA,gene,19194
DBI,gene,19195
GPR22,gene,19196
SFSWAP,gene,19197
OR2J2,gene,19198
PHB1,gene,19199
UQCR11,gene,19200
PHEX,gene,19201
COG6,gene,19202
MCIDAS,gene,19203
FEM1A,gene,19204
PRAMEF26,gene,19205
ATP6V1B2,gene,19206
PCSK9,gene,19207
NR2F1,gene,19208
ZNF221,gene,19209
PARPBP,gene,19210
RAPGEF6,gene,19211
C15orf39,gene,19212
PSMD7,gene,19213
DCTN5,gene,19214
COPG2,gene,19215
CHORDC1,gene,19216
HRH1,gene,19217
OR9A4,gene,19218
SEMA3C,gene,19219
TMX2,gene,19220
PPIAL4F,gene,19221
SBK1,gene,19222
PYDC5,gene,19223
KHDC3L,gene,19224
CLP1,gene,19225
BCL2L15,gene,19226
ARL5A,gene,19227
LRRN3,gene,19228
DIPK1C,gene,19229
BCDIN3D,gene,19230
MOB1B,gene,19231
CT45A5,gene,19232
ST6GALNAC3,gene,19233
SARDH,gene,19234
ZC3H12C,gene,19235
CARMIL3,gene,19236
CRYAB,gene,19237
MARK4,gene,19238
KLK4,gene,19239
RASEF,gene,19240
IQCF2,gene,19241
OIP5,gene,19242
KCNAB3,gene,19243
ABHD14A-ACY1,gene,19244
PARL,gene,19245
PPP3R2,gene,19246
PLEKHM3,gene,19247
SEC24A,gene,19248
DOCK4,gene,19249
PTP4A2,gene,19250
PRDM16,gene,19251
DHRS9,gene,19252
TM2D2,gene,19253
NARS2,gene,19254
TOP2A,gene,19255
CRYBB2,gene,19256
IFT20,gene,19257
SMIM7,gene,19258
DDC,gene,19259
ANKRD40,gene,19260
TBATA,gene,19261
SEPTIN6,gene,19262
TRIM6-TRIM34,gene,19263
ANXA10,gene,19264
PDLIM2,gene,19265
CCDC34,gene,19266
ZNF35,gene,19267
PTPRO,gene,19268
NFKB2,gene,19269
MECP2,gene,19270
TMTC3,gene,19271
SNRNP25,gene,19272
GPATCH8,gene,19273
COL4A1,gene,19274
SAE1,gene,19275
A2ML1,gene,19276
RILPL1,gene,19277
MYRF,gene,19278
KATNAL2,gene,19279
SLC22A3,gene,19280
NCAPD2,gene,19281
PSMD3,gene,19282
CALHM2,gene,19283
CETP,gene,19284
DEK,gene,19285
ATAD2,gene,19286
JPH2,gene,19287
GRK7,gene,19288
C1QTNF1,gene,19289
RASA2,gene,19290
PBOV1,gene,19291
ZNF708,gene,19292
CLCN2,gene,19293
UBAP1,gene,19294
PLA1A,gene,19295
STPG2,gene,19296
LRP5,gene,19297
BDH1,gene,19298
CAPN3,gene,19299
AP1M2,gene,19300
GRAMD1B,gene,19301
CCDC144A,gene,19302
CYP2S1,gene,19303
B3GNT8,gene,19304
DNAH2,gene,19305
WNT5B,gene,19306
CSTF3,gene,19307
ETDC,gene,19308
ABCA10,gene,19309
SRI,gene,19310
DNAJC15,gene,19311
WBP2NL,gene,19312
SH3GLB1,gene,19313
DKK1,gene,19314
GVQW3,gene,19315
LGALS9B,gene,19316
PCDHA9,gene,19317
EIF4A2,gene,19318
KRT35,gene,19319
H2BC12,gene,19320
TXNDC8,gene,19321
ASCL2,gene,19322
ACTC1,gene,19323
TBX20,gene,19324
CLK1,gene,19325
LIPI,gene,19326
CATSPER4,gene,19327
TMEM154,gene,19328
RGS14,gene,19329
DFFB,gene,19330
TAF11,gene,19331
COL9A1,gene,19332
MYCBP2,gene,19333
ZGLP1,gene,19334
SNX25,gene,19335
CDR2L,gene,19336
HAPLN1,gene,19337
lung squamous cell carcinoma,disease,19338
colon adenocarcinoma,disease,19339
gastric cancer,disease,19340
lung adenocarcinoma,disease,19341
bladder urothelial carcinoma,disease,19342
diffuse large b-cell lymphoma,disease,19343
mesothelioma,disease,19344
sarcoma,disease,19345
skin melanoma,disease,19346
brain glioblastoma,disease,19347
prostate cancer,disease,19348
kidney renal cell carcinoma,disease,19349
brain glioblastoma cancer,disease,19350
breast invasive carcinoma,disease,19351
ovarian cancer,disease,19352
prostate,tissue,19353
bladder,tissue,19354
lymph nodes,tissue,19355
breast,tissue,19356
ovarian,tissue,19357
kidney,tissue,19358
lung,tissue,19359
soft tissue,tissue,19360
mesothelium,tissue,19361
colon,tissue,19362
brain,tissue,19363
skin,tissue,19364
stomach,tissue,19365
<PAD>,special,19366
<MASK>,special,19367
